player_key,player_id,player_name,competition,role,seasons,first_season,last_season,bat_innings,runs,balls,fours,sixes,bat_pp_runs,bat_pp_balls,bat_mid_runs,bat_mid_balls,bat_death_runs,bat_death_balls,sample,strike_rate,runs_per_innings,boundary_pct,bat_pp_sr,bat_mid_sr,bat_death_sr,bowl_innings,runs_conceded,balls_bowled,wickets,bowl_pp_runs,bowl_pp_balls,bowl_mid_runs,bowl_mid_balls,bowl_death_runs,bowl_death_balls,wides,noballs,economy,bowling_sr,wickets_per_innings,wide_rate,noball_rate,bowl_pp_economy,bowl_mid_economy,bowl_death_economy,min_sample,impact_raw,impact_reliability,impact_score,impact_percentile,cluster,profile_type,domestic_player_key,closest_ipl_player,closest_ipl_profile_type,closest_ipl_impact_percentile,similarity_score,distance,sample_percentile,similarity_percentile,scouting_score,scouting_reason
26d76ad9,26d76ad9,Virat Singh,SMA,bat,4,2016,2021,36.0,1236.0,948.0,112.0,40.0,333.0,292.0,605.0,503.0,298.0,153.0,36.0,130.37974683544306,34.333333333333336,16.033755274261605,114.04109589041096,120.27833001988071,194.77124183006535,,,,,,,,,,,,,,,,,,,,,15,0.8799142380915306,0.782608695652174,0.6886285341585892,86.38297872340426,2,Run-accumulation profile,26d76ad9,MEK Hussey,Run-accumulation profile,78.57142857142857,70.84201864992299,0.41159162183344555,96.71052631578947,83.55263157894737,87.22452407614783,"Run-accumulation profile; SR 130.4, RPI 34.3, boundary% 16.0; closest IPL comp: MEK Hussey"
a446c7be,a446c7be,Vivek Singh,SMA,bat,6,2016,2023,42.0,1056.0,775.0,102.0,49.0,595.0,428.0,326.0,262.0,135.0,85.0,42.0,136.25806451612902,25.142857142857142,19.483870967741936,139.01869158878503,124.42748091603053,158.8235294117647,,,,,,,,,,,,,,,,,,,,,15,0.6622946852878684,0.8076923076923077,0.5349303227325091,80.85106382978722,2,Run-accumulation profile,a446c7be,E Lewis,Run-accumulation profile,75.14285714285714,72.53598439552641,0.37862608239680007,99.3421052631579,90.78947368421053,86.10932250839865,"Run-accumulation profile; SR 136.3, RPI 25.1, boundary% 19.5; closest IPL comp: E Lewis"
ebf25cf2,ebf25cf2,Priyank Panchal,SMA,bat,6,2016,2023,35.0,968.0,751.0,101.0,27.0,542.0,416.0,363.0,302.0,63.0,33.0,35.0,128.8948069241012,27.65714285714286,17.0439414114514,130.28846153846155,120.19867549668875,190.9090909090909,,,,,,,,,,,,,,,,,,,,,15,0.5257309963844126,0.7777777777777778,0.40890188607676525,77.02127659574468,2,Run-accumulation profile,ebf25cf2,RG Sharma,Run-accumulation profile,78.85714285714286,72.65399026319591,0.37638689406790465,94.73684210526315,91.44736842105263,83.28513437849944,"Run-accumulation profile; SR 128.9, RPI 27.7, boundary% 17.0; closest IPL comp: RG Sharma"
673314ef,673314ef,Rohan Kadam,SMA,bat,2,2019,2021,25.0,995.0,761.0,112.0,27.0,438.0,362.0,448.0,342.0,109.0,57.0,25.0,130.74901445466492,39.8,18.265440210249672,120.99447513812154,130.99415204678363,191.2280701754386,,,,,,,,,,,,,,,,,,,,,15,1.3063471456844624,0.7142857142857143,0.9331051040603302,95.74468085106383,2,Run-accumulation profile,673314ef,KL Rahul,Run-accumulation profile,96.0,64.21474194443299,0.5572748090544866,68.0921052631579,60.526315789473685,82.7922032474804,"Run-accumulation profile; SR 130.7, RPI 39.8, boundary% 18.3; closest IPL comp: KL Rahul"
0494fa6e,0494fa6e,Vishnu Vinod,SMA,bat,5,2018,2023,27.0,768.0,532.0,62.0,39.0,376.0,258.0,253.0,195.0,139.0,79.0,27.0,144.36090225563908,28.444444444444443,18.984962406015036,145.73643410852713,129.74358974358975,175.9493670886076,,,,,,,,,,,,,,,,,,,,,15,0.9920127205825442,0.7297297297297297,0.7239011744791537,88.08510638297872,2,Run-accumulation profile,0494fa6e,A Raghuvanshi,Run-accumulation profile,86.57142857142858,65.5560430374091,0.5254123855970942,75.98684210526315,67.10526315789474,81.0254059350504,"Run-accumulation profile; SR 144.4, RPI 28.4, boundary% 19.0; closest IPL comp: A Raghuvanshi"
acc1aeda,acc1aeda,SP Jackson,SMA,bat,6,2016,2023,37.0,1069.0,822.0,94.0,47.0,216.0,220.0,559.0,426.0,294.0,176.0,37.0,130.04866180048663,28.89189189189189,17.153284671532848,98.18181818181819,131.2206572769953,167.04545454545453,,,,,,,,,,,,,,,,,,,,,15,0.6246030923872562,0.7872340425531915,0.4917088174112442,80.0,2,Run-accumulation profile,acc1aeda,KS Williamson,Run-accumulation profile,70.28571428571428,64.79782509516113,0.5432616735691589,98.02631578947368,64.47368421052632,78.82236842105263,"Run-accumulation profile; SR 130.0, RPI 28.9, boundary% 17.2; closest IPL comp: KS Williamson"
1399b39c,1399b39c,Anmolpreet Singh,SMA,bat,5,2018,2023,33.0,954.0,678.0,85.0,37.0,201.0,177.0,498.0,384.0,255.0,117.0,33.0,140.7079646017699,28.90909090909091,17.99410029498525,113.55932203389831,129.6875,217.94871794871793,,,,,,,,,,,,,,,,,,,,,15,0.8914893090644584,0.7674418604651163,0.684166213933189,85.95744680851064,2,Run-accumulation profile,1399b39c,Q de Kock,Run-accumulation profile,85.42857142857143,61.92871899350711,0.6147597047903486,90.78947368421053,52.63157894736842,78.35078387458006,"Run-accumulation profile; SR 140.7, RPI 28.9, boundary% 18.0; closest IPL comp: Q de Kock"
663b5e34,663b5e34,PN Mankad,SMA,bat,6,2016,2024,29.0,681.0,478.0,68.0,24.0,80.0,57.0,382.0,300.0,219.0,121.0,29.0,142.46861924686192,23.482758620689655,19.246861924686193,140.35087719298244,127.33333333333334,180.99173553719007,,,,,,,,,,,,,,,,,,,,,15,0.6876070554262865,0.7435897435897436,0.5112975540349309,80.42553191489363,2,Run-accumulation profile,663b5e34,MP Stoinis,Run-accumulation profile,78.28571428571428,66.0816442374349,0.5132795370631915,81.25,71.05263157894737,78.20597704367302,"Run-accumulation profile; SR 142.5, RPI 23.5, boundary% 19.2; closest IPL comp: MP Stoinis"
34819e70,34819e70,Samarth Vyas,SMA,bat,4,2019,2023,22.0,512.0,352.0,45.0,30.0,162.0,117.0,270.0,191.0,80.0,44.0,22.0,145.45454545454547,23.272727272727273,21.306818181818183,138.46153846153845,141.36125654450262,181.8181818181818,,,,,,,,,,,,,,,,,,,,,15,0.8422885029985366,0.6875,0.5790733458114938,82.12765957446808,2,Run-accumulation profile,34819e70,Abishek Porel,Run-accumulation profile,77.71428571428571,70.21460884403699,0.4242050428867774,55.5921052631579,81.57894736842105,78.01014837625979,"Run-accumulation profile; SR 145.5, RPI 23.3, boundary% 21.3; closest IPL comp: Abishek Porel"
f079e8fe,f079e8fe,Jay Bista,SMA,bat,3,2018,2021,26.0,820.0,589.0,98.0,25.0,516.0,378.0,251.0,188.0,53.0,23.0,26.0,139.21901528013584,31.53846153846154,20.882852292020374,136.5079365079365,133.51063829787233,230.43478260869566,,,,,,,,,,,,,,,,,,,,,15,1.1531427781397443,0.7222222222222222,0.832825339767593,92.34042553191489,2,Run-accumulation profile,f079e8fe,HM Amla,Run-accumulation profile,87.14285714285714,60.49207478584354,0.6531091114666506,71.71052631578947,46.71052631578947,77.83846584546473,"Run-accumulation profile; SR 139.2, RPI 31.5, boundary% 20.9; closest IPL comp: HM Amla"
62e07f92,62e07f92,KH Devdhar,SMA,bat,4,2016,2021,45.0,1432.0,1175.0,165.0,31.0,777.0,660.0,499.0,430.0,156.0,85.0,45.0,121.87234042553192,31.822222222222223,16.680851063829788,117.72727272727272,116.04651162790698,183.52941176470588,,,,,,,,,,,,,,,,,,,,,15,0.5934579914779864,0.8181818181818182,0.4855565384819888,79.57446808510639,2,Run-accumulation profile,62e07f92,MEK Hussey,Run-accumulation profile,78.57142857142857,64.18217826108243,0.558064913179117,100.0,59.86842105263158,77.71178611422172,"Run-accumulation profile; SR 121.9, RPI 31.8, boundary% 16.7; closest IPL comp: MEK Hussey"
adf454e9,adf454e9,Rahul Singh,SMA,bat,4,2018,2023,24.0,613.0,407.0,66.0,22.0,260.0,160.0,275.0,207.0,78.0,40.0,24.0,150.61425061425064,25.541666666666668,21.62162162162162,162.5,132.8502415458937,195.0,,,,,,,,,,,,,,,,,,,,,15,1.0934544624491696,0.7058823529411765,0.771850208787649,89.7872340425532,2,Run-accumulation profile,adf454e9,C Green,Run-accumulation profile,86.28571428571429,61.47913889769068,0.6265680000237651,64.47368421052632,50.6578947368421,76.20786674132138,"Run-accumulation profile; SR 150.6, RPI 25.5, boundary% 21.6; closest IPL comp: C Green"
e6e9b619,e6e9b619,Tanmay Agarwal,SMA,bat,6,2016,2023,36.0,925.0,747.0,96.0,22.0,569.0,477.0,311.0,246.0,45.0,24.0,36.0,123.82864792503348,25.694444444444443,15.796519410977242,119.28721174004193,126.42276422764228,187.5,,,,,,,,,,,,,,,,,,,,,15,0.246674615047937,0.782608695652174,0.19304969873316805,62.5531914893617,2,Run-accumulation profile,e6e9b619,M Vijay,Run-accumulation profile,61.42857142857143,73.3637788853213,0.36307046228241807,96.71052631578947,94.07894736842105,75.55823068309071,"Run-accumulation profile; SR 123.8, RPI 25.7, boundary% 15.8; closest IPL comp: M Vijay"
b63e358a,b63e358a,RK Bhui,SMA,bat,5,2018,2023,28.0,926.0,600.0,52.0,62.0,78.0,88.0,470.0,353.0,378.0,159.0,28.0,154.33333333333331,33.07142857142857,19.0,88.63636363636364,133.1444759206799,237.73584905660377,,,,,,,,,,,,,,,,,,,,,15,1.4610834400884478,0.7368421052631579,1.0765877979599088,98.29787234042553,2,Run-accumulation profile,b63e358a,AB de Villiers,Run-accumulation profile,94.0,51.02435686067576,0.959848318579583,78.94736842105263,13.815789473684212,74.27477603583426,"Run-accumulation profile; SR 154.3, RPI 33.1, boundary% 19.0; closest IPL comp: AB de Villiers"
c6272773,c6272773,Shivam Chauhan,SMA,bat,3,2018,2021,22.0,627.0,509.0,69.0,12.0,162.0,134.0,400.0,326.0,65.0,49.0,22.0,123.1827111984283,28.5,15.913555992141454,120.89552238805969,122.69938650306749,132.6530612244898,,,,,,,,,,,,,,,,,,,,,15,0.3961761307114715,0.6875,0.2723710898641366,67.65957446808511,3,Balanced batting profile,c6272773,G Gambhir,Run-accumulation profile,72.28571428571429,75.12647499861318,0.3310886741570929,55.5921052631579,95.39473684210526,72.78324468085107,"Balanced batting profile; SR 123.2, RPI 28.5, boundary% 15.9; closest IPL comp: G Gambhir"
28c78fb3,28c78fb3,Harpreet Singh,SMA,bat,7,2016,2024,34.0,1181.0,899.0,102.0,42.0,222.0,230.0,691.0,548.0,268.0,121.0,34.0,131.36818687430477,34.73529411764706,16.017797552836484,96.52173913043478,126.09489051094891,221.48760330578514,,,,,,,,,,,,,,,,,,,,,15,0.9223544717567459,0.7727272727272727,0.7127284554483945,87.2340425531915,2,Run-accumulation profile,28c78fb3,MEK Hussey,Run-accumulation profile,78.57142857142857,52.90038829711898,0.8903452927101883,92.76315789473685,20.394736842105264,71.35358342665174,"Run-accumulation profile; SR 131.4, RPI 34.7, boundary% 16.0; closest IPL comp: MEK Hussey"
5708d0b6,5708d0b6,AV Wankhade,SMA,bat,6,2016,2024,32.0,835.0,612.0,45.0,40.0,18.0,21.0,371.0,324.0,446.0,267.0,32.0,136.43790849673204,26.09375,13.88888888888889,85.71428571428571,114.50617283950618,167.04119850187266,,,,,,,,,,,,,,,,,,,,,15,0.43733064606392924,0.7619047619047619,0.33320430176299365,71.06382978723404,3,Balanced batting profile,5708d0b6,A Symonds,Balanced batting profile,68.85714285714286,63.287964428249055,0.5800792599890328,87.5,56.57894736842105,69.90803471444568,"Balanced batting profile; SR 136.4, RPI 26.1, boundary% 13.9; closest IPL comp: A Symonds"
f9f21866,f9f21866,Pratham Singh,SMA,bat,4,2019,2023,32.0,877.0,686.0,91.0,25.0,443.0,384.0,355.0,263.0,79.0,39.0,32.0,127.84256559766764,27.40625,16.909620991253643,115.36458333333333,134.9809885931559,202.56410256410254,,,,,,,,,,,,,,,,,,,,,15,0.48284026022622384,0.7619047619047619,0.3678782935056943,72.76595744680851,2,Run-accumulation profile,f9f21866,SS Iyer,Run-accumulation profile,83.71428571428572,61.65822435846352,0.6218436557405257,87.5,51.31578947368421,69.61352183650615,"Run-accumulation profile; SR 127.8, RPI 27.4, boundary% 16.9; closest IPL comp: SS Iyer"
dded65e7,dded65e7,IR Jaggi,SMA,bat,4,2016,2021,19.0,596.0,418.0,68.0,14.0,113.0,92.0,355.0,235.0,128.0,91.0,19.0,142.58373205741626,31.36842105263158,19.617224880382775,122.82608695652173,151.06382978723406,140.65934065934067,,,,,,,,,,,,,,,,,,,,,15,1.1503919324473184,0.6551724137931034,0.7537050591896223,89.36170212765957,2,Run-accumulation profile,dded65e7,DR Smith,Run-accumulation profile,84.0,59.94597494525847,0.6681687151025252,33.55263157894737,43.42105263157895,69.50517917133259,"Run-accumulation profile; SR 142.6, RPI 31.4, boundary% 19.6; closest IPL comp: DR Smith"
9c20688d,9c20688d,Shashank Chandrakar,SMA,bat,4,2018,2023,27.0,614.0,450.0,60.0,25.0,392.0,293.0,204.0,142.0,18.0,15.0,27.0,136.44444444444443,22.74074074074074,18.88888888888889,133.78839590443684,143.66197183098592,120.0,,,,,,,,,,,,,,,,,,,,,15,0.5016640858743359,0.7297297297297297,0.366079197800191,72.3404255319149,2,Run-accumulation profile,9c20688d,JR Hopes,Run-accumulation profile,66.57142857142857,63.37146361030689,0.5779973240784635,75.98684210526315,57.23684210526315,69.1114921612542,"Run-accumulation profile; SR 136.4, RPI 22.7, boundary% 18.9; closest IPL comp: JR Hopes"
b11d8647,b11d8647,Ashwin Hebbar,SMA,bat,6,2016,2023,35.0,934.0,734.0,95.0,34.0,539.0,398.0,355.0,316.0,40.0,20.0,35.0,127.24795640326975,26.685714285714287,17.574931880108995,135.42713567839195,112.34177215189874,200.0,,,,,,,,,,,,,,,,,,,,,15,0.46354356426786136,0.7777777777777778,0.3605338833194477,71.48936170212767,2,Run-accumulation profile,b11d8647,RG Sharma,Run-accumulation profile,78.85714285714286,60.173872587739886,0.6618508282675242,94.73684210526315,44.73684210526316,68.28835386338186,"Run-accumulation profile; SR 127.2, RPI 26.7, boundary% 17.6; closest IPL comp: RG Sharma"
cf59b3f0,cf59b3f0,Urvil Patel,SMA,bat,5,2018,2023,31.0,611.0,401.0,84.0,16.0,416.0,261.0,185.0,130.0,10.0,10.0,31.0,152.36907730673317,19.70967741935484,24.93765586034913,159.3869731800766,142.30769230769232,100.0,,,,,,,,,,,,,,,,,,,,,15,0.9707208698068457,0.7560975609756098,0.7339596820490784,88.51063829787233,0,High-impact batting profile,cf59b3f0,PP Shaw,High-impact batting profile,88.28571428571429,43.25141064109164,1.312063318115075,84.53947368421053,5.921052631578947,67.26756718924972,"High-impact batting profile; SR 152.4, RPI 19.7, boundary% 24.9; closest IPL comp: PP Shaw"
74bace71,74bace71,Hiten Dalal,SMA,bat,3,2019,2022,23.0,516.0,363.0,50.0,32.0,315.0,245.0,201.0,118.0,0.0,0.0,23.0,142.1487603305785,22.434782608695652,22.58953168044077,128.57142857142858,170.33898305084745,,,,,,,,,,,,,,,,,,,,,,15,0.7906756244956619,0.696969696969697,0.5510769504060673,81.27659574468085,2,Run-accumulation profile,74bace71,ST Jayasuriya,Run-accumulation profile,84.57142857142857,57.876705476529715,0.727810855449473,59.86842105263158,36.18421052631579,66.79227323628218,"Run-accumulation profile; SR 142.1, RPI 22.4, boundary% 22.6; closest IPL comp: ST Jayasuriya"
10b58586,10b58586,AR Easwaran,SMA,bat,3,2019,2023,20.0,569.0,439.0,48.0,15.0,163.0,140.0,333.0,253.0,73.0,46.0,20.0,129.6127562642369,28.45,14.350797266514807,116.42857142857143,131.62055335968378,158.69565217391303,,,,,,,,,,,,,,,,,,,,,15,0.44945838461470766,0.6666666666666666,0.2996389230764717,68.93617021276596,2,Run-accumulation profile,10b58586,KS Williamson,Run-accumulation profile,70.28571428571428,66.2411920203698,0.5096346691534331,41.118421052631575,73.02631578947368,65.78604423292273,"Run-accumulation profile; SR 129.6, RPI 28.4, boundary% 14.4; closest IPL comp: KS Williamson"
310bddc0,310bddc0,Punit Bisht,SMA,bat,2,2019,2021,20.0,487.0,305.0,52.0,23.0,143.0,109.0,208.0,143.0,136.0,53.0,20.0,159.67213114754097,24.35,24.59016393442623,131.1926605504587,145.45454545454547,256.60377358490564,,,,,,,,,,,,,,,,,,,,,15,1.3662850373166724,0.6666666666666666,0.9108566915444481,95.31914893617022,2,Run-accumulation profile,310bddc0,R Ravindra,Run-accumulation profile,72.0,44.19282918103716,1.2628105476195517,41.118421052631575,9.210526315789473,65.66188409854423,"Run-accumulation profile; SR 159.7, RPI 24.4, boundary% 24.6; closest IPL comp: R Ravindra"
ccc04a61,ccc04a61,Rajat Dey,SMA,bat,5,2016,2023,21.0,488.0,357.0,29.0,25.0,60.0,49.0,224.0,189.0,204.0,119.0,21.0,136.69467787114846,23.238095238095237,15.126050420168067,122.44897959183673,118.5185185185185,171.42857142857142,,,,,,,,,,,,,,,,,,,,,15,0.34511573843317866,0.6774193548387096,0.23378808087408867,66.80851063829788,2,Run-accumulation profile,ccc04a61,BA Stokes,Run-accumulation profile,63.142857142857146,66.18411799344423,0.5109365060950928,49.34210526315789,72.36842105263158,65.5785274356103,"Run-accumulation profile; SR 136.7, RPI 23.2, boundary% 15.1; closest IPL comp: BA Stokes"
f7ce1f24,f7ce1f24,Ravi Chauhan,SMA,bat,3,2018,2021,22.0,739.0,617.0,80.0,11.0,362.0,298.0,326.0,286.0,51.0,33.0,22.0,119.77309562398703,33.59090909090909,14.748784440842789,121.47651006711409,113.98601398601397,154.54545454545453,,,,,,,,,,,,,,,,,,,,,15,0.5511234678896988,0.6875,0.37889738417416785,74.04255319148936,2,Run-accumulation profile,f7ce1f24,SR Tendulkar,Run-accumulation profile,72.85714285714285,61.21862541057856,0.6334897970891066,55.5921052631579,50.0,65.26434770436731,"Run-accumulation profile; SR 119.8, RPI 33.6, boundary% 14.7; closest IPL comp: SR Tendulkar"
e793a8ed,e793a8ed,Chaitanya Bishnoi,SMA,bat,5,2016,2022,32.0,755.0,643.0,78.0,17.0,373.0,324.0,329.0,282.0,53.0,37.0,32.0,117.41835147744946,23.59375,14.774494556765164,115.12345679012346,116.66666666666667,143.24324324324326,,,,,,,,,,,,,,,,,,,,,15,-0.056939819554962745,0.7619047619047619,-0.04338271966092406,45.53191489361702,3,Balanced batting profile,e793a8ed,MK Pandey,Balanced batting profile,58.57142857142858,75.17855070500721,0.33016663745473845,87.5,96.05263157894737,64.45730683090706,"Balanced batting profile; SR 117.4, RPI 23.6, boundary% 14.8; closest IPL comp: MK Pandey"
8998a68f,8998a68f,Sumit Kumar,SMA,bat,4,2019,2023,27.0,422.0,311.0,37.0,19.0,34.0,26.0,151.0,138.0,237.0,147.0,27.0,135.69131832797427,15.62962962962963,18.006430868167204,130.76923076923077,109.42028985507247,161.22448979591837,,,,,,,,,,,,,,,,,,,,,15,0.04307367442510336,0.7297297297297297,0.031432140796696977,52.34042553191489,3,Balanced batting profile,8998a68f,Washington Sundar,Balanced batting profile,50.57142857142857,71.19430622054253,0.4046067067529879,75.98684210526315,86.18421052631578,64.34833426651736,"Balanced batting profile; SR 135.7, RPI 15.6, boundary% 18.0; closest IPL comp: Washington Sundar"
bc6d8229,bc6d8229,Kumar Deobrat,SMA,bat,4,2016,2021,28.0,474.0,367.0,43.0,23.0,89.0,80.0,195.0,166.0,190.0,121.0,28.0,129.15531335149865,16.928571428571427,17.983651226158038,111.25,117.46987951807229,157.02479338842977,,,,,,,,,,,,,,,,,,,,,15,-0.022387490414188596,0.7368421052631579,-0.016496045568349556,48.08510638297872,3,Balanced batting profile,bc6d8229,KH Pandya,Balanced batting profile,53.714285714285715,72.47169225100157,0.3798491092722896,78.94736842105263,89.47368421052632,63.0615901455767,"Balanced batting profile; SR 129.2, RPI 16.9, boundary% 18.0; closest IPL comp: KH Pandya"
3d8348d0,3d8348d0,Sibsankar Roy,SMA,bat,4,2016,2023,20.0,528.0,423.0,58.0,11.0,194.0,175.0,285.0,212.0,49.0,36.0,20.0,124.822695035461,26.4,16.312056737588655,110.85714285714286,134.43396226415095,136.11111111111111,,,,,,,,,,,,,,,,,,,,,15,0.33302628753812274,0.6666666666666666,0.22201752502541508,64.68085106382979,3,Balanced batting profile,3d8348d0,G Gambhir,Run-accumulation profile,72.28571428571429,65.62427880149767,0.523826270190078,41.118421052631575,68.42105263157895,62.081536954087355,"Balanced batting profile; SR 124.8, RPI 26.4, boundary% 16.3; closest IPL comp: G Gambhir"
ebcfef83,ebcfef83,Himmat Singh,SMA,bat,6,2018,2024,33.0,599.0,472.0,48.0,26.0,85.0,63.0,296.0,275.0,218.0,134.0,33.0,126.90677966101696,18.151515151515152,15.677966101694915,134.92063492063494,107.63636363636364,162.6865671641791,,,,,,,,,,,,,,,,,,,,,15,-0.11725299118222969,0.7674418604651163,-0.08998485369799028,41.702127659574465,3,Balanced batting profile,ebcfef83,WP Saha,Balanced batting profile,59.14285714285714,73.13212193046851,0.3673881922238839,90.78947368421053,93.42105263157895,61.994960806270996,"Balanced batting profile; SR 126.9, RPI 18.2, boundary% 15.7; closest IPL comp: WP Saha"
6c6cc94c,6c6cc94c,Amandeep Khare,SMA,bat,5,2018,2023,28.0,758.0,654.0,54.0,23.0,161.0,177.0,356.0,341.0,241.0,136.0,28.0,115.90214067278288,27.071428571428573,11.773700305810397,90.96045197740112,104.39882697947213,177.20588235294116,,,,,,,,,,,,,,,,,,,,,15,-0.04518652795261202,0.7368421052631579,-0.03329533638613524,46.38297872340426,3,Balanced batting profile,6c6cc94c,RS Bopara,Balanced batting profile,48.57142857142857,71.95642821564122,0.3897299029395531,78.94736842105263,88.1578947368421,61.711366181410966,"Balanced batting profile; SR 115.9, RPI 27.1, boundary% 11.8; closest IPL comp: RS Bopara"
9d3940b3,9d3940b3,Himanshu Rana,SMA,bat,5,2016,2023,32.0,808.0,658.0,93.0,19.0,320.0,275.0,398.0,337.0,90.0,46.0,32.0,122.79635258358664,25.25,17.02127659574468,116.36363636363636,118.10089020771512,195.65217391304347,,,,,,,,,,,,,,,,,,,,,15,0.2618609646367791,0.7619047619047619,0.19951311591373638,63.40425531914894,2,Run-accumulation profile,9d3940b3,RG Sharma,Run-accumulation profile,78.85714285714286,59.458630169602124,0.6818416387117578,87.5,42.10526315789473,61.693868980963046,"Run-accumulation profile; SR 122.8, RPI 25.2, boundary% 17.0; closest IPL comp: RG Sharma"
3bc10d5b,3bc10d5b,Pankaj Jaswal,SMA,bat,5,2016,2022,21.0,191.0,110.0,8.0,17.0,0.0,0.0,22.0,22.0,169.0,88.0,21.0,173.63636363636363,9.095238095238095,22.727272727272727,,100.0,192.04545454545453,,,,,,,,,,,,,,,,,,,,,15,0.7107727010545163,0.6774193548387096,0.4814911845853174,78.72340425531915,2,Run-accumulation profile,3bc10d5b,BCJ Cutting,Run-accumulation profile,76.0,55.472355784892954,0.8026997156524849,49.34210526315789,25.657894736842106,61.049832026875706,"Run-accumulation profile; SR 173.6, RPI 9.1, boundary% 22.7; closest IPL comp: BCJ Cutting"
8ac93ca2,8ac93ca2,P Chopra,SMA,bat,5,2016,2022,33.0,1118.0,951.0,107.0,24.0,492.0,472.0,480.0,379.0,146.0,100.0,33.0,117.56046267087277,33.878787878787875,13.774973711882229,104.23728813559323,126.6490765171504,146.0,,,,,,,,,,,,,,,,,,,,,15,0.47176378133698527,0.7674418604651163,0.36205127404931425,71.91489361702128,2,Run-accumulation profile,8ac93ca2,KS Williamson,Run-accumulation profile,70.28571428571428,51.850804716318855,0.9286103763887639,90.78947368421053,15.789473684210526,60.714725643896976,"Run-accumulation profile; SR 117.6, RPI 33.9, boundary% 13.8; closest IPL comp: KS Williamson"
aedc3b7c,aedc3b7c,NS Naik,SMA,bat,4,2016,2021,26.0,487.0,363.0,35.0,20.0,35.0,32.0,259.0,201.0,193.0,130.0,26.0,134.15977961432506,18.73076923076923,15.151515151515152,109.375,128.85572139303483,148.46153846153845,,,,,,,,,,,,,,,,,,,,,15,0.04076681639121972,0.7222222222222222,0.02944270072699195,51.48936170212765,3,Balanced batting profile,aedc3b7c,AR Patel,Balanced batting profile,50.0,66.41343521353475,0.5057194327996521,71.71052631578947,75.0,60.40019596864501,"Balanced batting profile; SR 134.2, RPI 18.7, boundary% 15.2; closest IPL comp: AR Patel"
9601c534,9601c534,SD Lad,SMA,bat,5,2016,2022,36.0,764.0,630.0,66.0,27.0,143.0,129.0,476.0,403.0,145.0,98.0,36.0,121.26984126984127,21.22222222222222,14.761904761904763,110.85271317829456,118.11414392059554,147.9591836734694,,,,,,,,,,,,,,,,,,,,,15,-0.10963958880672972,0.782608695652174,-0.08580489558787549,42.12765957446808,3,Balanced batting profile,9601c534,MK Pandey,Balanced batting profile,58.57142857142858,70.24795606888169,0.42352896220845077,96.71052631578947,82.23684210526315,60.34238521836506,"Balanced batting profile; SR 121.3, RPI 21.2, boundary% 14.8; closest IPL comp: MK Pandey"
9e62632a,9e62632a,Karanveer Kaushal,SMA,bat,2,2019,2021,16.0,397.0,320.0,36.0,25.0,262.0,210.0,112.0,96.0,23.0,14.0,16.0,124.06250000000001,24.8125,19.0625,124.76190476190476,116.66666666666667,164.28571428571428,,,,,,,,,,,,,,,,,,,,,15,0.3667901829218698,0.6153846153846154,0.22571703564422751,65.53191489361701,2,Run-accumulation profile,9e62632a,SA Asnodkar,Run-accumulation profile,60.0,67.57701701899589,0.4797930481585185,10.526315789473683,76.97368421052632,60.14151735722284,"Run-accumulation profile; SR 124.1, RPI 24.8, boundary% 19.1; closest IPL comp: SA Asnodkar"
53f27a35,53f27a35,BB Samantray,SMA,bat,4,2016,2021,19.0,396.0,309.0,30.0,17.0,64.0,67.0,188.0,169.0,144.0,73.0,19.0,128.15533980582526,20.842105263157894,15.210355987055015,95.52238805970148,111.24260355029585,197.26027397260273,,,,,,,,,,,,,,,,,,,,,15,0.036072392121601335,0.6551724137931034,0.023633636217600788,50.638297872340424,3,Balanced batting profile,53f27a35,CL White,Balanced batting profile,57.14285714285714,79.09336461637156,0.26432856264280075,33.55263157894737,98.68421052631578,60.0869260918253,"Balanced batting profile; SR 128.2, RPI 20.8, boundary% 15.2; closest IPL comp: CL White"
c2294408,c2294408,Pallav Kumar Das,SMA,bat,5,2016,2023,31.0,581.0,412.0,66.0,24.0,468.0,315.0,111.0,91.0,2.0,6.0,31.0,141.01941747572815,18.741935483870968,21.844660194174757,148.57142857142858,121.97802197802199,33.33333333333333,,,,,,,,,,,,,,,,,,,,,15,0.522598939029544,0.7560975609756098,0.3951357831686796,75.31914893617021,3,Balanced batting profile,c2294408,S Sohal,Balanced batting profile,52.57142857142857,44.14855794096874,1.2650796461735059,84.53947368421053,8.552631578947368,60.01056830907055,"Balanced batting profile; SR 141.0, RPI 18.7, boundary% 21.8; closest IPL comp: S Sohal"
297b26da,297b26da,Yashpal Singh,SMA,bat,3,2016,2019,20.0,547.0,463.0,57.0,10.0,78.0,70.0,307.0,284.0,162.0,109.0,20.0,118.1425485961123,27.35,14.47084233261339,111.42857142857143,108.09859154929578,148.62385321100916,,,,,,,,,,,,,,,,,,,,,15,0.1533439388977878,0.6666666666666666,0.10222929259852512,57.446808510638306,3,Balanced batting profile,297b26da,MK Pandey,Balanced batting profile,58.57142857142858,67.39122532989498,0.4838727076185045,41.118421052631575,76.31578947368422,59.71479563269877,"Balanced batting profile; SR 118.1, RPI 27.4, boundary% 14.5; closest IPL comp: MK Pandey"
c3f37533,c3f37533,Hari Nishaanth,SMA,bat,3,2019,2023,26.0,688.0,541.0,63.0,30.0,439.0,363.0,228.0,159.0,21.0,19.0,26.0,127.17190388170056,26.46153846153846,17.190388170055453,120.9366391184573,143.39622641509433,110.5263157894737,,,,,,,,,,,,,,,,,,,,,15,0.43000994518602537,0.7222222222222222,0.31056273818990715,69.7872340425532,2,Run-accumulation profile,c3f37533,DJ Mitchell,Balanced batting profile,57.714285714285715,56.00250944446671,0.78563426874937,71.71052631578947,27.631578947368425,59.536814109742444,"Run-accumulation profile; SR 127.2, RPI 26.5, boundary% 17.2; closest IPL comp: DJ Mitchell"
80ffea17,80ffea17,Upendra Yadav,SMA,bat,4,2019,2023,23.0,537.0,449.0,46.0,19.0,168.0,156.0,221.0,212.0,148.0,81.0,23.0,119.59910913140313,23.347826086956523,14.476614699331849,107.6923076923077,104.24528301886792,182.71604938271605,,,,,,,,,,,,,,,,,,,,,15,-0.03999437823387164,0.696969696969697,-0.02787486967815304,46.808510638297875,3,Balanced batting profile,80ffea17,DJ Hussey,Balanced batting profile,51.714285714285715,71.77779871712521,0.3931884480617453,59.86842105263158,87.5,58.94036954087346,"Balanced batting profile; SR 119.6, RPI 23.3, boundary% 14.5; closest IPL comp: DJ Hussey"
783e6111,783e6111,Chirag Jani,SMA,bat,7,2016,2024,24.0,422.0,311.0,36.0,16.0,1.0,2.0,203.0,167.0,218.0,142.0,24.0,135.69131832797427,17.583333333333332,16.720257234726688,50.0,121.55688622754491,153.52112676056336,,,,,,,,,,,,,,,,,,,,,15,0.087681715871404,0.7058823529411765,0.06189297590922628,55.319148936170215,3,Balanced batting profile,783e6111,C de Grandhomme,Balanced batting profile,48.0,64.70657515283224,0.5454379985929907,64.47368421052632,63.81578947368421,58.816489361702125,"Balanced batting profile; SR 135.7, RPI 17.6, boundary% 16.7; closest IPL comp: C de Grandhomme"
9889da93,9889da93,Samarth Singh,SMA,bat,3,2016,2019,25.0,609.0,532.0,59.0,19.0,323.0,312.0,186.0,158.0,100.0,62.0,25.0,114.4736842105263,24.36,14.661654135338345,103.52564102564104,117.72151898734178,161.29032258064515,,,,,,,,,,,,,,,,,,,,,15,-0.08146161239062771,0.7142857142857143,-0.05818686599330558,43.40425531914894,3,Balanced batting profile,9889da93,GC Smith,Balanced batting profile,53.142857142857146,72.51731707237495,0.3789809667144239,68.0921052631579,90.13157894736842,58.789263717805156,"Balanced batting profile; SR 114.5, RPI 24.4, boundary% 14.7; closest IPL comp: GC Smith"
b4296080,b4296080,Milind Kumar,SMA,bat,4,2016,2021,26.0,681.0,578.0,62.0,17.0,75.0,79.0,374.0,345.0,232.0,154.0,26.0,117.82006920415225,26.192307692307693,13.667820069204154,94.9367088607595,108.40579710144928,150.64935064935065,,,,,,,,,,,,,,,,,,,,,15,0.04126060315854478,0.7222222222222222,0.029799324503393385,51.91489361702127,3,Balanced batting profile,b4296080,HH Gibbs,Balanced batting profile,48.285714285714285,65.34327281502368,0.5303794207413508,71.71052631578947,66.44736842105263,58.51735722284433,"Balanced batting profile; SR 117.8, RPI 26.2, boundary% 13.7; closest IPL comp: HH Gibbs"
cc8531c2,cc8531c2,Vishal Kushwah,SMA,bat,3,2018,2021,18.0,309.0,189.0,16.0,26.0,20.0,8.0,78.0,79.0,211.0,102.0,18.0,163.4920634920635,17.166666666666668,22.22222222222222,250.0,98.73417721518987,206.86274509803923,,,,,,,,,,,,,,,,,,,,,15,0.9246827341884065,0.6428571428571429,0.5944389005496898,83.40425531914893,0,High-impact batting profile,cc8531c2,SB Dubey,High-impact batting profile,66.28571428571428,48.30132435254123,1.0703366075456027,26.644736842105267,12.5,57.16426371780514,"High-impact batting profile; SR 163.5, RPI 17.2, boundary% 22.2; closest IPL comp: SB Dubey"
0edcb652,0edcb652,Subhransu Senapati,SMA,bat,4,2018,2024,20.0,492.0,382.0,36.0,22.0,198.0,140.0,256.0,221.0,38.0,21.0,20.0,128.7958115183246,24.6,15.18324607329843,141.42857142857144,115.8371040723982,180.95238095238096,,,,,,,,,,,,,,,,,,,,,15,0.2586307093106461,0.6666666666666666,0.17242047287376397,61.702127659574465,2,Run-accumulation profile,0edcb652,AK Markram,Run-accumulation profile,73.14285714285714,62.82588430422322,0.5917006359316441,41.118421052631575,55.26315789473685,57.004829227323626,"Run-accumulation profile; SR 128.8, RPI 24.6, boundary% 15.2; closest IPL comp: AK Markram"
0af3426f,0af3426f,SS Mundhe,SMA,bat,5,2016,2022,26.0,598.0,461.0,56.0,19.0,75.0,104.0,361.0,260.0,162.0,97.0,26.0,129.7180043383948,23.0,16.268980477223426,72.11538461538461,138.84615384615384,167.01030927835052,,,,,,,,,,,,,,,,,,,,,15,0.2430722886791558,0.7222222222222222,0.17555220849050135,62.12765957446808,3,Balanced batting profile,0af3426f,S Dube,Run-accumulation profile,80.57142857142857,57.35950872516569,0.7433901060614625,71.71052631578947,35.526315789473685,56.91475363941769,"Balanced batting profile; SR 129.7, RPI 23.0, boundary% 16.3; closest IPL comp: S Dube"
8a0ae9da,8a0ae9da,EC Sen,SMA,bat,3,2019,2022,17.0,351.0,280.0,30.0,16.0,58.0,65.0,205.0,161.0,88.0,54.0,17.0,125.35714285714286,20.647058823529413,16.428571428571427,89.23076923076924,127.32919254658385,162.96296296296296,,,,,,,,,,,,,,,,,,,,,15,0.027864674193831658,0.6296296296296297,0.017544424492412433,49.787234042553195,3,Balanced batting profile,8a0ae9da,CJ Anderson,Balanced batting profile,53.42857142857142,73.84666804233353,0.3541572375706071,18.75,94.73684210526315,56.369050951847704,"Balanced batting profile; SR 125.4, RPI 20.6, boundary% 16.4; closest IPL comp: CJ Anderson"
d2550980,d2550980,Anand Singh,SMA,bat,3,2016,2021,19.0,541.0,449.0,73.0,12.0,310.0,249.0,197.0,174.0,34.0,26.0,19.0,120.48997772828507,28.473684210526315,18.93095768374165,124.49799196787149,113.2183908045977,130.76923076923077,,,,,,,,,,,,,,,,,,,,,15,0.4903140271384928,0.6551724137931034,0.32124022467694346,70.63829787234043,2,Run-accumulation profile,d2550980,G Gambhir,Run-accumulation profile,72.28571428571429,56.96010641761376,0.7556146975363977,33.55263157894737,33.55263157894737,55.8040313549832,"Run-accumulation profile; SR 120.5, RPI 28.5, boundary% 18.9; closest IPL comp: G Gambhir"
3b30b8c4,3b30b8c4,Amit Verma,SMA,bat,3,2016,2021,21.0,446.0,344.0,28.0,24.0,65.0,68.0,259.0,217.0,122.0,59.0,21.0,129.6511627906977,21.238095238095237,15.11627906976744,95.58823529411765,119.35483870967742,206.77966101694915,,,,,,,,,,,,,,,,,,,,,15,0.08488151035550921,0.6774193548387096,0.057500377982764216,54.46808510638298,2,Run-accumulation profile,3b30b8c4,CL White,Balanced batting profile,57.14285714285714,64.45053129920491,0.5515775895742483,49.34210526315789,62.5,55.70716685330347,"Run-accumulation profile; SR 129.7, RPI 21.2, boundary% 15.1; closest IPL comp: CL White"
9ed95736,9ed95736,Naushad Shaikh,SMA,bat,3,2018,2021,32.0,732.0,609.0,60.0,16.0,88.0,97.0,485.0,412.0,159.0,100.0,32.0,120.19704433497537,22.875,12.479474548440066,90.72164948453609,117.71844660194175,159.0,,,,,,,,,,,,,,,,,,,,,15,-0.15459924302722047,0.7619047619047619,-0.11778989944931088,39.148936170212764,3,Balanced batting profile,9ed95736,RS Bopara,Balanced batting profile,48.57142857142857,67.30650067690296,0.48574058960572614,87.5,75.6578947368421,55.52883538633818,"Balanced batting profile; SR 120.2, RPI 22.9, boundary% 12.5; closest IPL comp: RS Bopara"
e53af640,e53af640,Shivam Chaudhary,SMA,bat,4,2018,2023,23.0,586.0,502.0,62.0,14.0,269.0,229.0,251.0,224.0,66.0,49.0,23.0,116.73306772908367,25.47826086956522,15.139442231075698,117.46724890829694,112.05357142857142,134.6938775510204,,,,,,,,,,,,,,,,,,,,,15,0.05264079177066222,0.696969696969697,0.03668903668864329,53.191489361702125,3,Balanced batting profile,e53af640,MK Pandey,Balanced batting profile,58.57142857142858,63.86265373065082,0.565860391924257,59.86842105263158,57.89473684210527,55.36884098544233,"Balanced batting profile; SR 116.7, RPI 25.5, boundary% 15.1; closest IPL comp: MK Pandey"
2bbab579,2bbab579,Arpit Vasavada,SMA,bat,4,2016,2021,20.0,395.0,318.0,36.0,10.0,84.0,67.0,205.0,181.0,106.0,70.0,20.0,124.21383647798743,19.75,14.465408805031446,125.37313432835822,113.2596685082873,151.42857142857142,,,,,,,,,,,,,,,,,,,,,15,-0.14530726984869347,0.6666666666666666,-0.09687151323246239,40.85106382978723,3,Balanced batting profile,2bbab579,LRPL Taylor,Balanced batting profile,45.42857142857143,78.37001750656651,0.27599818376487073,41.118421052631575,97.36842105263158,55.02050671892496,"Balanced batting profile; SR 124.2, RPI 19.8, boundary% 14.5; closest IPL comp: LRPL Taylor"
35eb75af,35eb75af,Chirag Gandhi,SMA,bat,6,2016,2023,35.0,735.0,615.0,53.0,22.0,59.0,75.0,349.0,333.0,327.0,207.0,35.0,119.51219512195121,21.0,12.195121951219512,78.66666666666666,104.8048048048048,157.97101449275362,,,,,,,,,,,,,,,,,,,,,15,-0.28831901798699167,0.7777777777777778,-0.22424812510099357,31.48936170212766,3,Balanced batting profile,35eb75af,Y Venugopal Rao,Balanced batting profile,40.85714285714286,71.56675105634737,0.3972969084661394,94.73684210526315,86.8421052631579,54.81466965285554,"Balanced batting profile; SR 119.5, RPI 21.0, boundary% 12.2; closest IPL comp: Y Venugopal Rao"
e635a5dd,e635a5dd,Dhruv Raval,SMA,bat,3,2018,2021,17.0,384.0,283.0,52.0,8.0,283.0,204.0,91.0,70.0,10.0,9.0,17.0,135.68904593639576,22.58823529411765,21.20141342756184,138.72549019607843,130.0,111.11111111111111,,,,,,,,,,,,,,,,,,,,,15,0.5938356702573313,0.6296296296296297,0.3738965331249863,73.61702127659574,2,Run-accumulation profile,e635a5dd,SM Katich,Balanced batting profile,57.99999999999999,56.23046253276157,0.7783954727695325,18.75,28.947368421052634,54.219554871220595,"Run-accumulation profile; SR 135.7, RPI 22.6, boundary% 21.2; closest IPL comp: SM Katich"
8812869d,8812869d,Nikhil Gangta,SMA,bat,5,2016,2022,15.0,370.0,293.0,37.0,8.0,30.0,23.0,240.0,189.0,100.0,81.0,15.0,126.27986348122866,24.666666666666668,15.358361774744028,130.43478260869566,126.98412698412697,123.45679012345678,,,,,,,,,,,,,,,,,,,,,15,0.21842735218086606,0.6,0.13105641130851953,58.29787234042553,3,Balanced batting profile,8812869d,DJ Mitchell,Balanced batting profile,57.714285714285715,66.32077357778192,0.5078231842805423,3.618421052631579,74.3421052631579,54.107012877939525,"Balanced batting profile; SR 126.3, RPI 24.7, boundary% 15.4; closest IPL comp: DJ Mitchell"
52cb36a0,52cb36a0,Manisankar Murasingh,SMA,bat,6,2016,2023,32.0,535.0,373.0,32.0,31.0,35.0,24.0,226.0,213.0,274.0,136.0,32.0,143.43163538873995,16.71875,16.890080428954423,145.83333333333331,106.10328638497653,201.47058823529412,,,,,,,,,,,,,,,,,,,,,15,0.21014063007331138,0.7619047619047619,0.16010714672252288,60.42553191489362,2,Run-accumulation profile,52cb36a0,RK Singh,Run-accumulation profile,79.14285714285715,52.1793136752114,0.9164682889937393,87.5,17.105263157894736,53.65663493840985,"Run-accumulation profile; SR 143.4, RPI 16.7, boundary% 16.9; closest IPL comp: RK Singh"
a1765140,a1765140,Mrunal Devdhar,SMA,bat,3,2016,2021,34.0,766.0,622.0,86.0,20.0,541.0,415.0,212.0,194.0,13.0,13.0,34.0,123.15112540192925,22.529411764705884,17.041800643086816,130.36144578313252,109.27835051546391,100.0,,,,,,,,,,,,,,,,,,,,,15,0.117945893917696,0.7727272727272727,0.0911400089364014,56.59574468085107,3,Balanced batting profile,a1765140,SM Katich,Balanced batting profile,57.99999999999999,54.14099579165549,0.8470291973353866,92.76315789473685,22.36842105263158,53.464025755879064,"Balanced batting profile; SR 123.2, RPI 22.5, boundary% 17.0; closest IPL comp: SM Katich"
bc67cc22,bc67cc22,Bavanaka Sandeep,SMA,bat,4,2016,2021,29.0,696.0,589.0,37.0,26.0,56.0,71.0,434.0,395.0,206.0,123.0,29.0,118.16638370118847,24.0,10.69609507640068,78.87323943661971,109.87341772151899,167.47967479674796,,,,,,,,,,,,,,,,,,,,,15,-0.22405646908581772,0.7435897435897436,-0.16660609239714658,35.319148936170215,3,Balanced batting profile,bc67cc22,RS Bopara,Balanced batting profile,48.57142857142857,69.81116112943945,0.4324357077314086,81.25,80.26315789473685,53.444778835386344,"Balanced batting profile; SR 118.2, RPI 24.0, boundary% 10.7; closest IPL comp: RS Bopara"
239f7526,239f7526,Parth Sahani,SMA,bat,6,2016,2023,34.0,743.0,598.0,51.0,30.0,38.0,66.0,474.0,384.0,231.0,148.0,34.0,124.24749163879598,21.852941176470587,13.54515050167224,57.57575757575758,123.4375,156.08108108108107,,,,,,,,,,,,,,,,,,,,,15,-0.07319122458971922,0.7727272727272727,-0.05655685536478309,44.25531914893617,3,Balanced batting profile,239f7526,S Badrinath,Balanced batting profile,51.42857142857142,61.21551495391226,0.6335727972767635,92.76315789473685,49.34210526315789,52.8031914893617,"Balanced batting profile; SR 124.2, RPI 21.9, boundary% 13.5; closest IPL comp: S Badrinath"
40caa465,40caa465,T Kohli,SMA,bat,3,2019,2022,26.0,812.0,722.0,85.0,16.0,366.0,363.0,335.0,282.0,111.0,77.0,26.0,112.46537396121883,31.23076923076923,13.988919667590027,100.82644628099173,118.79432624113475,144.15584415584414,,,,,,,,,,,,,,,,,,,,,15,0.22736942759068657,0.7222222222222222,0.16421125325994024,60.851063829787236,3,Balanced batting profile,40caa465,SR Tendulkar,Run-accumulation profile,72.85714285714285,52.610202276612455,0.9007720113719156,71.71052631578947,19.736842105263158,52.201427771556546,"Balanced batting profile; SR 112.5, RPI 31.2, boundary% 14.0; closest IPL comp: SR Tendulkar"
145903a5,145903a5,Arjit Gupta,SMA,bat,3,2019,2022,15.0,252.0,184.0,17.0,18.0,24.0,18.0,152.0,115.0,76.0,51.0,15.0,136.95652173913044,16.8,19.021739130434785,133.33333333333331,132.17391304347825,149.01960784313727,,,,,,,,,,,,,,,,,,,,,15,0.18633735434381768,0.6,0.11180241260629051,57.87234042553191,2,Run-accumulation profile,145903a5,MJ Guptill,Run-accumulation profile,62.857142857142854,65.30301751995327,0.5313228055571106,3.618421052631579,65.78947368421053,51.71353583426652,"Run-accumulation profile; SR 137.0, RPI 16.8, boundary% 19.0; closest IPL comp: MJ Guptill"
4a15018a,4a15018a,Harsh Tyagi,SMA,bat,5,2019,2024,20.0,276.0,207.0,21.0,14.0,0.0,0.0,96.0,84.0,180.0,123.0,20.0,133.33333333333331,13.8,16.908212560386474,,114.28571428571428,146.34146341463415,,,,,,,,,,,,,,,,,,,,,15,-0.16421379269280778,0.6666666666666666,-0.10947586179520527,39.57446808510638,3,Balanced batting profile,4a15018a,AR Patel,Balanced batting profile,50.0,71.02713845007548,0.4079125554282235,41.118421052631575,84.86842105263158,51.12954927211646,"Balanced batting profile; SR 133.3, RPI 13.8, boundary% 16.9; closest IPL comp: AR Patel"
1b7c4d69,1b7c4d69,M Mohammed,SMA,bat,3,2018,2021,16.0,110.0,63.0,8.0,7.0,14.0,8.0,0.0,0.0,96.0,55.0,16.0,174.6031746031746,6.875,23.809523809523807,175.0,,174.54545454545453,,,,,,,,,,,,,,,,,,,,,15,0.6612327144860094,0.6153846153846154,0.406912439683698,76.59574468085107,0,High-impact batting profile,1b7c4d69,K Gowtham,High-impact batting profile,68.28571428571428,50.34606317021334,0.9862526224128647,10.526315789473683,13.157894736842104,50.82586786114222,"High-impact batting profile; SR 174.6, RPI 6.9, boundary% 23.8; closest IPL comp: K Gowtham"
2e802011,2e802011,Vishnu Solanki,SMA,bat,6,2018,2024,39.0,834.0,703.0,66.0,28.0,150.0,181.0,399.0,368.0,285.0,154.0,39.0,118.63442389758178,21.384615384615383,13.371266002844951,82.87292817679558,108.42391304347827,185.06493506493507,,,,,,,,,,,,,,,,,,,,,15,-0.22590367222489052,0.7959183673469388,-0.17980088197491292,34.04255319148936,3,Balanced batting profile,2e802011,RS Bopara,Balanced batting profile,48.57142857142857,64.38891125173237,0.5530624459395487,98.68421052631578,61.8421052631579,50.68868980963046,"Balanced batting profile; SR 118.6, RPI 21.4, boundary% 13.4; closest IPL comp: RS Bopara"
33ffc3dd,33ffc3dd,R Sanjay Yadav,SMA,bat,4,2018,2023,23.0,483.0,392.0,26.0,26.0,17.0,21.0,289.0,245.0,177.0,126.0,23.0,123.21428571428572,21.0,13.26530612244898,80.95238095238095,117.95918367346938,140.47619047619045,,,,,,,,,,,,,,,,,,,,,15,-0.1567403062041685,0.696969696969697,-0.10924324371805692,40.0,3,Balanced batting profile,33ffc3dd,S Badrinath,Balanced batting profile,51.42857142857142,65.72672576632606,0.5214511119194264,59.86842105263158,69.07894736842105,50.25,"Balanced batting profile; SR 123.2, RPI 21.0, boundary% 13.3; closest IPL comp: S Badrinath"
4ed49d3d,4ed49d3d,AA Herwadkar,SMA,bat,4,2016,2022,17.0,465.0,414.0,48.0,10.0,284.0,244.0,134.0,140.0,47.0,30.0,17.0,112.31884057971016,27.352941176470587,14.009661835748794,116.39344262295081,95.71428571428572,156.66666666666666,,,,,,,,,,,,,,,,,,,,,15,0.008131016668531221,0.6296296296296297,0.005119529013519565,48.93617021276596,3,Balanced batting profile,4ed49d3d,HH Gibbs,Balanced batting profile,48.285714285714285,65.78564933888717,0.5200883628108851,18.75,69.73684210526315,49.608412653975364,"Balanced batting profile; SR 112.3, RPI 27.4, boundary% 14.0; closest IPL comp: HH Gibbs"
145c2a1f,145c2a1f,Govinda Poddar,SMA,bat,4,2016,2021,19.0,438.0,347.0,39.0,16.0,127.0,136.0,245.0,176.0,66.0,35.0,19.0,126.22478386167147,23.05263157894737,15.85014409221902,93.38235294117648,139.20454545454547,188.57142857142856,,,,,,,,,,,,,,,,,,,,,15,0.1516512844310635,0.6551724137931034,0.09935773807552427,57.02127659574469,2,Run-accumulation profile,145c2a1f,Nithish Kumar Reddy,Run-accumulation profile,69.14285714285714,58.48780817360685,0.7097580354383308,33.55263157894737,39.473684210526315,49.1140817469205,"Run-accumulation profile; SR 126.2, RPI 23.1, boundary% 15.9; closest IPL comp: Nithish Kumar Reddy"
805b89d7,805b89d7,RP Sharma,SMA,bat,5,2016,2023,21.0,309.0,244.0,26.0,8.0,9.0,13.0,177.0,151.0,123.0,80.0,21.0,126.63934426229508,14.714285714285714,13.934426229508196,69.23076923076923,117.21854304635761,153.75,,,,,,,,,,,,,,,,,,,,,15,-0.40327086854620353,0.6774193548387096,-0.27318349159581534,28.510638297872344,3,Balanced batting profile,805b89d7,STR Binny,Balanced batting profile,39.714285714285715,78.73100231815441,0.2701476807814146,49.34210526315789,98.02631578947368,49.01427771556551,"Balanced batting profile; SR 126.6, RPI 14.7, boundary% 13.9; closest IPL comp: STR Binny"
69cbffb8,69cbffb8,Rajjakuddin Ahmed,SMA,bat,4,2018,2022,25.0,342.0,233.0,29.0,18.0,14.0,4.0,162.0,121.0,166.0,108.0,25.0,146.78111587982832,13.68,20.171673819742487,350.0,133.88429752066116,153.7037037037037,,,,,,,,,,,,,,,,,,,,,15,0.275572959177001,0.7142857142857143,0.19683782798357205,62.97872340425532,0,High-impact batting profile,69cbffb8,KK Cooper,High-impact batting profile,69.42857142857143,38.39443017460936,1.6045444494220165,68.0921052631579,1.9736842105263157,48.494470884658455,"High-impact batting profile; SR 146.8, RPI 13.7, boundary% 20.2; closest IPL comp: KK Cooper"
ccae927b,ccae927b,Azim Kazi,SMA,bat,2,2019,2021,21.0,408.0,332.0,24.0,20.0,3.0,6.0,221.0,201.0,184.0,125.0,21.0,122.89156626506023,19.428571428571427,13.253012048192772,50.0,109.95024875621891,147.2,,,,,,,,,,,,,,,,,,,,,15,-0.252149183693249,0.6774193548387096,-0.1708107373405881,34.8936170212766,3,Balanced batting profile,ccae927b,AD Mathews,Balanced batting profile,43.142857142857146,68.95375576649249,0.4502473271890169,49.34210526315789,78.94736842105263,48.0743281075028,"Balanced batting profile; SR 122.9, RPI 19.4, boundary% 13.3; closest IPL comp: AD Mathews"
62dad180,62dad180,KB Pawan,SMA,bat,2,2019,2021,20.0,473.0,418.0,35.0,17.0,72.0,65.0,279.0,273.0,122.0,80.0,20.0,113.1578947368421,23.65,12.440191387559809,110.76923076923077,102.19780219780219,152.5,,,,,,,,,,,,,,,,,,,,,15,-0.26079185631673363,0.6666666666666666,-0.17386123754448915,34.46808510638298,3,Balanced batting profile,62dad180,HH Gibbs,Balanced batting profile,48.285714285714285,70.14416708613851,0.42563529020449997,41.118421052631575,80.92105263157895,47.07887737961926,"Balanced batting profile; SR 113.2, RPI 23.6, boundary% 12.4; closest IPL comp: HH Gibbs"
4ae89f36,4ae89f36,Mohammed Azharuddeen,SMA,bat,4,2016,2022,27.0,436.0,384.0,35.0,18.0,198.0,198.0,138.0,111.0,100.0,75.0,27.0,113.54166666666667,16.14814814814815,13.802083333333334,100.0,124.32432432432432,133.33333333333331,,,,,,,,,,,,,,,,,,,,,15,-0.6043064875723166,0.7297297297297297,-0.4409804098500689,17.4468085106383,3,Balanced batting profile,4ae89f36,TL Suman,Balanced batting profile,39.14285714285714,80.11792789682757,0.2481600888227628,75.98684210526315,100.0,46.86611142217245,"Balanced batting profile; SR 113.5, RPI 16.1, boundary% 13.8; closest IPL comp: TL Suman"
86a98b15,86a98b15,Shubham Pundir,SMA,bat,4,2018,2023,21.0,452.0,401.0,42.0,12.0,53.0,68.0,284.0,262.0,115.0,71.0,21.0,112.71820448877806,21.523809523809526,13.466334164588527,77.94117647058823,108.3969465648855,161.9718309859155,,,,,,,,,,,,,,,,,,,,,15,-0.33738864069484586,0.6774193548387096,-0.22855359530941177,31.06382978723404,3,Balanced batting profile,86a98b15,Y Venugopal Rao,Balanced batting profile,40.85714285714286,70.56026370942821,0.4172282633722366,49.34210526315789,82.89473684210526,46.763297872340424,"Balanced batting profile; SR 112.7, RPI 21.5, boundary% 13.5; closest IPL comp: Y Venugopal Rao"
7daedf2f,7daedf2f,KB Arun Karthik,SMA,bat,5,2016,2022,30.0,509.0,431.0,43.0,14.0,177.0,149.0,254.0,233.0,78.0,49.0,30.0,118.09744779582367,16.966666666666665,13.225058004640372,118.79194630872483,109.01287553648069,159.18367346938774,,,,,,,,,,,,,,,,,,,,,15,-0.49199903159245084,0.75,-0.3689992736943382,21.70212765957447,3,Balanced batting profile,7daedf2f,LRPL Taylor,Balanced batting profile,45.42857142857143,70.97347940560888,0.4089769986970262,83.22368421052632,84.21052631578947,46.557460806270996,"Balanced batting profile; SR 118.1, RPI 17.0, boundary% 13.2; closest IPL comp: LRPL Taylor"
40c1eeeb,40c1eeeb,Aniruddha Joshi,SMA,bat,3,2016,2021,17.0,370.0,284.0,28.0,13.0,9.0,13.0,117.0,132.0,244.0,139.0,17.0,130.2816901408451,21.764705882352942,14.43661971830986,69.23076923076923,88.63636363636364,175.53956834532374,,,,,,,,,,,,,,,,,,,,,15,0.09334585447059726,0.6296296296296297,0.05877331577778337,54.8936170212766,3,Balanced batting profile,40c1eeeb,MS Dhoni,Balanced batting profile,71.71428571428572,59.67978027561662,0.6756093862640614,18.75,42.76315789473684,46.43945968645017,"Balanced batting profile; SR 130.3, RPI 21.8, boundary% 14.4; closest IPL comp: MS Dhoni"
85e6ccde,85e6ccde,Babul Kumar,SMA,bat,3,2019,2022,22.0,461.0,403.0,54.0,9.0,220.0,183.0,193.0,184.0,48.0,36.0,22.0,114.39205955334988,20.954545454545453,15.632754342431761,120.21857923497268,104.8913043478261,133.33333333333331,,,,,,,,,,,,,,,,,,,,,15,-0.22497948400710596,0.6875,-0.15467339525488544,36.59574468085106,3,Balanced batting profile,85e6ccde,LA Pomersbach,Balanced batting profile,46.57142857142857,64.70636175056234,0.5454430954639624,55.5921052631579,63.1578947368421,46.085736282194844,"Balanced batting profile; SR 114.4, RPI 21.0, boundary% 15.6; closest IPL comp: LA Pomersbach"
60500956,60500956,RV Patel,SMA,bat,4,2019,2023,17.0,295.0,198.0,22.0,17.0,51.0,29.0,57.0,78.0,187.0,91.0,17.0,148.989898989899,17.352941176470587,19.696969696969695,175.86206896551724,73.07692307692307,205.49450549450546,,,,,,,,,,,,,,,,,,,,,15,0.5037032673096615,0.6296296296296297,0.31714650163941643,70.2127659574468,2,Run-accumulation profile,60500956,SN Khan,Run-accumulation profile,61.71428571428571,38.55286857959032,1.5938407097660032,18.75,2.631578947368421,45.598054311310186,"Run-accumulation profile; SR 149.0, RPI 17.4, boundary% 19.7; closest IPL comp: SN Khan"
90a3c0dc,90a3c0dc,Ankit Lamba,SMA,bat,4,2016,2021,26.0,744.0,695.0,73.0,18.0,340.0,313.0,342.0,336.0,62.0,46.0,26.0,107.05035971223023,28.615384615384617,13.093525179856117,108.62619808306708,101.78571428571428,134.7826086956522,,,,,,,,,,,,,,,,,,,,,15,-0.07781939712846866,0.7222222222222222,-0.056202897926116324,44.680851063829785,3,Balanced batting profile,90a3c0dc,HH Gibbs,Balanced batting profile,48.285714285714285,56.60951169140466,0.7664875921405194,71.71052631578947,31.57894736842105,45.45982642777155,"Balanced batting profile; SR 107.1, RPI 28.6, boundary% 13.1; closest IPL comp: HH Gibbs"
5b627626,5b627626,B Aparajith,SMA,bat,5,2016,2023,27.0,580.0,530.0,38.0,18.0,150.0,159.0,353.0,314.0,77.0,57.0,27.0,109.43396226415094,21.48148148148148,10.566037735849058,94.33962264150944,112.4203821656051,135.08771929824562,,,,,,,,,,,,,,,,,,,,,15,-0.5548166914208819,0.7297297297297297,-0.40486623428010304,19.574468085106382,3,Balanced batting profile,5b627626,JEC Franklin,Balanced batting profile,36.285714285714285,72.04145810303659,0.38808961718925755,75.98684210526315,88.81578947368422,45.346654535274354,"Balanced batting profile; SR 109.4, RPI 21.5, boundary% 10.6; closest IPL comp: JEC Franklin"
911d04ad,911d04ad,Gurinder Singh,SMA,bat,4,2016,2021,20.0,439.0,351.0,21.0,24.0,3.0,5.0,154.0,170.0,282.0,176.0,20.0,125.07122507122507,21.95,12.82051282051282,60.0,90.58823529411765,160.22727272727272,,,,,,,,,,,,,,,,,,,,,15,-0.08700272418897533,0.6666666666666666,-0.05800181612598363,43.829787234042556,3,Balanced batting profile,911d04ad,AD Mathews,Balanced batting profile,43.142857142857146,61.174543799538895,0.6346668694038343,41.118421052631575,48.68421052631579,44.63668812989921,"Balanced batting profile; SR 125.1, RPI 21.9, boundary% 12.8; closest IPL comp: AD Mathews"
904585d1,904585d1,Vikas Hathwala,SMA,bat,4,2016,2021,22.0,364.0,315.0,32.0,10.0,24.0,27.0,207.0,197.0,133.0,91.0,22.0,115.55555555555554,16.545454545454547,13.333333333333334,88.88888888888889,105.0761421319797,146.15384615384613,,,,,,,,,,,,,,,,,,,,,15,-0.5634431833164754,0.6875,-0.38736718853007684,20.425531914893615,3,Balanced batting profile,904585d1,DB Ravi Teja,Balanced batting profile,35.42857142857142,72.82300225458891,0.3731924928115488,55.5921052631579,92.76315789473685,43.784924412094064,"Balanced batting profile; SR 115.6, RPI 16.5, boundary% 13.3; closest IPL comp: DB Ravi Teja"
faa7365d,faa7365d,DR Shorey,SMA,bat,4,2016,2021,23.0,493.0,434.0,43.0,16.0,157.0,153.0,271.0,243.0,65.0,38.0,23.0,113.59447004608295,21.434782608695652,13.594470046082948,102.61437908496731,111.52263374485597,171.05263157894737,,,,,,,,,,,,,,,,,,,,,15,-0.31754023716557855,0.696969696969697,-0.2213159228729791,31.914893617021278,3,Balanced batting profile,faa7365d,RS Bopara,Balanced batting profile,48.57142857142857,64.1267454935355,0.5594117435771134,59.86842105263158,59.210526315789465,42.931830907054874,"Balanced batting profile; SR 113.6, RPI 21.4, boundary% 13.6; closest IPL comp: RS Bopara"
a63563c0,a63563c0,Diwesh Pathania,SMA,bat,3,2018,2021,15.0,182.0,133.0,11.0,10.0,0.0,0.0,26.0,23.0,156.0,110.0,15.0,136.8421052631579,12.133333333333333,15.789473684210526,,113.04347826086956,141.8181818181818,,,,,,,,,,,,,,,,,,,,,15,-0.24037137111146997,0.6,-0.14422282266688208,37.02127659574468,3,Balanced batting profile,a63563c0,NLTC Perera,Balanced batting profile,49.42857142857143,68.77355573602149,0.45404725595165124,3.618421052631579,78.28947368421053,42.32789753639418,"Balanced batting profile; SR 136.8, RPI 12.1, boundary% 15.8; closest IPL comp: NLTC Perera"
4d5a1617,4d5a1617,R Bishnoi,SMA,bat,4,2016,2021,21.0,326.0,270.0,21.0,20.0,84.0,63.0,163.0,154.0,79.0,53.0,21.0,120.74074074074075,15.523809523809524,15.185185185185185,133.33333333333331,105.84415584415585,149.0566037735849,,,,,,,,,,,,,,,,,,,,,15,-0.41858969820921765,0.6774193548387096,-0.28356076330301844,27.23404255319149,3,Balanced batting profile,4d5a1617,RA Jadeja,Balanced batting profile,46.85714285714286,66.17659096801104,0.5111083622959481,49.34210526315789,71.71052631578947,41.669372900335944,"Balanced batting profile; SR 120.7, RPI 15.5, boundary% 15.2; closest IPL comp: RA Jadeja"
3a0dc16e,3a0dc16e,Snehal Kauthankar,SMA,bat,4,2016,2022,20.0,392.0,365.0,39.0,5.0,130.0,139.0,219.0,196.0,43.0,30.0,20.0,107.3972602739726,19.6,12.054794520547945,93.5251798561151,111.73469387755102,143.33333333333334,,,,,,,,,,,,,,,,,,,,,15,-0.6278818697873575,0.6666666666666666,-0.4185879131915717,18.29787234042553,3,Balanced batting profile,3a0dc16e,JEC Franklin,Balanced batting profile,36.285714285714285,76.18778715494258,0.3125463244736415,41.118421052631575,96.71052631578947,41.324118141097415,"Balanced batting profile; SR 107.4, RPI 19.6, boundary% 12.1; closest IPL comp: JEC Franklin"
d30c6f81,d30c6f81,Vishvaraj Jadeja,SMA,bat,5,2018,2024,18.0,315.0,266.0,30.0,7.0,93.0,93.0,130.0,116.0,92.0,57.0,18.0,118.42105263157893,17.5,13.909774436090224,100.0,112.06896551724137,161.4035087719298,,,,,,,,,,,,,,,,,,,,,15,-0.4208274931830047,0.6428571428571429,-0.2705319599033603,28.936170212765955,3,Balanced batting profile,d30c6f81,EJG Morgan,Balanced batting profile,47.14285714285714,69.58775559231876,0.4370344200472848,26.644736842105267,79.60526315789474,41.25972844344904,"Balanced batting profile; SR 118.4, RPI 17.5, boundary% 13.9; closest IPL comp: EJG Morgan"
9c86350f,9c86350f,H Desai,SMA,bat,5,2019,2024,21.0,345.0,288.0,50.0,8.0,292.0,242.0,53.0,46.0,0.0,0.0,21.0,119.79166666666667,16.428571428571427,20.13888888888889,120.66115702479338,115.21739130434783,,,,,,,,,,,,,,,,,,,,,,15,-0.13813772981187022,0.6774193548387096,-0.09357717180804119,41.27659574468085,3,Balanced batting profile,9c86350f,HC Brook,Balanced batting profile,47.714285714285715,56.868497594645376,0.7584427975008752,49.34210526315789,32.89473684210527,40.39095744680851,"Balanced batting profile; SR 119.8, RPI 16.4, boundary% 20.1; closest IPL comp: HC Brook"
cf9d3356,cf9d3356,Chetan Bist,SMA,bat,4,2018,2022,19.0,466.0,405.0,33.0,16.0,99.0,85.0,229.0,223.0,138.0,97.0,19.0,115.06172839506172,24.526315789473685,12.098765432098766,116.47058823529413,102.69058295964126,142.2680412371134,,,,,,,,,,,,,,,,,,,,,15,-0.18898820614696937,0.6551724137931034,-0.12381985919973863,38.72340425531915,3,Balanced batting profile,cf9d3356,HH Gibbs,Balanced batting profile,48.285714285714285,60.94585941338278,0.6408005558133376,33.55263157894737,48.026315789473685,40.27351623740201,"Balanced batting profile; SR 115.1, RPI 24.5, boundary% 12.1; closest IPL comp: HH Gibbs"
1f3febed,1f3febed,Dikshanshu Negi,SMA,bat,3,2019,2022,17.0,318.0,282.0,31.0,7.0,39.0,38.0,173.0,173.0,106.0,71.0,17.0,112.7659574468085,18.705882352941178,13.47517730496454,102.63157894736842,100.0,149.29577464788733,,,,,,,,,,,,,,,,,,,,,15,-0.4937834868416575,0.6296296296296297,-0.31090071393734003,24.25531914893617,3,Balanced batting profile,1f3febed,MK Tiwary,Balanced batting profile,43.714285714285715,71.07504626022128,0.4069635584038613,18.75,85.52631578947368,38.74727043673012,"Balanced batting profile; SR 112.8, RPI 18.7, boundary% 13.5; closest IPL comp: MK Tiwary"
0cb8626f,0cb8626f,Sudip Chatterjee,SMA,bat,5,2016,2023,21.0,399.0,348.0,44.0,3.0,165.0,143.0,177.0,161.0,57.0,44.0,21.0,114.65517241379311,19.0,13.505747126436782,115.38461538461537,109.93788819875776,129.54545454545453,,,,,,,,,,,,,,,,,,,,,15,-0.4361480356969375,0.6774193548387096,-0.29545512095598997,26.382978723404253,3,Balanced batting profile,0cb8626f,SS Tiwary,Balanced batting profile,44.57142857142857,64.22666273576024,0.5569857710249952,49.34210526315789,61.18421052631579,38.527155655095186,"Balanced batting profile; SR 114.7, RPI 19.0, boundary% 13.5; closest IPL comp: SS Tiwary"
cb932841,cb932841,AKS Bains,SMA,bat,5,2016,2022,23.0,433.0,362.0,54.0,9.0,312.0,245.0,115.0,111.0,6.0,6.0,23.0,119.61325966850829,18.82608695652174,17.403314917127073,127.3469387755102,103.60360360360362,100.0,,,,,,,,,,,,,,,,,,,,,15,-0.1454644691497908,0.696969696969697,-0.10138432698318761,40.42553191489361,3,Balanced batting profile,cb932841,C Munro,Balanced batting profile,49.714285714285715,52.51645318719824,0.9041651507489213,59.86842105263158,18.421052631578945,37.84084546472564,"Balanced batting profile; SR 119.6, RPI 18.8, boundary% 17.4; closest IPL comp: C Munro"
d3c1f849,d3c1f849,Deepraj Gaonkar,SMA,bat,5,2016,2023,19.0,283.0,255.0,25.0,10.0,29.0,33.0,176.0,157.0,78.0,65.0,19.0,110.98039215686275,14.894736842105264,13.725490196078432,87.87878787878788,112.10191082802548,120.0,,,,,,,,,,,,,,,,,,,,,15,-0.7320892735031461,0.6551724137931034,-0.4796446964330958,15.74468085106383,3,Balanced batting profile,d3c1f849,FY Fazal,Balanced batting profile,33.42857142857143,72.71587513021325,0.37521551959498134,33.55263157894737,92.10526315789474,37.506019036954086,"Balanced batting profile; SR 111.0, RPI 14.9, boundary% 13.7; closest IPL comp: FY Fazal"
d28a7a2a,d28a7a2a,U U Bose,SMA,bat,4,2016,2021,24.0,434.0,376.0,47.0,17.0,297.0,249.0,120.0,118.0,17.0,9.0,24.0,115.42553191489363,18.083333333333332,17.02127659574468,119.27710843373494,101.69491525423729,188.88888888888889,,,,,,,,,,,,,,,,,,,,,15,-0.29414811948505204,0.7058823529411765,-0.20763396669533093,32.76595744680851,3,Balanced batting profile,d28a7a2a,TM Dilshan,Balanced batting profile,52.85714285714286,56.65557554940782,0.7650513480847559,64.47368421052632,32.23684210526316,37.38983762597984,"Balanced batting profile; SR 115.4, RPI 18.1, boundary% 17.0; closest IPL comp: TM Dilshan"
2fcb040c,2fcb040c,Rajat Paliwal,SMA,bat,4,2016,2021,27.0,521.0,446.0,42.0,3.0,42.0,40.0,373.0,331.0,106.0,75.0,27.0,116.81614349775784,19.296296296296298,10.089686098654708,105.0,112.68882175226587,141.33333333333334,,,,,,,,,,,,,,,,,,,,,15,-0.5464085958923535,0.7297297297297297,-0.3987305970025283,20.0,3,Balanced batting profile,2fcb040c,SS Tiwary,Balanced batting profile,44.57142857142857,62.13114780233658,0.6094986739684743,75.98684210526315,53.289473684210535,36.72039473684211,"Balanced batting profile; SR 116.8, RPI 19.3, boundary% 10.1; closest IPL comp: SS Tiwary"
6033d30a,6033d30a,Ritwik Roy Chowdhury,SMA,bat,4,2019,2024,16.0,237.0,184.0,23.0,7.0,31.0,19.0,115.0,99.0,91.0,66.0,16.0,128.80434782608697,14.8125,16.304347826086957,163.1578947368421,116.16161616161615,137.87878787878788,,,,,,,,,,,,,,,,,,,,,15,-0.23291677861477642,0.6153846153846154,-0.14333340222447788,37.4468085106383,3,Balanced batting profile,6033d30a,DJG Sammy,Balanced batting profile,37.714285714285715,60.41258269596932,0.6552843056430349,10.526315789473683,46.05263157894737,35.56019036954088,"Balanced batting profile; SR 128.8, RPI 14.8, boundary% 16.3; closest IPL comp: DJG Sammy"
9a2d95ac,9a2d95ac,Aditya Kaushik,SMA,bat,4,2016,2022,24.0,567.0,512.0,46.0,16.0,272.0,266.0,254.0,211.0,41.0,35.0,24.0,110.7421875,23.625,12.109375,102.25563909774435,120.37914691943128,117.14285714285715,,,,,,,,,,,,,,,,,,,,,15,-0.32952757478832795,0.7058823529411765,-0.23260769985058452,30.638297872340424,3,Balanced batting profile,9a2d95ac,AL Menaria,Balanced batting profile,32.857142857142854,56.0042015824383,0.7855803167339115,64.47368421052632,28.289473684210524,35.12639977603583,"Balanced batting profile; SR 110.7, RPI 23.6, boundary% 12.1; closest IPL comp: AL Menaria"
5f39537c,5f39537c,Ravi Teja,SMA,bat,4,2018,2022,16.0,155.0,128.0,11.0,6.0,9.0,11.0,38.0,41.0,108.0,76.0,16.0,121.09375,9.6875,13.28125,81.81818181818183,92.6829268292683,142.10526315789474,,,,,,,,,,,,,,,,,,,,,15,-0.8340609508164933,0.6153846153846154,-0.5132682774255345,13.191489361702127,3,Balanced batting profile,5f39537c,KV Sharma,Balanced batting profile,22.0,79.67865127938607,0.2550413240475033,10.526315789473683,99.3421052631579,34.329367301231805,"Balanced batting profile; SR 121.1, RPI 9.7, boundary% 13.3; closest IPL comp: KV Sharma"
c2dd89ea,c2dd89ea,BR Sharath,SMA,bat,4,2018,2023,21.0,287.0,255.0,27.0,9.0,103.0,103.0,108.0,112.0,76.0,40.0,21.0,112.54901960784314,13.666666666666666,14.117647058823529,100.0,96.42857142857143,190.0,,,,,,,,,,,,,,,,,,,,,15,-0.7482154692731758,0.6774193548387096,-0.5068556404753772,14.042553191489363,3,Balanced batting profile,c2dd89ea,Anuj Rawat,Balanced batting profile,38.0,64.8251001928055,0.5426123477260485,49.34210526315789,65.13157894736842,32.109742441209406,"Balanced batting profile; SR 112.5, RPI 13.7, boundary% 14.1; closest IPL comp: Anuj Rawat"
92d07362,92d07362,Rohan Prem,SMA,bat,3,2016,2019,15.0,394.0,348.0,37.0,11.0,125.0,124.0,233.0,191.0,36.0,33.0,15.0,113.2183908045977,26.266666666666666,13.793103448275861,100.80645161290323,121.98952879581151,109.09090909090908,,,,,,,,,,,,,,,,,,,,,15,-0.04476490420918998,0.6,-0.026858942525514087,47.23404255319149,3,Balanced batting profile,92d07362,DJ Mitchell,Balanced batting profile,57.714285714285715,45.934126683877516,1.1770306136047461,3.618421052631579,11.842105263157894,31.843715005599105,"Balanced batting profile; SR 113.2, RPI 26.3, boundary% 13.8; closest IPL comp: DJ Mitchell"
0ed1a112,0ed1a112,Ganesh Satish,SMA,bat,5,2016,2023,30.0,530.0,540.0,46.0,6.0,184.0,209.0,325.0,308.0,21.0,23.0,30.0,98.14814814814815,17.666666666666668,9.62962962962963,88.03827751196172,105.51948051948052,91.30434782608695,,,,,,,,,,,,,,,,,,,,,15,-1.0523778196751503,0.75,-0.7892833647563628,8.085106382978724,1,Balanced batting profile,0ed1a112,N Saini,Balanced batting profile,26.857142857142858,62.956873408007496,0.588388917472528,83.22368421052632,55.92105263157895,31.31487961926092,"Balanced batting profile; SR 98.1, RPI 17.7, boundary% 9.6; closest IPL comp: N Saini"
a64608ec,a64608ec,Rishabh Chouhan,SMA,bat,3,2019,2023,16.0,225.0,190.0,17.0,9.0,0.0,9.0,90.0,83.0,135.0,98.0,16.0,118.42105263157893,14.0625,13.684210526315791,0.0,108.43373493975903,137.75510204081633,,,,,,,,,,,,,,,,,,,,,15,-0.624742851175363,0.6153846153846154,-0.38445713918483887,21.27659574468085,3,Balanced batting profile,a64608ec,R Sathish,Balanced batting profile,26.285714285714285,65.59568602946592,0.524490497059204,10.526315789473683,67.76315789473685,31.285694288913774,"Balanced batting profile; SR 118.4, RPI 14.1, boundary% 13.7; closest IPL comp: R Sathish"
d8a90827,d8a90827,Shubham Khajuria,SMA,bat,5,2016,2023,19.0,322.0,275.0,26.0,12.0,170.0,165.0,149.0,108.0,3.0,2.0,19.0,117.0909090909091,16.94736842105263,13.818181818181818,103.03030303030303,137.96296296296296,150.0,,,,,,,,,,,,,,,,,,,,,15,-0.4842941987637369,0.6551724137931034,-0.31729619919003466,23.829787234042556,3,Balanced batting profile,d8a90827,DJ Hooda,Balanced batting profile,39.42857142857143,60.88160497686571,0.6425322564672666,33.55263157894737,47.368421052631575,31.17287234042553,"Balanced batting profile; SR 117.1, RPI 16.9, boundary% 13.8; closest IPL comp: DJ Hooda"
7b5b6311,7b5b6311,CV Milind,SMA,bat,4,2016,2022,21.0,175.0,129.0,15.0,7.0,19.0,17.0,33.0,39.0,123.0,73.0,21.0,135.65891472868216,8.333333333333334,17.05426356589147,111.76470588235294,84.61538461538461,168.49315068493152,,,,,,,,,,,,,,,,,,,,,15,-0.4142883039126076,0.6774193548387096,-0.28064691555370197,28.085106382978726,3,Balanced batting profile,7b5b6311,DJ Bravo,Balanced batting profile,42.857142857142854,54.6074739471329,0.831251159810339,49.34210526315789,23.684210526315788,30.173432250839866,"Balanced batting profile; SR 135.7, RPI 8.3, boundary% 17.1; closest IPL comp: DJ Bravo"
fe5f2e48,fe5f2e48,RL Jangid,SMA,bat,3,2016,2019,19.0,235.0,203.0,16.0,5.0,0.0,1.0,176.0,159.0,59.0,43.0,19.0,115.76354679802957,12.368421052631579,10.344827586206897,0.0,110.69182389937107,137.2093023255814,,,,,,,,,,,,,,,,,,,,,15,-0.9436783965245519,0.6551724137931034,-0.6182720528953961,10.212765957446807,3,Balanced batting profile,fe5f2e48,R Sathish,Balanced batting profile,26.285714285714285,66.320316446009,0.5078335773836278,33.55263157894737,73.68421052631578,29.581606942889135,"Balanced batting profile; SR 115.8, RPI 12.4, boundary% 10.3; closest IPL comp: R Sathish"
bee290b6,bee290b6,Suboth Bhati,SMA,bat,4,2016,2021,17.0,122.0,88.0,11.0,9.0,25.0,19.0,6.0,19.0,91.0,50.0,17.0,138.63636363636365,7.176470588235294,22.727272727272727,131.57894736842107,31.57894736842105,182.0,,,,,,,,,,,,,,,,,,,,,15,-0.13071474693690088,0.6296296296296297,-0.08230187770101177,42.5531914893617,3,Balanced batting profile,bee290b6,MS Gony,Balanced batting profile,43.42857142857143,42.356767919735674,1.3608977953534103,18.75,4.605263157894736,29.495730683090706,"Balanced batting profile; SR 138.6, RPI 7.2, boundary% 22.7; closest IPL comp: MS Gony"
0861a8d6,0861a8d6,Rajesh Dhuper,SMA,bat,3,2018,2021,19.0,392.0,383.0,34.0,10.0,197.0,202.0,159.0,153.0,36.0,28.0,19.0,102.34986945169713,20.63157894736842,11.488250652741515,97.52475247524752,103.921568627451,128.57142857142858,,,,,,,,,,,,,,,,,,,,,15,-0.7045069846703197,0.6551724137931034,-0.46157354168055437,16.170212765957448,3,Balanced batting profile,0861a8d6,JEC Franklin,Balanced batting profile,36.285714285714285,64.04745437060681,0.5613423044318969,33.55263157894737,58.55263157894737,29.373180291153417,"Balanced batting profile; SR 102.3, RPI 20.6, boundary% 11.5; closest IPL comp: JEC Franklin"
8f607eea,8f607eea,NA Rathva,SMA,bat,5,2018,2023,18.0,276.0,225.0,34.0,6.0,116.0,74.0,100.0,106.0,60.0,45.0,18.0,122.66666666666666,15.333333333333334,17.77777777777778,156.75675675675674,94.33962264150944,133.33333333333331,,,,,,,,,,,,,,,,,,,,,15,-0.2581969761968224,0.6428571428571429,-0.16598377041224308,35.74468085106383,3,Balanced batting profile,8f607eea,DJG Sammy,Balanced batting profile,37.714285714285715,51.22531396732842,0.9521598259754962,26.644736842105267,14.473684210526317,29.06194008958567,"Balanced batting profile; SR 122.7, RPI 15.3, boundary% 17.8; closest IPL comp: DJG Sammy"
af863475,af863475,Bhanu Pania,SMA,bat,4,2021,2024,18.0,216.0,195.0,14.0,10.0,16.0,19.0,67.0,86.0,133.0,90.0,18.0,110.76923076923077,12.0,12.307692307692308,84.21052631578947,77.90697674418605,147.77777777777777,,,,,,,,,,,,,,,,,,,,,15,-0.9701220056756077,0.6428571428571429,-0.6236498607914622,9.361702127659575,3,Balanced batting profile,af863475,Aman Hakim Khan,Balanced batting profile,31.428571428571427,68.537348129787,0.4590584948024712,26.644736842105267,77.63157894736842,29.021626539753644,"Balanced batting profile; SR 110.8, RPI 12.0, boundary% 12.3; closest IPL comp: Aman Hakim Khan"
d4753890,d4753890,Rongsen Jonathan,SMA,bat,4,2019,2023,21.0,493.0,474.0,44.0,14.0,174.0,188.0,263.0,236.0,56.0,50.0,21.0,104.00843881856541,23.476190476190474,12.236286919831224,92.5531914893617,111.44067796610169,112.00000000000001,,,,,,,,,,,,,,,,,,,,,15,-0.4726846543553648,0.6774193548387096,-0.3202057335955697,23.404255319148938,3,Balanced batting profile,d4753890,CA Pujara,Balanced batting profile,30.571428571428573,56.390034824746635,0.7733629764689423,49.34210526315789,30.263157894736842,29.00965845464726,"Balanced batting profile; SR 104.0, RPI 23.5, boundary% 12.2; closest IPL comp: CA Pujara"
ce2b42ae,ce2b42ae,Darshan Misal,SMA,bat,6,2016,2023,29.0,337.0,332.0,18.0,13.0,2.0,7.0,176.0,214.0,159.0,111.0,29.0,101.50602409638554,11.620689655172415,9.33734939759036,28.57142857142857,82.2429906542056,143.24324324324326,,,,,,,,,,,,,,,,,,,,,15,-1.3353453311680141,0.7435897435897436,-0.992949092406985,5.531914893617021,1,Balanced batting profile,ce2b42ae,MN Samuels,Balanced batting profile,16.28571428571429,61.76180949492971,0.6191235460516977,81.25,51.973684210526315,28.50006998880179,"Balanced batting profile; SR 101.5, RPI 11.6, boundary% 9.3; closest IPL comp: MN Samuels"
8963ee49,8963ee49,Rishav Das,SMA,bat,5,2018,2023,17.0,353.0,319.0,41.0,2.0,202.0,162.0,139.0,149.0,12.0,8.0,17.0,110.65830721003134,20.764705882352942,13.479623824451412,124.69135802469135,93.28859060402685,150.0,,,,,,,,,,,,,,,,,,,,,15,-0.42243848996156386,0.6296296296296297,-0.2659797899757996,29.361702127659573,3,Balanced batting profile,8963ee49,HH Gibbs,Balanced batting profile,48.285714285714285,56.449350653952585,0.7714995627323126,18.75,30.92105263157895,28.15978443449048,"Balanced batting profile; SR 110.7, RPI 20.8, boundary% 13.5; closest IPL comp: HH Gibbs"
44a89551,44a89551,KS Bharat,SMA,bat,6,2016,2023,32.0,524.0,481.0,47.0,21.0,293.0,304.0,207.0,163.0,24.0,14.0,32.0,108.93970893970895,16.375,14.137214137214137,96.38157894736842,126.99386503067484,171.42857142857142,,,,,,,,,,,,,,,,,,,,,15,-0.6712194508304419,0.7619047619047619,-0.511405295870813,13.617021276595745,3,Balanced batting profile,44a89551,UBT Chand,Balanced batting profile,25.71428571428571,55.22892680463823,0.8106453589752142,87.5,25.0,27.545212765957444,"Balanced batting profile; SR 108.9, RPI 16.4, boundary% 14.1; closest IPL comp: UBT Chand"
e1e7f950,e1e7f950,Akshay Karnewar,SMA,bat,5,2016,2022,29.0,314.0,250.0,29.0,12.0,10.0,5.0,148.0,135.0,156.0,110.0,29.0,125.6,10.827586206896552,16.400000000000002,200.0,109.62962962962963,141.8181818181818,,,,,,,,,,,,,,,,,,,,,15,-0.5185054780766725,0.7435897435897436,-0.38555535549291037,20.851063829787233,3,Balanced batting profile,e1e7f950,DJG Sammy,Balanced batting profile,37.714285714285715,44.486216046456576,1.2478872982941696,81.25,9.868421052631579,27.165243561030234,"Balanced batting profile; SR 125.6, RPI 10.8, boundary% 16.4; closest IPL comp: DJG Sammy"
4312e8f9,4312e8f9,A Sheth,SMA,bat,6,2018,2024,24.0,215.0,168.0,18.0,7.0,13.0,10.0,20.0,35.0,182.0,123.0,24.0,127.97619047619047,8.958333333333334,14.880952380952381,130.0,57.14285714285714,147.96747967479675,,,,,,,,,,,,,,,,,,,,,15,-0.649939193754023,0.7058823529411765,-0.458780607355781,16.595744680851062,3,Balanced batting profile,4312e8f9,Harpreet Brar,Balanced batting profile,27.714285714285715,56.353007668633474,0.7745281775911456,64.47368421052632,29.605263157894733,27.02981522956327,"Balanced batting profile; SR 128.0, RPI 9.0, boundary% 14.9; closest IPL comp: Harpreet Brar"
5663eaa5,5663eaa5,N A Sharma,SMA,bat,3,2019,2022,15.0,211.0,171.0,15.0,9.0,18.0,20.0,131.0,99.0,62.0,52.0,15.0,123.39181286549707,14.066666666666666,14.035087719298245,90.0,132.32323232323233,119.23076923076923,,,,,,,,,,,,,,,,,,,,,15,-0.5025790956424538,0.6,-0.3015474573854724,25.53191489361702,3,Balanced batting profile,5663eaa5,SS Prabhudessai,Balanced batting profile,36.0,59.977467064214395,0.6672928166995749,3.618421052631579,44.07894736842105,26.881648936170212,"Balanced batting profile; SR 123.4, RPI 14.1, boundary% 14.0; closest IPL comp: SS Prabhudessai"
8a58cc2a,8a58cc2a,Sagun Kamat,SMA,bat,3,2016,2019,16.0,400.0,389.0,43.0,9.0,149.0,167.0,232.0,205.0,19.0,17.0,16.0,102.82776349614396,25.0,13.367609254498714,89.22155688622755,113.17073170731706,111.76470588235294,,,,,,,,,,,,,,,,,,,,,15,-0.35507056353750294,0.6153846153846154,-0.21850496217692497,32.340425531914896,3,Balanced batting profile,8a58cc2a,CA Pujara,Balanced batting profile,30.571428571428573,53.03841692885773,0.8854258062440565,10.526315789473683,21.052631578947366,26.24636058230683,"Balanced batting profile; SR 102.8, RPI 25.0, boundary% 13.4; closest IPL comp: CA Pujara"
37fec668,37fec668,Damodaran Rohit,SMA,bat,3,2019,2022,25.0,405.0,408.0,49.0,10.0,274.0,284.0,128.0,120.0,3.0,4.0,25.0,99.26470588235294,16.2,14.460784313725492,96.47887323943662,106.66666666666667,75.0,,,,,,,,,,,,,,,,,,,,,15,-0.8676147635600322,0.7142857142857143,-0.6197248311143089,9.787234042553191,1,Balanced batting profile,37fec668,N Jagadeesan,Balanced batting profile,38.285714285714285,58.07407252856595,0.7219388213356518,68.0921052631579,37.5,25.461156215005598,"Balanced batting profile; SR 99.3, RPI 16.2, boundary% 14.5; closest IPL comp: N Jagadeesan"
e9cb8d60,e9cb8d60,Nitesh Sedai,SMA,bat,4,2019,2023,17.0,203.0,221.0,21.0,2.0,91.0,89.0,85.0,106.0,27.0,26.0,17.0,91.8552036199095,11.941176470588236,10.407239819004525,102.24719101123596,80.18867924528303,103.84615384615385,,,,,,,,,,,,,,,,,,,,,15,-1.465863466523347,0.6296296296296297,-0.9229510715147001,6.382978723404255,1,Balanced batting profile,e9cb8d60,K Goel,Balanced batting profile,20.857142857142858,66.0270766031972,0.5145301767783816,18.75,70.39473684210526,24.240971444568867,"Balanced batting profile; SR 91.9, RPI 11.9, boundary% 10.4; closest IPL comp: K Goel"
84085032,84085032,Eknath Kerkar,SMA,bat,5,2018,2023,16.0,239.0,212.0,18.0,6.0,65.0,76.0,104.0,97.0,70.0,39.0,16.0,112.73584905660377,14.9375,11.320754716981133,85.52631578947368,107.21649484536083,179.4871794871795,,,,,,,,,,,,,,,,,,,,,15,-0.8140825758319109,0.6153846153846154,-0.5009738928196377,14.468085106382977,3,Balanced batting profile,84085032,PK Garg,Balanced batting profile,28.285714285714285,62.25528272002593,0.6062893883193716,10.526315789473683,53.94736842105263,23.746640537513994,"Balanced batting profile; SR 112.7, RPI 14.9, boundary% 11.3; closest IPL comp: PK Garg"
38c0d699,38c0d699,Nakul Verma,SMA,bat,5,2016,2023,24.0,495.0,463.0,51.0,4.0,319.0,280.0,172.0,172.0,4.0,11.0,24.0,106.91144708423326,20.625,11.879049676025918,113.92857142857142,100.0,36.36363636363637,,,,,,,,,,,,,,,,,,,,,15,-0.5895142536951629,0.7058823529411765,-0.4161277084907033,18.72340425531915,1,Balanced batting profile,38c0d699,VVS Laxman,Balanced batting profile,28.857142857142858,43.51373113976403,1.2981251522376873,64.47368421052632,7.236842105263158,22.714305711086226,"Balanced batting profile; SR 106.9, RPI 20.6, boundary% 11.9; closest IPL comp: VVS Laxman"
97c06e86,97c06e86,Mangal Mahrour,SMA,bat,3,2019,2022,17.0,342.0,346.0,33.0,9.0,131.0,168.0,133.0,130.0,78.0,48.0,17.0,98.84393063583815,20.11764705882353,12.138728323699421,77.97619047619048,102.30769230769229,162.5,,,,,,,,,,,,,,,,,,,,,15,-0.7740343142776609,0.6296296296296297,-0.4873549386192681,14.893617021276595,3,Balanced batting profile,97c06e86,UBT Chand,Balanced batting profile,25.71428571428571,58.612384856335844,0.7061240597035741,18.75,40.131578947368425,21.78156494960806,"Balanced batting profile; SR 98.8, RPI 20.1, boundary% 12.1; closest IPL comp: UBT Chand"
58588e5a,58588e5a,Shubham Chaubey,SMA,bat,4,2016,2023,15.0,182.0,151.0,10.0,9.0,24.0,23.0,71.0,80.0,87.0,48.0,15.0,120.52980132450331,12.133333333333333,12.582781456953644,104.34782608695652,88.75,181.25,,,,,,,,,,,,,,,,,,,,,15,-0.7440924373398752,0.6,-0.4464554624039252,17.02127659574468,3,Balanced batting profile,58588e5a,Anuj Rawat,Balanced batting profile,38.0,59.11314009393907,0.6916712568658333,3.618421052631579,41.44736842105263,21.1173712206047,"Balanced batting profile; SR 120.5, RPI 12.1, boundary% 12.6; closest IPL comp: Anuj Rawat"
70a9b353,70a9b353,Rahul Buddhi,SMA,bat,3,2021,2023,15.0,237.0,188.0,22.0,6.0,8.0,3.0,105.0,107.0,124.0,78.0,15.0,126.06382978723406,15.8,14.893617021276595,266.66666666666663,98.13084112149532,158.97435897435898,,,,,,,,,,,,,,,,,,,,,15,-0.3061805463972579,0.6,-0.18370832783835483,33.61702127659574,0,High-impact batting profile,70a9b353,CH Morris,High-impact batting profile,65.42857142857143,37.08418254913766,1.6965674615450126,3.618421052631579,1.3157894736842104,21.041923292273232,"High-impact batting profile; SR 126.1, RPI 15.8, boundary% 14.9; closest IPL comp: CH Morris"
bf6e03ea,bf6e03ea,K V Sasikanth,SMA,bat,5,2016,2022,17.0,205.0,178.0,13.0,9.0,0.0,0.0,23.0,43.0,182.0,135.0,17.0,115.1685393258427,12.058823529411764,12.359550561797752,,53.48837209302325,134.8148148148148,,,,,,,,,,,,,,,,,,,,,15,-0.8719522225528562,0.6296296296296297,-0.5490069549406874,12.76595744680851,1,Balanced batting profile,bf6e03ea,TG Southee,Balanced batting profile,17.142857142857142,58.4872314266858,0.7097748954889542,18.75,38.81578947368421,20.17602183650616,"Balanced batting profile; SR 115.2, RPI 12.1, boundary% 12.4; closest IPL comp: TG Southee"
4af886ed,4af886ed,Lakshay Garg,SMA,bat,5,2016,2022,23.0,171.0,142.0,13.0,9.0,50.0,31.0,28.0,36.0,93.0,75.0,23.0,120.4225352112676,7.434782608695652,15.492957746478872,161.29032258064515,77.77777777777779,124.0,,,,,,,,,,,,,,,,,,,,,15,-0.8628455249540573,0.696969696969697,-0.6013771840588886,10.638297872340425,3,Balanced batting profile,4af886ed,AB Agarkar,Balanced batting profile,24.571428571428573,52.56333882207915,0.9024666667102045,59.86842105263158,19.078947368421055,20.132978723404257,"Balanced batting profile; SR 120.4, RPI 7.4, boundary% 15.5; closest IPL comp: AB Agarkar"
2f48362d,2f48362d,Amit Sinha,SMA,bat,4,2016,2021,18.0,318.0,303.0,18.0,13.0,13.0,29.0,170.0,187.0,135.0,87.0,18.0,104.95049504950495,17.666666666666668,10.231023102310232,44.827586206896555,90.9090909090909,155.17241379310346,,,,,,,,,,,,,,,,,,,,,15,-0.8794093813994,0.6428571428571429,-0.5653346023281859,12.340425531914894,3,Balanced batting profile,2f48362d,SB Styris,Balanced batting profile,23.714285714285715,57.026267399866775,0.7535778608619512,26.644736842105267,34.21052631578947,19.953597424412095,"Balanced batting profile; SR 105.0, RPI 17.7, boundary% 10.2; closest IPL comp: SB Styris"
ee2ac9d7,ee2ac9d7,Marimuthu Vikneshwaran,SMA,bat,3,2019,2022,21.0,161.0,175.0,12.0,5.0,25.0,29.0,57.0,71.0,79.0,75.0,21.0,92.0,7.666666666666667,9.714285714285714,86.20689655172413,80.28169014084507,105.33333333333333,,,,,,,,,,,,,,,,,,,,,15,-1.7371834809466526,0.6774193548387096,-1.1768017128993453,3.829787234042553,1,Balanced batting profile,ee2ac9d7,AD Nath,Balanced batting profile,16.857142857142858,59.06743529809222,0.6929802266737293,49.34210526315789,40.78947368421053,19.896556550951846,"Balanced batting profile; SR 92.0, RPI 7.7, boundary% 9.7; closest IPL comp: AD Nath"
f705d984,f705d984,Fabid Ahmed,SMA,bat,4,2016,2021,22.0,218.0,225.0,8.0,8.0,11.0,15.0,53.0,83.0,154.0,127.0,22.0,96.88888888888889,9.909090909090908,7.111111111111111,73.33333333333333,63.85542168674698,121.25984251968505,,,,,,,,,,,,,,,,,,,,,15,-1.6402542726861604,0.6875,-1.1276748124717353,4.680851063829787,1,Balanced batting profile,f705d984,R McLaren,Balanced batting profile,17.71428571428571,57.19407948797313,0.7484327205760551,55.5921052631579,34.868421052631575,19.86443169092945,"Balanced batting profile; SR 96.9, RPI 9.9, boundary% 7.1; closest IPL comp: R McLaren"
8e48d9a3,8e48d9a3,Himalay Agarwal,SMA,bat,3,2016,2021,16.0,218.0,226.0,12.0,7.0,29.0,37.0,145.0,157.0,44.0,32.0,16.0,96.46017699115043,13.625,8.4070796460177,78.37837837837837,92.35668789808918,137.5,,,,,,,,,,,,,,,,,,,,,15,-1.3757844899389897,0.6153846153846154,-0.8466366091932246,7.234042553191489,1,Balanced batting profile,8e48d9a3,SB Styris,Balanced batting profile,23.714285714285715,62.74885279315158,0.5936546334901921,10.526315789473683,54.60526315789473,19.57068868980963,"Balanced batting profile; SR 96.5, RPI 13.6, boundary% 8.4; closest IPL comp: SB Styris"
7ba6ef29,7ba6ef29,MN Singh,SMA,bat,3,2016,2021,17.0,218.0,200.0,17.0,9.0,170.0,165.0,48.0,35.0,0.0,0.0,17.0,109.00000000000001,12.823529411764707,13.0,103.03030303030303,137.14285714285714,,,,,,,,,,,,,,,,,,,,,,15,-0.9262033300599775,0.6296296296296297,-0.5831650596673933,11.914893617021278,3,Balanced batting profile,7ba6ef29,MD Mishra,Balanced batting profile,34.85714285714286,57.885030348830824,0.7275623662520864,18.75,36.84210526315789,19.17196248600224,"Balanced batting profile; SR 109.0, RPI 12.8, boundary% 13.0; closest IPL comp: MD Mishra"
31ee319e,31ee319e,Ajay Mandal,SMA,bat,5,2018,2023,20.0,217.0,188.0,17.0,8.0,3.0,4.0,50.0,83.0,164.0,101.0,20.0,115.42553191489363,10.85,13.297872340425531,75.0,60.24096385542169,162.3762376237624,,,,,,,,,,,,,,,,,,,,,15,-0.8869797688826109,0.6666666666666666,-0.5913198459217407,11.48936170212766,3,Balanced batting profile,31ee319e,AS Roy,Balanced batting profile,28.57142857142857,54.355756981400965,0.839731530814983,41.118421052631575,23.026315789473685,18.817959126539755,"Balanced batting profile; SR 115.4, RPI 10.8, boundary% 13.3; closest IPL comp: AS Roy"
b93a5d0b,b93a5d0b,Kolla Sumanth,SMA,bat,4,2016,2021,18.0,164.0,151.0,10.0,3.0,13.0,14.0,69.0,67.0,82.0,70.0,18.0,108.6092715231788,9.11111111111111,8.609271523178808,92.85714285714286,102.98507462686568,117.14285714285715,,,,,,,,,,,,,,,,,,,,,15,-1.3636448908684442,0.6428571428571429,-0.8766288584154286,6.808510638297872,1,Balanced batting profile,b93a5d0b,M Jansen,Balanced batting profile,14.571428571428571,58.11912665504602,0.7206039690432583,26.644736842105267,38.15789473684211,17.62129059350504,"Balanced batting profile; SR 108.6, RPI 9.1, boundary% 8.6; closest IPL comp: M Jansen"
8e02f42b,8e02f42b,Aditya Garhwal,SMA,bat,3,2018,2021,17.0,263.0,235.0,34.0,5.0,201.0,164.0,61.0,66.0,1.0,5.0,17.0,111.91489361702128,15.470588235294118,16.595744680851062,122.5609756097561,92.42424242424242,20.0,,,,,,,,,,,,,,,,,,,,,15,-0.5355690043905765,0.6296296296296297,-0.33721011387554833,22.97872340425532,1,Balanced batting profile,8e02f42b,VVS Laxman,Balanced batting profile,28.857142857142858,39.612387738619894,1.524462818546672,18.75,3.9473684210526314,17.58657614781635,"Balanced batting profile; SR 111.9, RPI 15.5, boundary% 16.6; closest IPL comp: VVS Laxman"
d6ac52e8,d6ac52e8,Akhilesh Sahani,SMA,bat,2,2019,2021,18.0,221.0,205.0,15.0,9.0,42.0,44.0,36.0,56.0,143.0,105.0,18.0,107.8048780487805,12.277777777777779,11.707317073170733,95.45454545454545,64.28571428571429,136.1904761904762,,,,,,,,,,,,,,,,,,,,,15,-1.046990436482805,0.6428571428571429,-0.6730652805960892,8.936170212765958,1,Balanced batting profile,d6ac52e8,MJ Santner,Balanced batting profile,16.57142857142857,55.66021245313796,0.7966154923356261,26.644736842105267,26.31578947368421,15.937360022396417,"Balanced batting profile; SR 107.8, RPI 12.3, boundary% 11.7; closest IPL comp: MJ Santner"
1f0b8f44,1f0b8f44,Prashanth Kumar,SMA,bat,4,2016,2021,19.0,281.0,274.0,22.0,9.0,71.0,102.0,158.0,146.0,52.0,26.0,19.0,102.55474452554745,14.789473684210526,11.313868613138686,69.6078431372549,108.21917808219179,200.0,,,,,,,,,,,,,,,,,,,,,15,-1.0362364927520638,0.6551724137931034,-0.6789135642168694,8.51063829787234,3,Balanced batting profile,1f0b8f44,B Chipli,Balanced batting profile,30.28571428571429,53.47861487629823,0.8699063210838711,33.55263157894737,21.710526315789476,15.566909294512879,"Balanced batting profile; SR 102.6, RPI 14.8, boundary% 11.3; closest IPL comp: B Chipli"
839b6d2e,839b6d2e,Saurabh Rawat,SMA,bat,2,2019,2021,19.0,300.0,265.0,20.0,11.0,60.0,59.0,179.0,178.0,61.0,28.0,19.0,113.20754716981132,15.789473684210526,11.69811320754717,101.69491525423729,100.56179775280899,217.85714285714283,,,,,,,,,,,,,,,,,,,,,15,-0.7374485661185035,0.6551724137931034,-0.48315595711212306,15.319148936170212,3,Balanced batting profile,839b6d2e,Anuj Rawat,Balanced batting profile,38.0,43.233163793435445,1.3130391399942856,33.55263157894737,5.263157894736842,15.540173572228444,"Balanced batting profile; SR 113.2, RPI 15.8, boundary% 11.7; closest IPL comp: Anuj Rawat"
c88c8a7d,c88c8a7d,Akshay Wadkar,SMA,bat,4,2018,2022,18.0,360.0,362.0,30.0,2.0,101.0,116.0,225.0,216.0,34.0,30.0,18.0,99.4475138121547,20.0,8.83977900552486,87.06896551724138,104.16666666666667,113.33333333333333,,,,,,,,,,,,,,,,,,,,,15,-0.9342397470020334,0.6428571428571429,-0.6005826945013073,11.063829787234042,3,Balanced batting profile,c88c8a7d,Lalit Yadav,Balanced batting profile,24.857142857142858,52.072551181935125,0.9203975555300189,26.644736842105267,16.447368421052634,14.746850503919372,"Balanced batting profile; SR 99.4, RPI 20.0, boundary% 8.8; closest IPL comp: Lalit Yadav"
645eaa96,645eaa96,Wasiqur Rahman,SMA,bat,4,2016,2022,15.0,95.0,112.0,3.0,4.0,3.0,17.0,35.0,47.0,57.0,48.0,15.0,84.82142857142857,6.333333333333333,6.25,17.647058823529413,74.46808510638297,118.75,,,,,,,,,,,,,,,,,,,,,15,-2.1370223135004447,0.6,-1.2822133881002669,2.553191489361702,1,Balanced batting profile,645eaa96,A Mishra,Balanced batting profile,5.428571428571429,60.233944107854974,0.6601934587072678,3.618421052631579,45.39473684210527,13.423362262038074,"Balanced batting profile; SR 84.8, RPI 6.3, boundary% 6.2; closest IPL comp: A Mishra"
15bbe51b,15bbe51b,Lalhmangaiha,SMA,bat,3,2019,2022,20.0,240.0,338.0,32.0,2.0,145.0,201.0,69.0,114.0,26.0,23.0,20.0,71.00591715976331,12.0,10.059171597633137,72.13930348258707,60.526315789473685,113.04347826086956,,,,,,,,,,,,,,,,,,,,,15,-1.917357495180301,0.6666666666666666,-1.2782383301202005,2.9787234042553195,1,Balanced batting profile,15bbe51b,R McLaren,Balanced batting profile,17.71428571428571,45.81126573883994,1.1828691782951,41.118421052631575,11.18421052631579,10.751049832026876,"Balanced batting profile; SR 71.0, RPI 12.0, boundary% 10.1; closest IPL comp: R McLaren"
4cfda770,4cfda770,Lalhruaizela,SMA,bat,4,2019,2023,24.0,207.0,370.0,12.0,3.0,47.0,111.0,85.0,170.0,75.0,89.0,24.0,55.945945945945944,8.625,4.054054054054054,42.34234234234234,50.0,84.26966292134831,,,,,,,,,,,,,,,,,,,,,15,-2.7249069661736094,0.7058823529411765,-1.9234637408284303,0.425531914893617,1,Balanced batting profile,4cfda770,WD Parnell,Balanced batting profile,8.285714285714285,38.807912844380084,1.5767940780788827,64.47368421052632,3.289473684210526,10.748740201567749,"Balanced batting profile; SR 55.9, RPI 8.6, boundary% 4.1; closest IPL comp: WD Parnell"
f9900488,f9900488,P Prafullomani,SMA,bat,4,2019,2023,15.0,197.0,261.0,17.0,5.0,86.0,127.0,81.0,103.0,30.0,31.0,15.0,75.47892720306514,13.133333333333333,8.42911877394636,67.71653543307087,78.64077669902912,96.7741935483871,,,,,,,,,,,,,,,,,,,,,15,-1.842226744495987,0.6,-1.1053360466975921,5.106382978723404,1,Balanced batting profile,f9900488,GH Vihari,Balanced batting profile,11.714285714285715,55.11313847424056,0.8144493811895542,3.618421052631579,24.342105263157894,9.692119260918252,"Balanced batting profile; SR 75.5, RPI 13.1, boundary% 8.4; closest IPL comp: GH Vihari"
4948a916,4948a916,Ashutosh Aman,SMA,bat,3,2019,2022,16.0,102.0,131.0,4.0,2.0,0.0,0.0,32.0,52.0,70.0,79.0,16.0,77.86259541984732,6.375,4.580152671755725,,61.53846153846154,88.60759493670885,,,,,,,,,,,,,,,,,,,,,15,-2.3647909009771264,0.6153846153846154,-1.455255939062847,1.702127659574468,1,Balanced batting profile,4948a916,Sandeep Sharma,Balanced batting profile,2.2857142857142856,55.94138705849904,0.7875852791320311,10.526315789473683,26.973684210526315,9.343645016797312,"Balanced batting profile; SR 77.9, RPI 6.4, boundary% 4.6; closest IPL comp: Sandeep Sharma"
59da1e8a,59da1e8a,Kangabam Singh,SMA,bat,4,2019,2023,17.0,217.0,290.0,17.0,5.0,41.0,70.0,110.0,154.0,66.0,66.0,17.0,74.82758620689656,12.764705882352942,7.586206896551724,58.57142857142858,71.42857142857143,100.0,,,,,,,,,,,,,,,,,,,,,15,-1.919019094548671,0.6296296296296297,-1.208271281752867,3.404255319148936,1,Balanced batting profile,59da1e8a,GH Vihari,Balanced batting profile,11.714285714285715,52.43697443142051,0.9070512950892046,18.75,17.763157894736842,9.295842665173572,"Balanced batting profile; SR 74.8, RPI 12.8, boundary% 7.6; closest IPL comp: GH Vihari"
61a3c20c,61a3c20c,Palzor Tamang,SMA,bat,2,2019,2021,18.0,107.0,166.0,13.0,1.0,0.0,5.0,43.0,94.0,64.0,67.0,18.0,64.45783132530121,5.944444444444445,8.433734939759036,0.0,45.744680851063826,95.52238805970148,,,,,,,,,,,,,,,,,,,,,15,-2.475800492863717,0.6428571428571429,-1.5915860311266754,1.276595744680851,1,Balanced batting profile,61a3c20c,Z Khan,Balanced batting profile,4.857142857142857,51.69612983302159,0.9343807809791534,26.644736842105267,15.131578947368421,8.545562709966406,"Balanced batting profile; SR 64.5, RPI 5.9, boundary% 8.4; closest IPL comp: Z Khan"
dde809f3,dde809f3,Techi Doria,SMA,bat,3,2019,2023,16.0,242.0,304.0,27.0,2.0,163.0,175.0,62.0,117.0,17.0,12.0,16.0,79.60526315789474,15.125,9.539473684210527,93.14285714285714,52.991452991452995,141.66666666666669,,,,,,,,,,,,,,,,,,,,,15,-1.5881659253086509,0.6153846153846154,-0.9773328771130161,5.957446808510639,1,Balanced batting profile,dde809f3,K Goel,Balanced batting profile,20.857142857142858,44.995233507607715,1.2224576294974037,10.526315789473683,10.526315789473683,7.784994400895856,"Balanced batting profile; SR 79.6, RPI 15.1, boundary% 9.5; closest IPL comp: K Goel"
60c6038a,60c6038a,Ashish Thapa,SMA,bat,2,2019,2021,18.0,170.0,291.0,10.0,1.0,89.0,148.0,69.0,128.0,12.0,15.0,18.0,58.4192439862543,9.444444444444445,3.7800687285223367,60.13513513513513,53.90625,80.0,,,,,,,,,,,,,,,,,,,,,15,-2.640947081754066,0.6428571428571429,-1.6977516954133283,0.851063829787234,1,Balanced batting profile,60c6038a,WD Parnell,Balanced batting profile,8.285714285714285,43.2764234556103,1.3107269967115578,26.644736842105267,6.578947368421052,6.152085666293393,"Balanced batting profile; SR 58.4, RPI 9.4, boundary% 3.8; closest IPL comp: WD Parnell"
4c450aee,4c450aee,Narsingh Yadav,SMA,bat,2,2019,2021,16.0,168.0,212.0,13.0,5.0,84.0,124.0,82.0,82.0,2.0,6.0,16.0,79.24528301886792,10.5,8.49056603773585,67.74193548387096,100.0,33.33333333333333,,,,,,,,,,,,,,,,,,,,,15,-1.907644952130237,0.6153846153846154,-1.173935355157069,4.25531914893617,1,Balanced batting profile,4c450aee,AD Nath,Balanced batting profile,16.857142857142858,36.71439744969404,1.723727119232168,10.526315789473683,0.6578947368421052,4.29661254199328,"Balanced batting profile; SR 79.2, RPI 10.5, boundary% 8.5; closest IPL comp: AD Nath"
96477053,96477053,Hokaito Zhimomi,SMA,bat,4,2019,2023,15.0,119.0,155.0,8.0,3.0,1.0,3.0,35.0,86.0,83.0,66.0,15.0,76.77419354838709,7.933333333333334,7.096774193548387,33.33333333333333,40.69767441860465,125.75757575757575,,,,,,,,,,,,,,,,,,,,,15,-2.173485965173046,0.6,-1.3040915791038274,2.127659574468085,1,Balanced batting profile,96477053,Z Khan,Balanced batting profile,4.857142857142857,43.52281236788597,1.297645638216768,3.618421052631579,7.894736842105263,3.7930431131019033,"Balanced batting profile; SR 76.8, RPI 7.9, boundary% 7.1; closest IPL comp: Z Khan"
01ada0ed,01ada0ed,A Nagwaswalla,SMA,bowl,4,2019,2023,,,,,,,,,,,,26.0,,,,,,,26.0,641.0,543.0,36.0,298.0,294.0,110.0,84.0,233.0,165.0,27.0,3.0,7.082872928176796,15.083333333333334,1.3846153846153846,0.2983425414364641,0.03314917127071823,6.081632653061225,7.857142857142858,8.472727272727273,15,0.8101329768667831,0.7222222222222222,0.5850960388482322,87.06467661691542,0,High-impact bowling profile,01ada0ed,SL Malinga,High-impact bowling profile,99.66887417218543,65.21241758238324,0.5334502799818667,75.64102564102564,94.87179487179486,87.3029085342518,"High-impact bowling profile; economy 7.08, bowling SR 15.1, WPI 1.38; closest IPL comp: SL Malinga"
09a71776,09a71776,Satyajeet Bachhav,SMA,bowl,4,2016,2021,,,,,,,,,,,,34.0,,,,,,,34.0,864.0,786.0,41.0,196.0,180.0,541.0,504.0,127.0,102.0,18.0,1.0,6.595419847328245,19.170731707317074,1.2058823529411764,0.13740458015267176,0.0076335877862595426,6.533333333333333,6.44047619047619,7.470588235294118,15,0.6760705001709706,0.7727272727272727,0.5224181137684772,85.57213930348259,0,High-impact bowling profile,09a71776,SP Narine,High-impact bowling profile,98.01324503311258,57.84379120451834,0.7287940143209133,94.01709401709401,77.77777777777779,84.8902921290981,"High-impact bowling profile; economy 6.60, bowling SR 19.2, WPI 1.21; closest IPL comp: SP Narine"
9d704f6f,9d704f6f,SZ Mulani,SMA,bowl,5,2018,2023,,,,,,,,,,,,31.0,,,,,,,31.0,731.0,679.0,35.0,237.0,222.0,448.0,421.0,46.0,36.0,17.0,0.0,6.459499263622975,19.4,1.1290322580645162,0.15022091310751107,0.0,6.405405405405405,6.38479809976247,7.666666666666666,15,0.6451508672826184,0.7560975609756098,0.4877969972136871,84.5771144278607,0,High-impact bowling profile,9d704f6f,SP Narine,High-impact bowling profile,98.01324503311258,59.00919192194841,0.6946512355612364,89.74358974358975,82.05128205128204,84.7206276310754,"High-impact bowling profile; economy 6.46, bowling SR 19.4, WPI 1.13; closest IPL comp: SP Narine"
bee290b6,bee290b6,Suboth Bhati,SMA,bowl,4,2016,2021,,,,,,,,,,,,33.0,,,,,,,33.0,903.0,709.0,43.0,166.0,144.0,278.0,252.0,459.0,313.0,18.0,1.0,7.6417489421720735,16.488372093023255,1.303030303030303,0.15232722143864597,0.00846262341325811,6.916666666666666,6.6190476190476195,8.798722044728436,15,0.38471053642326936,0.7674418604651163,0.29524296981320675,71.64179104477611,0,High-impact bowling profile,bee290b6,Azhar Mahmood,High-impact bowling profile,88.41059602649007,65.27687891868362,0.5319359880022984,92.3076923076923,95.72649572649573,80.76285240464344,"High-impact bowling profile; economy 7.64, bowling SR 16.5, WPI 1.30; closest IPL comp: Azhar Mahmood"
d4b8ea98,d4b8ea98,Sayan Ghosh,SMA,bowl,4,2018,2024,,,,,,,,,,,,25.0,,,,,,,25.0,662.0,534.0,32.0,124.0,114.0,225.0,192.0,313.0,228.0,27.0,1.0,7.438202247191011,16.6875,1.28,0.3033707865168539,0.011235955056179775,6.526315789473685,7.03125,8.236842105263158,15,0.4499220417462203,0.7142857142857143,0.321372886961586,73.6318407960199,0,High-impact bowling profile,d4b8ea98,KK Cooper,High-impact bowling profile,91.72185430463577,62.991760489910334,0.5875092110819388,70.94017094017094,89.74358974358975,77.25602755453501,"High-impact bowling profile; economy 7.44, bowling SR 16.7, WPI 1.28; closest IPL comp: KK Cooper"
7b5b6311,7b5b6311,CV Milind,SMA,bowl,5,2016,2023,,,,,,,,,,,,31.0,,,,,,,31.0,871.0,667.0,40.0,332.0,282.0,133.0,126.0,406.0,259.0,18.0,1.0,7.835082458770614,16.675,1.2903225806451613,0.16191904047976013,0.008995502248875561,7.063829787234042,6.333333333333334,9.405405405405405,15,0.2676525250683195,0.7560975609756098,0.20237142139311964,63.681592039801,0,High-impact bowling profile,7b5b6311,Azhar Mahmood,High-impact bowling profile,88.41059602649007,72.43381040807853,0.3805707505461707,89.74358974358975,99.14529914529915,76.45681847174384,"High-impact bowling profile; economy 7.84, bowling SR 16.7, WPI 1.29; closest IPL comp: Azhar Mahmood"
d3611425,d3611425,LI Meriwala,SMA,bowl,6,2018,2024,,,,,,,,,,,,40.0,,,,,,,40.0,999.0,830.0,62.0,362.0,348.0,216.0,180.0,421.0,302.0,10.0,0.0,7.2216867469879515,13.387096774193548,1.55,0.07228915662650603,0.0,6.241379310344827,7.199999999999999,8.364238410596027,15,1.0015108644445438,0.8,0.8012086915556351,94.5273631840796,0,High-impact bowling profile,d3611425,AD Mascarenhas,High-impact bowling profile,97.35099337748345,40.82571702289558,1.4494364653514529,97.86324786324786,17.094017094017094,75.66940936343921,"High-impact bowling profile; economy 7.22, bowling SR 13.4, WPI 1.55; closest IPL comp: AD Mascarenhas"
18e6906e,18e6906e,A Choudhary,SMA,bowl,4,2018,2022,,,,,,,,,,,,25.0,,,,,,,25.0,565.0,510.0,30.0,250.0,270.0,36.0,36.0,279.0,204.0,13.0,1.0,6.647058823529412,17.0,1.2,0.15294117647058825,0.011764705882352941,5.555555555555555,6.0,8.205882352941178,15,0.7332764079655123,0.7142857142857143,0.5237688628325088,86.06965174129353,0,High-impact bowling profile,18e6906e,A Kumble,High-impact bowling profile,97.68211920529801,51.360324014546045,0.9470282152363064,70.94017094017094,47.863247863247864,74.24862865161371,"High-impact bowling profile; economy 6.65, bowling SR 17.0, WPI 1.20; closest IPL comp: A Kumble"
3bc10d5b,3bc10d5b,Pankaj Jaswal,SMA,bowl,5,2016,2022,,,,,,,,,,,,30.0,,,,,,,30.0,717.0,559.0,43.0,272.0,201.0,207.0,180.0,238.0,178.0,13.0,1.0,7.695885509838998,13.0,1.4333333333333333,0.13953488372093023,0.010733452593917711,8.119402985074627,6.8999999999999995,8.022471910112358,15,0.6510807208832897,0.75,0.48831054066246726,85.07462686567165,0,High-impact bowling profile,3bc10d5b,Imran Tahir,High-impact bowling profile,99.00662251655629,49.73635824043046,1.0106015707179472,86.75213675213675,40.17094017094017,74.10033167495854,"High-impact bowling profile; economy 7.70, bowling SR 13.0, WPI 1.43; closest IPL comp: Imran Tahir"
e1e7f950,e1e7f950,Akshay Karnewar,SMA,bowl,5,2016,2022,,,,,,,,,,,,43.0,,,,,,,43.0,820.0,849.0,43.0,137.0,114.0,543.0,612.0,140.0,123.0,22.0,0.0,5.795053003533569,19.74418604651163,1.0,0.15547703180212014,0.0,7.2105263157894735,5.323529411764706,6.829268292682927,15,0.8088341988583703,0.8113207547169812,0.6562239726586778,90.04975124378109,0,High-impact bowling profile,e1e7f950,SP Narine,High-impact bowling profile,98.01324503311258,42.01866007179494,1.3798950235237293,99.14529914529915,19.65811965811966,73.81617553259343,"High-impact bowling profile; economy 5.80, bowling SR 19.7, WPI 1.00; closest IPL comp: SP Narine"
4312e8f9,4312e8f9,A Sheth,SMA,bowl,7,2016,2024,,,,,,,,,,,,44.0,,,,,,,44.0,1145.0,888.0,59.0,492.0,420.0,228.0,183.0,425.0,285.0,14.0,0.0,7.736486486486486,15.05084745762712,1.3409090909090908,0.09459459459459459,0.0,7.0285714285714285,7.475409836065574,8.947368421052632,15,0.4408191601189477,0.8148148148148148,0.3591859823191425,75.62189054726367,0,High-impact bowling profile,4312e8f9,CV Varun,High-impact bowling profile,94.70198675496688,52.47487912663432,0.9056737559828637,100.0,52.13675213675214,73.40732236254624,"High-impact bowling profile; economy 7.74, bowling SR 15.1, WPI 1.34; closest IPL comp: CV Varun"
cd8d2859,cd8d2859,DG Nalkande,SMA,bowl,4,2019,2024,,,,,,,,,,,,26.0,,,,,,,26.0,659.0,514.0,45.0,363.0,276.0,132.0,112.0,164.0,126.0,36.0,2.0,7.692607003891052,11.422222222222222,1.7307692307692308,0.42023346303501946,0.023346303501945526,7.891304347826088,7.071428571428571,7.80952380952381,15,1.058723264726887,0.7222222222222222,0.7646334689694183,94.02985074626866,0,High-impact bowling profile,cd8d2859,CRD Fernando,High-impact bowling profile,96.68874172185431,40.81290475800227,1.450205409121065,75.64102564102564,16.23931623931624,71.8238933537441,"High-impact bowling profile; economy 7.69, bowling SR 11.4, WPI 1.73; closest IPL comp: CRD Fernando"
a457cfb5,a457cfb5,Mayank Dagar,SMA,bowl,4,2018,2022,,,,,,,,,,,,30.0,,,,,,,30.0,605.0,641.0,31.0,48.0,54.0,447.0,484.0,110.0,103.0,5.0,0.0,5.663026521060843,20.677419354838708,1.0333333333333334,0.046801872074883,0.0,5.333333333333333,5.541322314049586,6.407766990291262,15,0.8734284929936508,0.75,0.655071369745238,89.55223880597015,0,High-impact bowling profile,a457cfb5,A Chandila,High-impact bowling profile,86.42384105960265,41.79458832099058,1.392654264996715,86.75213675213675,17.94871794871795,71.23134328358209,"High-impact bowling profile; economy 5.66, bowling SR 20.7, WPI 1.03; closest IPL comp: A Chandila"
0c0ef3fb,0c0ef3fb,Baltej Singh,SMA,bowl,6,2016,2023,,,,,,,,,,,,27.0,,,,,,,27.0,757.0,597.0,36.0,295.0,234.0,195.0,180.0,267.0,183.0,11.0,2.0,7.608040201005025,16.583333333333332,1.3333333333333333,0.11055276381909548,0.020100502512562814,7.564102564102564,6.5,8.754098360655739,15,0.43209146823657996,0.7297297297297297,0.31530999033480156,72.636815920398,0,High-impact bowling profile,0c0ef3fb,Azhar Mahmood,High-impact bowling profile,88.41059602649007,55.42926501250367,0.8041011364203029,79.48717948717949,62.39316239316239,71.10345707360632,"High-impact bowling profile; economy 7.61, bowling SR 16.6, WPI 1.33; closest IPL comp: Azhar Mahmood"
4948a916,4948a916,Ashutosh Aman,SMA,bowl,3,2019,2022,,,,,,,,,,,,23.0,,,,,,,23.0,477.0,474.0,27.0,67.0,60.0,350.0,354.0,60.0,60.0,6.0,1.0,6.037974683544304,17.555555555555557,1.173913043478261,0.0759493670886076,0.012658227848101264,6.7,5.932203389830509,6.0,15,0.9791917867718232,0.696969696969697,0.6824670029015738,92.03980099502488,0,High-impact bowling profile,4948a916,SP Narine,High-impact bowling profile,98.01324503311258,43.824352546957165,1.2818363350114856,60.68376068376068,24.786324786324787,70.52302589616022,"High-impact bowling profile; economy 6.04, bowling SR 17.6, WPI 1.17; closest IPL comp: SP Narine"
7c30f4d0,7c30f4d0,Rahil Shah,SMA,bowl,4,2016,2021,,,,,,,,,,,,18.0,,,,,,,18.0,361.0,361.0,18.0,77.0,90.0,227.0,222.0,57.0,49.0,8.0,0.0,6.0,20.055555555555557,1.0,0.1329639889196676,0.0,5.133333333333333,6.135135135135135,6.979591836734693,15,0.6955260868176409,0.6428571428571429,0.44712391295419784,81.09452736318407,0,High-impact bowling profile,7c30f4d0,A Kumble,High-impact bowling profile,97.68211920529801,56.04722812891056,0.7842095557338989,31.62393162393162,67.52136752136752,70.28064804184206,"High-impact bowling profile; economy 6.00, bowling SR 20.1, WPI 1.00; closest IPL comp: A Kumble"
cb4f31e2,cb4f31e2,Bandaru Ayyappa,SMA,bowl,4,2016,2022,,,,,,,,,,,,23.0,,,,,,,23.0,657.0,513.0,29.0,310.0,264.0,89.0,70.0,258.0,179.0,14.0,1.0,7.684210526315789,17.689655172413794,1.2608695652173914,0.16374269005847952,0.011695906432748537,7.045454545454546,7.628571428571428,8.648044692737429,15,0.2661265386520026,0.696969696969697,0.18548213299988064,61.19402985074627,0,High-impact bowling profile,cb4f31e2,A Nehra,High-impact bowling profile,93.37748344370861,65.95224862867379,0.5162485294932524,60.68376068376068,96.58119658119658,69.96428115831101,"High-impact bowling profile; economy 7.68, bowling SR 17.7, WPI 1.26; closest IPL comp: A Nehra"
fdf7491e,fdf7491e,IC Porel,SMA,bowl,3,2019,2023,,,,,,,,,,,,21.0,,,,,,,21.0,495.0,456.0,26.0,258.0,270.0,44.0,36.0,193.0,150.0,13.0,2.0,6.5131578947368425,17.53846153846154,1.2380952380952381,0.17105263157894735,0.02631578947368421,5.733333333333333,7.333333333333334,7.72,15,0.8204873450236043,0.6774193548387096,0.5558140079192158,86.56716417910447,0,High-impact bowling profile,fdf7491e,A Kumble,High-impact bowling profile,97.68211920529801,49.33696511768376,1.0268778138555827,53.41880341880342,37.60683760683761,69.3548284219926,"High-impact bowling profile; economy 6.51, bowling SR 17.5, WPI 1.24; closest IPL comp: A Kumble"
48bf9d5c,48bf9d5c,Cheepurapalli Stephen,SMA,bowl,4,2016,2023,,,,,,,,,,,,22.0,,,,,,,22.0,504.0,487.0,42.0,247.0,252.0,23.0,48.0,234.0,187.0,17.0,3.0,6.209445585215606,11.595238095238095,1.9090909090909092,0.20944558521560575,0.03696098562628337,5.8809523809523805,2.875,7.508021390374331,15,1.983451143965656,0.6875,1.3636226614763884,100.0,0,High-impact bowling profile,48bf9d5c,Sohail Tanvir,High-impact bowling profile,100.0,30.618865284828306,2.2659603505800114,57.26495726495726,2.564102564102564,69.23076923076923,"High-impact bowling profile; economy 6.21, bowling SR 11.6, WPI 1.91; closest IPL comp: Sohail Tanvir"
31ee319e,31ee319e,Ajay Mandal,SMA,bowl,5,2018,2023,,,,,,,,,,,,26.0,,,,,,,26.0,589.0,504.0,26.0,108.0,96.0,377.0,342.0,104.0,66.0,11.0,0.0,7.011904761904763,19.384615384615383,1.0,0.13095238095238093,0.0,6.75,6.614035087719298,9.454545454545453,15,0.22689933959538647,0.7222222222222222,0.1638717452633347,60.19900497512438,0,High-impact bowling profile,31ee319e,A Mishra,High-impact bowling profile,95.36423841059603,60.76127506905989,0.6457850808157378,75.64102564102564,85.47008547008546,68.83307819874983,"High-impact bowling profile; economy 7.01, bowling SR 19.4, WPI 1.00; closest IPL comp: A Mishra"
5f39537c,5f39537c,Ravi Teja,SMA,bowl,5,2018,2023,,,,,,,,,,,,20.0,,,,,,,20.0,522.0,413.0,28.0,127.0,108.0,255.0,204.0,140.0,101.0,12.0,1.0,7.583535108958838,14.75,1.4,0.17433414043583537,0.014527845036319613,7.055555555555555,7.5,8.316831683168317,15,0.5959714116316148,0.6666666666666666,0.3973142744210766,79.60199004975125,0,High-impact bowling profile,5f39537c,A Nehra,High-impact bowling profile,93.37748344370861,52.88223447101781,0.8909942251930588,45.72649572649573,54.700854700854705,68.29538206403879,"High-impact bowling profile; economy 7.58, bowling SR 14.8, WPI 1.40; closest IPL comp: A Nehra"
8998a68f,8998a68f,Sumit Kumar,SMA,bowl,4,2019,2023,,,,,,,,,,,,30.0,,,,,,,30.0,623.0,506.0,36.0,140.0,144.0,288.0,252.0,195.0,110.0,6.0,3.0,7.387351778656127,14.055555555555555,1.2,0.07114624505928853,0.035573122529644265,5.833333333333333,6.857142857142857,10.636363636363637,15,0.4913456371181801,0.75,0.36850922783863505,76.61691542288557,0,High-impact bowling profile,8998a68f,MM Patel,High-impact bowling profile,96.35761589403974,48.903740623927916,1.0448333547530597,86.75213675213675,36.75213675213676,68.17100395458604,"High-impact bowling profile; economy 7.39, bowling SR 14.1, WPI 1.20; closest IPL comp: MM Patel"
8254ea06,8254ea06,HP Patel,SMA,bowl,4,2016,2022,,,,,,,,,,,,26.0,,,,,,,26.0,603.0,547.0,30.0,104.0,114.0,453.0,391.0,46.0,42.0,26.0,0.0,6.614259597806216,18.233333333333334,1.1538461538461537,0.28519195612431447,0.0,5.473684210526315,6.951406649616368,6.571428571428572,15,0.6457009548062711,0.7222222222222222,0.4663395784711958,82.58706467661692,0,High-impact bowling profile,8254ea06,DW Steyn,High-impact bowling profile,95.03311258278146,45.17338265188195,1.2136929786867299,75.64102564102564,26.495726495726498,67.52232427605561,"High-impact bowling profile; economy 6.61, bowling SR 18.2, WPI 1.15; closest IPL comp: DW Steyn"
077da288,077da288,CP Singh,SMA,bowl,4,2016,2021,,,,,,,,,,,,20.0,,,,,,,20.0,431.0,384.0,21.0,0.0,0.0,408.0,366.0,23.0,18.0,11.0,0.0,6.734375,18.285714285714285,1.05,0.171875,0.0,,6.688524590163934,7.666666666666666,15,0.46553730080907413,0.6666666666666666,0.3103582005393828,72.13930348258707,0,High-impact bowling profile,077da288,SP Narine,High-impact bowling profile,98.01324503311258,56.24267720883508,0.7780092442735128,45.72649572649573,69.23076923076923,67.45024875621891,"High-impact bowling profile; economy 6.73, bowling SR 18.3, WPI 1.05; closest IPL comp: SP Narine"
911d04ad,911d04ad,Gurinder Singh,SMA,bowl,4,2016,2021,,,,,,,,,,,,28.0,,,,,,,28.0,722.0,612.0,29.0,49.0,36.0,525.0,468.0,148.0,108.0,19.0,0.0,7.078431372549019,21.103448275862068,1.0357142857142858,0.18627450980392157,0.0,8.166666666666668,6.730769230769231,8.222222222222223,15,0.16454819338953725,0.7368421052631579,0.12124603723439589,57.2139303482587,0,High-impact bowling profile,911d04ad,PP Ojha,High-impact bowling profile,88.0794701986755,59.45371870836908,0.6819805753533692,82.05128205128204,82.90598290598291,67.36254624314324,"High-impact bowling profile; economy 7.08, bowling SR 21.1, WPI 1.04; closest IPL comp: PP Ojha"
249abedf,249abedf,Jalaj S Saxena,SMA,bowl,5,2016,2023,,,,,,,,,,,,20.0,,,,,,,20.0,419.0,408.0,23.0,97.0,108.0,281.0,270.0,41.0,30.0,4.0,0.0,6.161764705882352,17.73913043478261,1.15,0.058823529411764705,0.0,5.388888888888889,6.2444444444444445,8.2,15,0.8835102538531475,0.6666666666666666,0.5890068359020983,88.05970149253731,0,High-impact bowling profile,249abedf,A Kumble,High-impact bowling profile,97.68211920529801,46.61262881805838,1.145341349236639,45.72649572649573,29.914529914529915,67.17342773312923,"High-impact bowling profile; economy 6.16, bowling SR 17.7, WPI 1.15; closest IPL comp: A Kumble"
ade90de7,ade90de7,S Midhun,SMA,bowl,4,2018,2022,,,,,,,,,,,,24.0,,,,,,,24.0,572.0,530.0,24.0,58.0,42.0,418.0,404.0,96.0,84.0,10.0,0.0,6.475471698113207,22.083333333333332,1.0,0.11320754716981132,0.0,8.285714285714285,6.207920792079208,6.857142857142857,15,0.37896675095292015,0.7058823529411765,0.2675059418491202,69.15422885572139,0,High-impact bowling profile,ade90de7,SP Narine,High-impact bowling profile,98.01324503311258,54.444924655078495,0.8367184936616903,65.8119658119658,60.68376068376068,66.53527235616787,"High-impact bowling profile; economy 6.48, bowling SR 22.1, WPI 1.00; closest IPL comp: SP Narine"
8f607eea,8f607eea,NA Rathva,SMA,bowl,4,2019,2023,,,,,,,,,,,,27.0,,,,,,,27.0,473.0,420.0,27.0,58.0,60.0,364.0,318.0,51.0,42.0,5.0,0.0,6.757142857142857,15.555555555555555,1.0,0.07142857142857142,0.0,5.8,6.867924528301886,7.285714285714285,15,0.5093076608727152,0.7297297297297297,0.3716569417179273,77.61194029850746,0,High-impact bowling profile,8f607eea,SP Narine,High-impact bowling profile,98.01324503311258,46.72307281019355,1.1402701916938789,79.48717948717949,31.62393162393162,66.3962240081643,"High-impact bowling profile; economy 6.76, bowling SR 15.6, WPI 1.00; closest IPL comp: SP Narine"
ec9fc54b,ec9fc54b,Akshay Wakhare,SMA,bowl,5,2016,2022,,,,,,,,,,,,40.0,,,,,,,40.0,882.0,808.0,35.0,41.0,54.0,750.0,690.0,91.0,64.0,21.0,0.0,6.54950495049505,23.085714285714285,0.875,0.15594059405940594,0.0,4.555555555555555,6.521739130434782,8.53125,15,0.15806787169316325,0.8,0.12645429735453062,58.2089552238806,2,Balanced bowling profile,ec9fc54b,A Kumble,High-impact bowling profile,97.68211920529801,55.4852830690797,0.8022797121805987,97.86324786324786,63.24786324786324,65.41682612578136,"Balanced bowling profile; economy 6.55, bowling SR 23.1, WPI 0.88; closest IPL comp: A Kumble"
a63563c0,a63563c0,Diwesh Pathania,SMA,bowl,3,2018,2021,,,,,,,,,,,,25.0,,,,,,,25.0,722.0,575.0,31.0,365.0,372.0,39.0,42.0,318.0,161.0,21.0,2.0,7.533913043478261,18.548387096774192,1.24,0.2191304347826087,0.020869565217391306,5.887096774193548,5.571428571428571,11.850931677018632,15,0.2805763313164916,0.7142857142857143,0.2004116652260655,63.18407960199005,0,High-impact bowling profile,a63563c0,R Rampaul,High-impact bowling profile,94.03973509933775,56.01339567097276,0.7852872299941985,70.94017094017094,66.66666666666666,65.21814006888633,"High-impact bowling profile; economy 7.53, bowling SR 18.5, WPI 1.24; closest IPL comp: R Rampaul"
ccae927b,ccae927b,Azim Kazi,SMA,bowl,2,2019,2021,,,,,,,,,,,,27.0,,,,,,,27.0,622.0,536.0,24.0,78.0,72.0,462.0,408.0,82.0,56.0,10.0,1.0,6.962686567164178,22.333333333333332,0.8888888888888888,0.11194029850746268,0.011194029850746268,6.5,6.794117647058823,8.785714285714285,15,0.0023238668226969184,0.7297297297297297,0.0016957947084545342,49.75124378109453,2,Balanced bowling profile,ccae927b,R Sharma,Balanced bowling profile,84.43708609271523,63.836782740517044,0.5664949846623497,79.48717948717949,91.45299145299145,64.6370710549815,"Balanced bowling profile; economy 6.96, bowling SR 22.3, WPI 0.89; closest IPL comp: R Sharma"
dddca1d6,dddca1d6,SB Wagh,SMA,bowl,3,2018,2021,,,,,,,,,,,,23.0,,,,,,,23.0,517.0,451.0,32.0,319.0,306.0,4.0,12.0,194.0,133.0,19.0,1.0,6.878048780487804,14.09375,1.391304347826087,0.2527716186252772,0.013303769401330377,6.254901960784315,2.0,8.751879699248121,15,0.9589456477657567,0.696969696969697,0.6683560575337093,91.54228855721394,0,High-impact bowling profile,dddca1d6,DE Bollinger,High-impact bowling profile,99.33774834437085,29.004279193099578,2.4477671151293787,60.68376068376068,1.7094017094017095,64.45528766424289,"High-impact bowling profile; economy 6.88, bowling SR 14.1, WPI 1.39; closest IPL comp: DE Bollinger"
0f60513c,0f60513c,Akash Choudhary,SMA,bowl,3,2019,2023,,,,,,,,,,,,18.0,,,,,,,18.0,412.0,349.0,19.0,229.0,210.0,54.0,43.0,129.0,96.0,10.0,0.0,7.083094555873926,18.36842105263158,1.0555555555555556,0.17191977077363899,0.0,6.542857142857143,7.534883720930233,8.0625,15,0.2975018032250288,0.6428571428571429,0.19125115921608998,62.68656716417911,0,High-impact bowling profile,0f60513c,GB Hogg,High-impact bowling profile,83.44370860927152,62.681038403378786,0.595378802700396,31.62393162393162,87.17948717948718,64.150401836969,"High-impact bowling profile; economy 7.08, bowling SR 18.4, WPI 1.06; closest IPL comp: GB Hogg"
de00b96c,de00b96c,Mayank Mishra,SMA,bowl,3,2019,2022,,,,,,,,,,,,16.0,,,,,,,16.0,368.0,317.0,18.0,102.0,84.0,176.0,186.0,90.0,47.0,3.0,1.0,6.965299684542588,17.61111111111111,1.125,0.056782334384858045,0.01892744479495268,7.285714285714285,5.67741935483871,11.48936170212766,15,0.46606186389127924,0.6153846153846154,0.2868073008561719,70.64676616915423,0,High-impact bowling profile,de00b96c,MM Patel,High-impact bowling profile,96.35761589403974,57.55114480475658,0.7375848966906221,17.52136752136752,76.06837606837607,64.03335884679169,"High-impact bowling profile; economy 6.97, bowling SR 17.6, WPI 1.12; closest IPL comp: MM Patel"
fb24e76c,fb24e76c,Monu Kumar,SMA,bowl,4,2016,2021,,,,,,,,,,,,19.0,,,,,,,19.0,468.0,413.0,26.0,247.0,240.0,22.0,36.0,199.0,137.0,22.0,0.0,6.799031476997579,15.884615384615385,1.368421052631579,0.3196125907990315,0.0,6.174999999999999,3.666666666666667,8.715328467153284,15,0.8977954254920076,0.6551724137931034,0.588210796012005,87.56218905472637,0,High-impact bowling profile,fb24e76c,DE Bollinger,High-impact bowling profile,99.33774834437085,42.79253569082846,1.3368561452513452,36.75213675213676,20.51282051282051,63.178339073861466,"High-impact bowling profile; economy 6.80, bowling SR 15.9, WPI 1.37; closest IPL comp: DE Bollinger"
fa73f373,fa73f373,Vikas Yadav,SMA,bowl,2,2019,2021,,,,,,,,,,,,20.0,,,,,,,20.0,501.0,462.0,20.0,25.0,30.0,438.0,390.0,38.0,42.0,4.0,0.0,6.506493506493507,23.1,1.0,0.05194805194805195,0.0,5.0,6.7384615384615385,5.428571428571429,15,0.3219418054769244,0.6666666666666666,0.21462787031794964,64.6766169154229,0,High-impact bowling profile,fa73f373,A Chandila,High-impact bowling profile,86.42384105960265,55.63137231559833,0.7975468847451258,45.72649572649573,64.1025641025641,61.69058553386912,"High-impact bowling profile; economy 6.51, bowling SR 23.1, WPI 1.00; closest IPL comp: A Chandila"
f6cb1703,f6cb1703,Vasuki Koushik,SMA,bowl,3,2019,2022,,,,,,,,,,,,24.0,,,,,,,24.0,693.0,523.0,29.0,279.0,276.0,49.0,36.0,365.0,211.0,21.0,3.0,7.950286806883366,18.03448275862069,1.2083333333333333,0.2409177820267686,0.03441682600382409,6.065217391304348,8.166666666666668,10.37914691943128,15,0.06120895850825839,0.7058823529411765,0.043206323652888304,54.22885572139303,0,High-impact bowling profile,f6cb1703,KW Richardson,Balanced bowling profile,76.49006622516556,57.03006955747054,0.7534609509677636,65.8119658119658,71.7948717948718,60.357826253348634,"High-impact bowling profile; economy 7.95, bowling SR 18.0, WPI 1.21; closest IPL comp: KW Richardson"
97114e80,97114e80,Mukhtar Hussain,SMA,bowl,4,2019,2023,,,,,,,,,,,,19.0,,,,,,,19.0,512.0,384.0,22.0,299.0,228.0,68.0,60.0,145.0,96.0,12.0,6.0,8.0,17.454545454545453,1.1578947368421053,0.1875,0.09375,7.868421052631579,6.8,9.0625,15,0.00283071265392551,0.6551724137931034,0.0018546048422270918,50.24875621890548,0,High-impact bowling profile,97114e80,A Nehra,High-impact bowling profile,93.37748344370861,66.44551675829142,0.5049924340835452,36.75213675213676,97.43589743589743,60.021048603138155,"High-impact bowling profile; economy 8.00, bowling SR 17.5, WPI 1.16; closest IPL comp: A Nehra"
779b7f4d,779b7f4d,Roosh Kalaria,SMA,bowl,4,2016,2022,,,,,,,,,,,,24.0,,,,,,,24.0,603.0,498.0,28.0,253.0,240.0,56.0,66.0,294.0,192.0,10.0,0.0,7.265060240963855,17.785714285714285,1.1666666666666667,0.12048192771084337,0.0,6.325,5.090909090909091,9.1875,15,0.3596734147001003,0.7058823529411765,0.2538871162588944,68.1592039800995,0,High-impact bowling profile,779b7f4d,MM Patel,High-impact bowling profile,96.35761589403974,47.52502288937361,1.104154694102411,65.8119658119658,33.33333333333333,59.1006505931879,"High-impact bowling profile; economy 7.27, bowling SR 17.8, WPI 1.17; closest IPL comp: MM Patel"
b2a55ac1,b2a55ac1,Utkarsh Singh,SMA,bowl,2,2019,2021,,,,,,,,,,,,16.0,,,,,,,16.0,302.0,289.0,20.0,112.0,126.0,182.0,150.0,8.0,13.0,8.0,0.0,6.269896193771626,14.45,1.25,0.16608996539792387,0.0,5.333333333333333,7.28,3.6923076923076925,15,1.0804518521620212,0.6153846153846154,0.6648934474843208,91.04477611940298,0,High-impact bowling profile,b2a55ac1,A Kumble,High-impact bowling profile,97.68211920529801,31.447938811992724,2.179858641860014,17.52136752136752,5.128205128205128,58.537122081898204,"High-impact bowling profile; economy 6.27, bowling SR 14.4, WPI 1.25; closest IPL comp: A Kumble"
7b5235a6,7b5235a6,Pappu Roy,SMA,bowl,2,2019,2021,,,,,,,,,,,,15.0,,,,,,,15.0,302.0,316.0,19.0,95.0,72.0,163.0,196.0,44.0,48.0,4.0,1.0,5.734177215189874,16.63157894736842,1.2666666666666666,0.0759493670886076,0.0189873417721519,7.916666666666666,4.989795918367347,5.5,15,1.2725533541803058,0.6,0.7635320125081835,93.53233830845771,0,High-impact bowling profile,7b5235a6,SP Narine,High-impact bowling profile,98.01324503311258,32.54698535372684,2.0724811810734836,5.982905982905983,5.982905982905983,58.512565378237014,"High-impact bowling profile; economy 5.73, bowling SR 16.6, WPI 1.27; closest IPL comp: SP Narine"
254c7802,254c7802,Ashish Yadav,SMA,bowl,3,2016,2019,,,,,,,,,,,,15.0,,,,,,,15.0,335.0,300.0,14.0,76.0,72.0,243.0,216.0,16.0,12.0,8.0,0.0,6.7,21.428571428571427,0.9333333333333333,0.16,0.0,6.333333333333334,6.75,8.0,15,0.21932665927226508,0.6,0.13159599556335907,58.70646766169154,0,High-impact bowling profile,254c7802,Harbhajan Singh,Balanced bowling profile,90.72847682119205,62.935360694932875,0.5889318643096506,5.982905982905983,88.88888888888889,58.343538716673045,"High-impact bowling profile; economy 6.70, bowling SR 21.4, WPI 0.93; closest IPL comp: Harbhajan Singh"
cb461421,cb461421,Divyang Hinganekar,SMA,bowl,3,2018,2021,,,,,,,,,,,,19.0,,,,,,,19.0,358.0,313.0,19.0,62.0,54.0,206.0,192.0,90.0,67.0,2.0,0.0,6.862619808306709,16.473684210526315,1.0,0.038338658146964855,0.0,6.888888888888889,6.4375,8.059701492537314,15,0.41982377771221513,0.6551724137931034,0.27505695781145134,69.65174129353234,0,High-impact bowling profile,cb461421,R Sharma,Balanced bowling profile,84.43708609271523,49.4199206188579,1.0234755286482895,36.75213675213676,38.46153846153847,56.91924990432453,"High-impact bowling profile; economy 6.86, bowling SR 16.5, WPI 1.00; closest IPL comp: R Sharma"
0ff9728b,0ff9728b,Ravi Kiran,SMA,bowl,5,2016,2022,,,,,,,,,,,,19.0,,,,,,,19.0,509.0,411.0,20.0,228.0,204.0,49.0,48.0,232.0,159.0,14.0,1.0,7.430656934306569,20.55,1.0526315789473684,0.20437956204379562,0.014598540145985401,6.705882352941177,6.125,8.754716981132075,15,0.03398792721906957,0.6551724137931034,0.022267952315942165,51.741293532338304,0,High-impact bowling profile,0ff9728b,JJ Bumrah,High-impact bowling profile,98.67549668874173,58.97164337808487,0.6957302573182511,36.75213675213676,81.19658119658119,56.85674193136879,"High-impact bowling profile; economy 7.43, bowling SR 20.6, WPI 1.05; closest IPL comp: JJ Bumrah"
2a6afc6f,2a6afc6f,Saurabh Kumar,SMA,bowl,4,2016,2021,,,,,,,,,,,,28.0,,,,,,,28.0,639.0,548.0,23.0,163.0,120.0,422.0,389.0,54.0,39.0,10.0,0.0,6.996350364963504,23.82608695652174,0.8214285714285714,0.1094890510948905,0.0,8.15,6.5089974293059125,8.307692307692307,15,-0.15295062617693134,0.7368421052631579,-0.11270046139352832,39.30348258706468,2,Balanced bowling profile,2a6afc6f,AR Patel,Balanced bowling profile,69.86754966887418,60.03604881282113,0.6656659120219163,82.05128205128204,83.76068376068376,56.82995280010205,"Balanced bowling profile; economy 7.00, bowling SR 23.8, WPI 0.82; closest IPL comp: AR Patel"
5876c626,5876c626,Mehdi Hassan,SMA,bowl,4,2016,2021,,,,,,,,,,,,19.0,,,,,,,19.0,511.0,424.0,19.0,142.0,126.0,295.0,252.0,74.0,46.0,3.0,0.0,7.231132075471699,22.31578947368421,1.0,0.04245283018867925,0.0,6.761904761904762,7.023809523809524,9.652173913043478,15,-0.0011561424345847698,0.6551724137931034,-0.0007574726295555053,47.76119402985074,2,Balanced bowling profile,5876c626,R Sharma,Balanced bowling profile,84.43708609271523,63.21034081065042,0.5820196302936373,36.75213675213676,90.5982905982906,56.8191095803036,"Balanced bowling profile; economy 7.23, bowling SR 22.3, WPI 1.00; closest IPL comp: R Sharma"
63bfb5fc,63bfb5fc,Chintan Gaja,SMA,bowl,5,2018,2023,,,,,,,,,,,,20.0,,,,,,,20.0,483.0,395.0,24.0,252.0,198.0,157.0,126.0,74.0,71.0,10.0,0.0,7.336708860759494,16.458333333333332,1.2,0.1518987341772152,0.0,7.636363636363637,7.476190476190476,6.253521126760563,15,0.41736113914319317,0.6666666666666666,0.2782407594287955,70.1492537313433,0,High-impact bowling profile,63bfb5fc,CV Varun,High-impact bowling profile,94.70198675496688,46.61426894042923,1.145265865432646,45.72649572649573,30.76923076923077,56.64083429008802,"High-impact bowling profile; economy 7.34, bowling SR 16.5, WPI 1.20; closest IPL comp: CV Varun"
1b7c4d69,1b7c4d69,M Mohammed,SMA,bowl,4,2018,2023,,,,,,,,,,,,31.0,,,,,,,31.0,630.0,498.0,27.0,44.0,36.0,322.0,300.0,264.0,162.0,11.0,1.0,7.590361445783133,18.444444444444443,0.8709677419354839,0.13253012048192772,0.012048192771084336,7.333333333333334,6.4399999999999995,9.777777777777777,15,-0.16609360197860212,0.7560975609756098,-0.12558296734967475,37.81094527363184,2,Balanced bowling profile,1b7c4d69,Shahid Afridi,Balanced bowling profile,68.54304635761589,58.339825038467794,0.7140949588735062,89.74358974358975,79.48717948717949,56.01990049751243,"Balanced bowling profile; economy 7.59, bowling SR 18.4, WPI 0.87; closest IPL comp: Shahid Afridi"
76307fc7,76307fc7,SS Majumder,SMA,bowl,4,2016,2023,,,,,,,,,,,,16.0,,,,,,,16.0,311.0,274.0,14.0,33.0,30.0,185.0,162.0,93.0,82.0,6.0,0.0,6.81021897810219,19.571428571428573,0.875,0.13138686131386862,0.0,6.6000000000000005,6.851851851851851,6.804878048780488,15,0.1747500800961027,0.6153846153846154,0.10753851082837095,56.71641791044776,0,High-impact bowling profile,76307fc7,SP Narine,High-impact bowling profile,98.01324503311258,57.04612772729375,0.7529673613964676,17.52136752136752,73.50427350427351,55.03412425054216,"High-impact bowling profile; economy 6.81, bowling SR 19.6, WPI 0.88; closest IPL comp: SP Narine"
5724e517,5724e517,Tanush Kotian,SMA,bowl,4,2021,2024,,,,,,,,,,,,15.0,,,,,,,15.0,296.0,289.0,18.0,16.0,18.0,266.0,252.0,14.0,19.0,20.0,0.0,6.145328719723183,16.055555555555557,1.2,0.4152249134948097,0.0,5.333333333333333,6.333333333333334,4.421052631578947,15,1.0181582212004183,0.6,0.610894932720251,88.55721393034825,0,High-impact bowling profile,5724e517,SL Malinga,High-impact bowling profile,99.66887417218543,30.71462025191584,2.255778491800251,5.982905982905983,3.418803418803419,54.8864651103457,"High-impact bowling profile; economy 6.15, bowling SR 16.1, WPI 1.20; closest IPL comp: SL Malinga"
d7b3a420,d7b3a420,Jaskaran Singh,SMA,bowl,3,2016,2021,,,,,,,,,,,,16.0,,,,,,,16.0,402.0,346.0,18.0,160.0,150.0,61.0,66.0,181.0,130.0,11.0,2.0,6.971098265895954,19.22222222222222,1.125,0.1907514450867052,0.03468208092485549,6.4,5.545454545454545,8.353846153846153,15,0.3969582672327728,0.6153846153846154,0.2442820106047833,67.16417910447761,0,High-impact bowling profile,d7b3a420,JJ Bumrah,High-impact bowling profile,98.67549668874173,51.25605567226383,0.9509889843925888,17.52136752136752,47.008547008547005,54.678849343028446,"High-impact bowling profile; economy 6.97, bowling SR 19.2, WPI 1.12; closest IPL comp: JJ Bumrah"
145c2a1f,145c2a1f,Govinda Poddar,SMA,bowl,4,2016,2021,,,,,,,,,,,,15.0,,,,,,,15.0,258.0,234.0,11.0,60.0,66.0,151.0,132.0,47.0,36.0,3.0,1.0,6.615384615384616,21.272727272727273,0.7333333333333333,0.07692307692307693,0.025641025641025644,5.454545454545454,6.863636363636364,7.833333333333334,15,0.037838925158607414,0.6,0.022703355095164485,52.23880597014925,2,Balanced bowling profile,145c2a1f,MM Ali,Balanced bowling profile,74.17218543046357,57.867788957061734,0.7280770840268432,5.982905982905983,78.63247863247864,51.898839137645105,"Balanced bowling profile; economy 6.62, bowling SR 21.3, WPI 0.73; closest IPL comp: MM Ali"
50455929,50455929,RT Arothe,SMA,bowl,3,2016,2019,,,,,,,,,,,,29.0,,,,,,,29.0,710.0,525.0,28.0,218.0,168.0,201.0,168.0,291.0,189.0,12.0,3.0,8.114285714285714,18.75,0.9655172413793104,0.13714285714285715,0.03428571428571429,7.7857142857142865,7.178571428571429,9.238095238095239,15,-0.32713946142461664,0.7435897435897436,-0.24325754823881748,29.850746268656714,0,High-impact bowling profile,50455929,PP Chawla,High-impact bowling profile,81.45695364238411,60.54421315471336,0.6516855169041865,84.1880341880342,84.61538461538461,51.69249904324531,"High-impact bowling profile; economy 8.11, bowling SR 18.8, WPI 0.97; closest IPL comp: PP Chawla"
c8f697bd,c8f697bd,SM Fallah,SMA,bowl,4,2016,2021,,,,,,,,,,,,28.0,,,,,,,28.0,736.0,604.0,26.0,331.0,348.0,33.0,32.0,372.0,224.0,23.0,0.0,7.311258278145695,23.23076923076923,0.9285714285714286,0.22847682119205298,0.0,5.706896551724138,6.1875,9.964285714285715,15,-0.1600043264127041,0.7368421052631579,-0.11789792472515036,38.80597014925373,2,Balanced bowling profile,c8f697bd,AC Thomas,Balanced bowling profile,66.55629139072848,54.88556969790534,0.8219725248441104,82.05128205128204,61.53846153846154,50.97588978185993,"Balanced bowling profile; economy 7.31, bowling SR 23.2, WPI 0.93; closest IPL comp: AC Thomas"
7c2e7c17,7c2e7c17,Kanwar Abhinay,SMA,bowl,3,2018,2022,,,,,,,,,,,,21.0,,,,,,,21.0,528.0,420.0,18.0,175.0,156.0,110.0,120.0,243.0,144.0,14.0,1.0,7.542857142857143,23.333333333333332,0.8571428571428571,0.2,0.014285714285714287,6.730769230769231,5.5,10.125,15,-0.35971989315204966,0.6774193548387096,-0.24368121794171102,29.35323383084577,2,Balanced bowling profile,7c2e7c17,AC Thomas,Balanced bowling profile,66.55629139072848,71.4861369116212,0.3988726251025523,53.41880341880342,98.29059829059828,50.19741038397754,"Balanced bowling profile; economy 7.54, bowling SR 23.3, WPI 0.86; closest IPL comp: AC Thomas"
f705d984,f705d984,Fabid Ahmed,SMA,bowl,4,2016,2021,,,,,,,,,,,,26.0,,,,,,,26.0,553.0,494.0,20.0,158.0,156.0,337.0,288.0,58.0,50.0,1.0,0.0,6.7165991902834,24.7,0.7692307692307693,0.012145748987854251,0.0,6.076923076923077,7.020833333333333,6.959999999999999,15,-0.11157543552141219,0.7222222222222222,-0.08058225898768655,42.28855721393035,2,Balanced bowling profile,f705d984,DL Vettori,Balanced bowling profile,76.82119205298014,52.492151382646206,0.9050467044309369,75.64102564102564,52.991452991452995,49.96715142237531,"Balanced bowling profile; economy 6.72, bowling SR 24.7, WPI 0.77; closest IPL comp: DL Vettori"
a00e1842,a00e1842,Writtick Chatterjee,SMA,bowl,4,2018,2024,,,,,,,,,,,,15.0,,,,,,,15.0,290.0,276.0,15.0,26.0,42.0,208.0,204.0,56.0,30.0,2.0,0.0,6.304347826086957,18.4,1.0,0.043478260869565216,0.0,3.7142857142857144,6.117647058823529,11.2,15,0.6143671530519099,0.6,0.368620291831146,77.11442786069652,0,High-impact bowling profile,a00e1842,GD McGrath,Balanced bowling profile,75.82781456953643,33.28347487760629,2.004493982906868,5.982905982905983,7.6923076923076925,49.08916953693073,"High-impact bowling profile; economy 6.30, bowling SR 18.4, WPI 1.00; closest IPL comp: GD McGrath"
791c088d,791c088d,Harishankar Reddy,SMA,bowl,5,2018,2023,,,,,,,,,,,,20.0,,,,,,,20.0,619.0,419.0,24.0,220.0,168.0,168.0,120.0,231.0,131.0,22.0,1.0,8.863961813842481,17.458333333333332,1.2,0.315035799522673,0.014319809069212411,7.857142857142858,8.399999999999999,10.580152671755725,15,-0.37270404177606986,0.6666666666666666,-0.24846936118404653,27.363184079601986,3,Balanced bowling profile,791c088d,M Prasidh Krishna,Balanced bowling profile,71.19205298013244,73.86047188265948,0.3539041580842836,45.72649572649573,100.0,48.276884806735545,"Balanced bowling profile; economy 8.86, bowling SR 17.5, WPI 1.20; closest IPL comp: M Prasidh Krishna"
389ae08a,389ae08a,Puneet Datey,SMA,bowl,4,2016,2022,,,,,,,,,,,,15.0,,,,,,,15.0,368.0,312.0,14.0,154.0,156.0,50.0,48.0,164.0,108.0,10.0,1.0,7.076923076923077,22.285714285714285,0.9333333333333333,0.1923076923076923,0.019230769230769232,5.923076923076923,6.25,9.11111111111111,15,-0.000761515169384136,0.6,-0.0004569091016304427,48.258706467661696,0,High-impact bowling profile,389ae08a,M Muralitharan,High-impact bowling profile,93.04635761589404,56.07433313515281,0.783347111038764,5.982905982905983,68.37606837606837,46.946676872050006,"High-impact bowling profile; economy 7.08, bowling SR 22.3, WPI 0.93; closest IPL comp: M Muralitharan"
5b627626,5b627626,B Aparajith,SMA,bowl,5,2016,2023,,,,,,,,,,,,16.0,,,,,,,16.0,204.0,222.0,10.0,66.0,78.0,122.0,132.0,16.0,12.0,4.0,0.0,5.513513513513514,22.2,0.625,0.10810810810810811,0.0,5.076923076923077,5.545454545454545,8.0,15,0.4157879448676504,0.6153846153846154,0.2558695045339388,68.65671641791045,2,Balanced bowling profile,5b627626,DL Vettori,Balanced bowling profile,76.82119205298014,35.55464653589787,1.812571906713646,17.52136752136752,10.256410256410255,46.386337543053955,"Balanced bowling profile; economy 5.51, bowling SR 22.2, WPI 0.62; closest IPL comp: DL Vettori"
e342d310,e342d310,Pritam Das,SMA,bowl,3,2018,2021,,,,,,,,,,,,21.0,,,,,,,21.0,557.0,420.0,19.0,240.0,210.0,78.0,60.0,239.0,150.0,11.0,6.0,7.957142857142857,22.105263157894736,0.9047619047619048,0.15714285714285714,0.08571428571428572,6.857142857142857,7.800000000000001,9.559999999999999,15,-0.45775470449715583,0.6774193548387096,-0.3100918965948474,23.88059701492537,2,Balanced bowling profile,e342d310,BA Bhatt,Balanced bowling profile,52.64900662251656,63.89139023507333,0.565156113086185,53.41880341880342,92.3076923076923,45.418101798698814,"Balanced bowling profile; economy 7.96, bowling SR 22.1, WPI 0.90; closest IPL comp: BA Bhatt"
fe5f2e48,fe5f2e48,RL Jangid,SMA,bowl,3,2016,2019,,,,,,,,,,,,20.0,,,,,,,20.0,419.0,378.0,15.0,79.0,78.0,236.0,228.0,104.0,72.0,12.0,0.0,6.65079365079365,25.2,0.75,0.19047619047619047,0.0,6.076923076923077,6.210526315789474,8.666666666666666,15,-0.12192584712175325,0.6666666666666666,-0.0812838980811688,41.7910447761194,2,Balanced bowling profile,fe5f2e48,M Muralitharan,High-impact bowling profile,93.04635761589404,52.65247005174395,0.8992461303662584,45.72649572649573,53.84615384615385,45.39513968618446,"Balanced bowling profile; economy 6.65, bowling SR 25.2, WPI 0.75; closest IPL comp: M Muralitharan"
a81e957f,a81e957f,Suryakant Pradhan,SMA,bowl,3,2018,2021,,,,,,,,,,,,19.0,,,,,,,19.0,458.0,374.0,16.0,304.0,240.0,80.0,72.0,74.0,62.0,10.0,2.0,7.347593582887701,23.375,0.8421052631578947,0.16042780748663102,0.0320855614973262,7.6,6.666666666666667,7.161290322580646,15,-0.2829271144838208,0.6551724137931034,-0.18536604052388256,33.83084577114428,2,Balanced bowling profile,a81e957f,Harbhajan Singh,Balanced bowling profile,90.72847682119205,57.568222771223695,0.7370694314709059,36.75213675213676,76.92307692307693,45.04209720627631,"Balanced bowling profile; economy 7.35, bowling SR 23.4, WPI 0.84; closest IPL comp: Harbhajan Singh"
c2ce55cb,c2ce55cb,Akash Bhandari,SMA,bowl,3,2016,2019,,,,,,,,,,,,16.0,,,,,,,16.0,327.0,312.0,12.0,16.0,18.0,275.0,264.0,36.0,30.0,1.0,0.0,6.288461538461538,26.0,0.75,0.019230769230769232,0.0,5.333333333333333,6.25,7.199999999999999,15,0.022853954157601664,0.6153846153846154,0.01406397178929337,51.243781094527364,2,Balanced bowling profile,c2ce55cb,DL Vettori,Balanced bowling profile,76.82119205298014,50.94502727407075,0.9629001170619949,17.52136752136752,45.2991452991453,44.699260109707865,"Balanced bowling profile; economy 6.29, bowling SR 26.0, WPI 0.75; closest IPL comp: DL Vettori"
ed5a5510,ed5a5510,P Dubey,SMA,bowl,3,2018,2021,,,,,,,,,,,,17.0,,,,,,,17.0,339.0,291.0,17.0,23.0,12.0,287.0,246.0,29.0,33.0,2.0,0.0,6.989690721649485,17.11764705882353,1.0,0.041237113402061855,0.0,11.5,7.0,5.2727272727272725,15,0.3310261929897599,0.6296296296296297,0.20842389928984886,64.17910447761194,0,High-impact bowling profile,ed5a5510,R Bhatia,Balanced bowling profile,72.84768211920529,32.68575006634337,2.0594372103141776,26.923076923076923,6.837606837606838,44.25532593443042,"High-impact bowling profile; economy 6.99, bowling SR 17.1, WPI 1.00; closest IPL comp: R Bhatia"
d6ac52e8,d6ac52e8,Akhilesh Sahani,SMA,bowl,2,2019,2021,,,,,,,,,,,,20.0,,,,,,,20.0,530.0,393.0,25.0,276.0,234.0,90.0,51.0,164.0,108.0,22.0,0.0,8.091603053435115,15.72,1.25,0.33587786259541985,0.0,7.076923076923077,10.588235294117647,9.11111111111111,15,0.1348873313672611,0.6666666666666666,0.0899248875781741,56.21890547263681,3,Balanced bowling profile,d6ac52e8,MJ McClenaghan,Balanced bowling profile,83.77483443708608,39.28623332346192,1.5454209156844654,45.72649572649573,13.675213675213676,44.00912106135986,"Balanced bowling profile; economy 8.09, bowling SR 15.7, WPI 1.25; closest IPL comp: MJ McClenaghan"
6d981899,6d981899,Rana Dutta,SMA,bowl,4,2016,2022,,,,,,,,,,,,16.0,,,,,,,16.0,361.0,303.0,12.0,215.0,198.0,47.0,36.0,99.0,69.0,7.0,0.0,7.1485148514851495,25.25,0.75,0.1386138613861386,0.0,6.515151515151516,7.833333333333334,8.608695652173912,15,-0.3680559992334741,0.6153846153846154,-0.22649599952829175,31.343283582089555,2,Balanced bowling profile,6d981899,Iqbal Abdulla,Balanced bowling profile,78.1456953642384,62.861829240833565,0.5907904877677715,17.52136752136752,88.03418803418803,43.44272228600586,"Balanced bowling profile; economy 7.15, bowling SR 25.2, WPI 0.75; closest IPL comp: Iqbal Abdulla"
bf6e03ea,bf6e03ea,K V Sasikanth,SMA,bowl,6,2016,2023,,,,,,,,,,,,29.0,,,,,,,29.0,827.0,590.0,25.0,236.0,186.0,373.0,282.0,218.0,122.0,41.0,1.0,8.410169491525423,23.6,0.8620689655172413,0.41694915254237286,0.010169491525423728,7.612903225806452,7.936170212765958,10.721311475409836,15,-0.7903519167214618,0.7435897435897436,-0.5876975791005742,11.940298507462686,3,Balanced bowling profile,bf6e03ea,S Sreesanth,Balanced bowling profile,62.58278145695364,64.88773070195869,0.5411233975698495,84.1880341880342,94.01709401709401,43.29665773695624,"Balanced bowling profile; economy 8.41, bowling SR 23.6, WPI 0.86; closest IPL comp: S Sreesanth"
f4ef0fd7,f4ef0fd7,Sumit Ruikar,SMA,bowl,5,2018,2023,,,,,,,,,,,,19.0,,,,,,,19.0,439.0,375.0,14.0,106.0,90.0,268.0,240.0,65.0,45.0,3.0,0.0,7.024000000000001,26.785714285714285,0.7368421052631579,0.048,0.0,7.066666666666666,6.7,8.666666666666666,15,-0.3852468336711424,0.6551724137931034,-0.2524030979224725,26.865671641791046,2,Balanced bowling profile,f4ef0fd7,DL Vettori,Balanced bowling profile,76.82119205298014,62.41203905755698,0.6022549737203593,36.75213675213676,86.32478632478633,43.21342007909172,"Balanced bowling profile; economy 7.02, bowling SR 26.8, WPI 0.74; closest IPL comp: DL Vettori"
6c7a68d0,6c7a68d0,Shubham Ranjane,SMA,bowl,2,2019,2021,,,,,,,,,,,,24.0,,,,,,,24.0,441.0,363.0,16.0,0.0,0.0,383.0,324.0,58.0,39.0,4.0,0.0,7.289256198347108,22.6875,0.6666666666666666,0.06611570247933884,0.0,,7.092592592592592,8.923076923076923,15,-0.4272649136353497,0.7058823529411765,-0.30159876256612916,24.378109452736318,2,Balanced bowling profile,6c7a68d0,Yuvraj Singh,Balanced bowling profile,47.019867549668874,57.18399831323229,0.7487409581302426,65.8119658119658,74.35897435897436,43.08840413318025,"Balanced bowling profile; economy 7.29, bowling SR 22.7, WPI 0.67; closest IPL comp: Yuvraj Singh"
1f3febed,1f3febed,Dikshanshu Negi,SMA,bowl,3,2019,2022,,,,,,,,,,,,16.0,,,,,,,16.0,288.0,264.0,11.0,47.0,42.0,226.0,210.0,15.0,12.0,0.0,0.0,6.545454545454545,24.0,0.6875,0.0,0.0,6.714285714285714,6.457142857142857,7.5,15,-0.09260175405366376,0.6153846153846154,-0.05698569480225459,43.28358208955223,2,Balanced bowling profile,1f3febed,DL Vettori,Balanced bowling profile,76.82119205298014,52.99213586114833,0.8870724566004127,17.52136752136752,56.41025641025641,42.70091848450056,"Balanced bowling profile; economy 6.55, bowling SR 24.0, WPI 0.69; closest IPL comp: DL Vettori"
d330f9b9,d330f9b9,Dharmendrasinh Jadeja,SMA,bowl,7,2016,2024,,,,,,,,,,,,38.0,,,,,,,38.0,850.0,722.0,26.0,96.0,90.0,663.0,572.0,91.0,60.0,26.0,0.0,7.063711911357341,27.76923076923077,0.6842105263157895,0.21606648199445985,0.0,6.4,6.954545454545455,9.1,15,-0.5055359512199593,0.7916666666666666,-0.4002159613824678,19.900497512437813,2,Balanced bowling profile,d330f9b9,YK Pathan,Balanced bowling profile,42.71523178807947,55.734895410592834,0.7942080856761462,96.58119658119658,64.95726495726495,42.66679423395841,"Balanced bowling profile; economy 7.06, bowling SR 27.8, WPI 0.68; closest IPL comp: YK Pathan"
8db0c0e1,8db0c0e1,Sagar Udeshi,SMA,bowl,3,2019,2022,,,,,,,,,,,,19.0,,,,,,,19.0,434.0,438.0,15.0,158.0,138.0,203.0,228.0,73.0,72.0,5.0,1.0,5.945205479452055,29.2,0.7894736842105263,0.0684931506849315,0.0136986301369863,6.869565217391305,5.342105263157895,6.083333333333333,15,0.10484907718080816,0.6551724137931034,0.0686942229805295,55.223880597014926,2,Balanced bowling profile,8db0c0e1,DL Vettori,Balanced bowling profile,76.82119205298014,40.57581117645013,1.4645225098553096,36.75213675213676,15.384615384615385,42.49330271718331,"Balanced bowling profile; economy 5.95, bowling SR 29.2, WPI 0.79; closest IPL comp: DL Vettori"
3bc94fb9,3bc94fb9,Arun Chaprana,SMA,bowl,2,2019,2021,,,,,,,,,,,,15.0,,,,,,,15.0,403.0,325.0,16.0,201.0,156.0,51.0,54.0,151.0,115.0,21.0,2.0,7.4399999999999995,20.3125,1.0666666666666667,0.38769230769230767,0.03692307692307692,7.730769230769232,5.666666666666666,7.878260869565217,15,0.055271516042602206,0.6,0.033162909625561364,52.736318407960205,0,High-impact bowling profile,3bc94fb9,WD Parnell,High-impact bowling profile,81.78807947019867,47.970504841895455,1.0846142922528539,5.982905982905983,35.04273504273504,41.29991070289578,"High-impact bowling profile; economy 7.44, bowling SR 20.3, WPI 1.07; closest IPL comp: WD Parnell"
33ffc3dd,33ffc3dd,R Sanjay Yadav,SMA,bowl,4,2018,2023,,,,,,,,,,,,20.0,,,,,,,20.0,468.0,414.0,17.0,106.0,120.0,192.0,192.0,170.0,102.0,17.0,0.0,6.782608695652174,24.352941176470587,0.85,0.2463768115942029,0.0,5.3,6.0,10.0,15,-0.03703319028394342,0.6666666666666666,-0.024688793522628913,45.27363184079602,2,Balanced bowling profile,33ffc3dd,M Muralitharan,High-impact bowling profile,93.04635761589404,46.60837848654306,1.1455369881377095,45.72649572649573,29.059829059829063,41.28811072840924,"Balanced bowling profile; economy 6.78, bowling SR 24.4, WPI 0.85; closest IPL comp: M Muralitharan"
15deff66,15deff66,Bishworjit Konthoujam,SMA,bowl,4,2019,2023,,,,,,,,,,,,24.0,,,,,,,24.0,540.0,467.0,20.0,263.0,237.0,72.0,102.0,205.0,128.0,13.0,0.0,6.937901498929337,23.35,0.8333333333333334,0.16702355460385437,0.0,6.658227848101266,4.235294117647059,9.609375,15,-0.09105409147716885,0.7058823529411765,-0.06427347633682505,42.78606965174129,2,Balanced bowling profile,15deff66,AC Thomas,Balanced bowling profile,66.55629139072848,43.21871008260027,1.3138126938281693,65.8119658119658,22.22222222222222,41.098992218395196,"Balanced bowling profile; economy 6.94, bowling SR 23.4, WPI 0.83; closest IPL comp: AC Thomas"
de4b0555,de4b0555,R Shukla,SMA,bowl,3,2016,2021,,,,,,,,,,,,20.0,,,,,,,20.0,567.0,384.0,22.0,216.0,168.0,83.0,66.0,268.0,150.0,15.0,1.0,8.859375,17.454545454545453,1.1,0.234375,0.015625,7.714285714285715,7.545454545454545,10.719999999999999,15,-0.48499448333595346,0.6666666666666666,-0.32332965555730225,23.383084577114428,3,Balanced bowling profile,de4b0555,JP Faulkner,Balanced bowling profile,60.59602649006622,58.50660538110544,0.7092087183765194,45.72649572649573,80.34188034188034,40.9742951907131,"Balanced bowling profile; economy 8.86, bowling SR 17.5, WPI 1.10; closest IPL comp: JP Faulkner"
27e71d47,27e71d47,K Upadhyay,SMA,bowl,2,2016,2019,,,,,,,,,,,,17.0,,,,,,,17.0,476.0,384.0,16.0,285.0,252.0,113.0,90.0,78.0,42.0,5.0,0.0,7.4375,24.0,0.9411764705882353,0.078125,0.0,6.785714285714286,7.533333333333333,11.142857142857142,15,-0.23908975824379036,0.6296296296296297,-0.1505379959312754,37.3134328358209,2,Balanced bowling profile,27e71d47,IC Pandey,Balanced bowling profile,56.622516556291394,53.29029711199138,0.8765142140199855,26.923076923076923,57.26495726495726,40.742760556193396,"Balanced bowling profile; economy 7.44, bowling SR 24.0, WPI 0.94; closest IPL comp: IC Pandey"
783e6111,783e6111,Chirag Jani,SMA,bowl,7,2016,2024,,,,,,,,,,,,36.0,,,,,,,36.0,917.0,737.0,28.0,235.0,192.0,402.0,396.0,280.0,149.0,26.0,1.0,7.46540027137042,26.321428571428573,0.7777777777777778,0.21166892808683851,0.008141112618724558,7.34375,6.090909090909091,11.275167785234899,15,-0.5356558024717735,0.782608695652174,-0.41920888889095315,18.407960199004975,2,Balanced bowling profile,783e6111,SB Styris,Balanced bowling profile,51.65562913907284,53.51021640330588,0.8688020105600238,94.87179487179486,58.119658119658126,39.805459880086744,"Balanced bowling profile; economy 7.47, bowling SR 26.3, WPI 0.78; closest IPL comp: SB Styris"
798cc28e,798cc28e,KM Asif,SMA,bowl,5,2018,2023,,,,,,,,,,,,18.0,,,,,,,18.0,465.0,343.0,18.0,148.0,144.0,121.0,78.0,196.0,121.0,13.0,1.0,8.134110787172013,19.055555555555557,1.0,0.2274052478134111,0.01749271137026239,6.166666666666666,9.307692307692308,9.71900826446281,15,-0.30987771842475054,0.6428571428571429,-0.19920710470162534,33.33333333333333,3,Balanced bowling profile,798cc28e,D Wiese,Balanced bowling profile,58.27814569536424,52.90122870410412,0.890315262039309,31.62393162393162,55.55555555555556,38.63247863247863,"Balanced bowling profile; economy 8.13, bowling SR 19.1, WPI 1.00; closest IPL comp: D Wiese"
47ccd2bb,47ccd2bb,Amulya Pandrekar,SMA,bowl,4,2018,2022,,,,,,,,,,,,16.0,,,,,,,16.0,334.0,286.0,11.0,60.0,66.0,210.0,180.0,64.0,40.0,2.0,0.0,7.0069930069930075,26.0,0.6875,0.04195804195804196,0.0,5.454545454545454,7.0,9.600000000000001,15,-0.4011860584028861,0.6153846153846154,-0.2468837282479299,27.860696517412936,2,Balanced bowling profile,47ccd2bb,GD McGrath,Balanced bowling profile,75.82781456953643,57.03907215509452,0.7531841985102901,17.52136752136752,72.64957264957265,37.50701620104604,"Balanced bowling profile; economy 7.01, bowling SR 26.0, WPI 0.69; closest IPL comp: GD McGrath"
481dd6dc,481dd6dc,Abhay Negi,SMA,bowl,3,2018,2021,,,,,,,,,,,,19.0,,,,,,,19.0,518.0,426.0,18.0,224.0,234.0,33.0,36.0,261.0,156.0,24.0,1.0,7.295774647887324,23.666666666666668,0.9473684210526315,0.3380281690140845,0.014084507042253521,5.743589743589744,5.5,10.038461538461538,15,-0.148779244428594,0.6551724137931034,-0.09747605669459604,41.29353233830846,0,High-impact bowling profile,481dd6dc,DW Steyn,High-impact bowling profile,95.03311258278146,43.82262456801793,1.2819263105701966,36.75213675213676,23.931623931623932,36.27184589871157,"High-impact bowling profile; economy 7.30, bowling SR 23.7, WPI 0.95; closest IPL comp: DW Steyn"
10636efb,10636efb,Ajay Sarkar,SMA,bowl,6,2016,2023,,,,,,,,,,,,24.0,,,,,,,24.0,598.0,477.0,16.0,244.0,204.0,157.0,132.0,197.0,141.0,20.0,5.0,7.522012578616353,29.8125,0.6666666666666666,0.25157232704402516,0.06289308176100629,7.1764705882352935,7.136363636363637,8.382978723404255,15,-0.8344340496968565,0.7058823529411765,-0.5890122703742517,11.442786069651742,2,Balanced bowling profile,10636efb,KH Pandya,Balanced bowling profile,58.609271523178805,57.27259240103998,0.7460358577759115,65.8119658119658,75.21367521367522,35.54088531700472,"Balanced bowling profile; economy 7.52, bowling SR 29.8, WPI 0.67; closest IPL comp: KH Pandya"
49bacd0f,49bacd0f,Mihir Hirwani,SMA,bowl,4,2016,2021,,,,,,,,,,,,22.0,,,,,,,22.0,496.0,419.0,17.0,0.0,0.0,460.0,384.0,36.0,35.0,9.0,0.0,7.102625298329356,24.647058823529413,0.7727272727272727,0.12887828162291168,0.0,,7.1875,6.171428571428571,15,-0.29468827162904654,0.6875,-0.20259818674496946,32.83582089552239,2,Balanced bowling profile,49bacd0f,AR Patel,Balanced bowling profile,69.86754966887418,46.3826113117997,1.1559803808320743,57.26495726495726,28.205128205128204,35.34251817833907,"Balanced bowling profile; economy 7.10, bowling SR 24.6, WPI 0.77; closest IPL comp: AR Patel"
9601c534,9601c534,SD Lad,SMA,bowl,5,2016,2022,,,,,,,,,,,,26.0,,,,,,,26.0,386.0,324.0,17.0,66.0,54.0,282.0,234.0,38.0,36.0,26.0,1.0,7.148148148148148,19.058823529411764,0.6538461538461539,0.48148148148148145,0.018518518518518517,7.333333333333334,7.23076923076923,6.333333333333334,15,-0.22353617094457234,0.7222222222222222,-0.16144279012663554,35.32338308457712,2,Balanced bowling profile,9601c534,DP Nannes,High-impact bowling profile,81.12582781456953,36.7071556957088,1.7242644684586759,75.64102564102564,11.11111111111111,35.317961474677894,"Balanced bowling profile; economy 7.15, bowling SR 19.1, WPI 0.65; closest IPL comp: DP Nannes"
5d3d423a,5d3d423a,Girinath Reddy,SMA,bowl,5,2016,2022,,,,,,,,,,,,17.0,,,,,,,17.0,303.0,249.0,11.0,71.0,60.0,156.0,120.0,76.0,69.0,5.0,0.0,7.301204819277109,22.636363636363637,0.6470588235294118,0.12048192771084337,0.0,7.1,7.800000000000001,6.608695652173913,15,-0.4535105443470848,0.6296296296296297,-0.2855436760703867,25.870646766169152,2,Balanced bowling profile,5d3d423a,R Tewatia,Balanced bowling profile,38.41059602649007,53.76247958512386,0.8600332568676782,26.923076923076923,58.97435897435898,34.304439341752776,"Balanced bowling profile; economy 7.30, bowling SR 22.6, WPI 0.65; closest IPL comp: R Tewatia"
ce2b42ae,ce2b42ae,Darshan Misal,SMA,bowl,5,2016,2022,,,,,,,,,,,,33.0,,,,,,,33.0,791.0,668.0,21.0,168.0,162.0,461.0,408.0,162.0,98.0,14.0,0.0,7.104790419161677,31.80952380952381,0.6363636363636364,0.12574850299401197,0.0,6.222222222222221,6.779411764705882,9.918367346938776,15,-0.7467232724584361,0.7674418604651163,-0.5730666974681021,12.935323383084576,2,Balanced bowling profile,ce2b42ae,SB Styris,Balanced bowling profile,51.65562913907284,51.54387154660785,0.9400948551095226,92.3076923076923,49.572649572649574,34.00051026916699,"Balanced bowling profile; economy 7.10, bowling SR 31.8, WPI 0.64; closest IPL comp: SB Styris"
13dd2a4b,13dd2a4b,Pankaj Rao,SMA,bowl,3,2018,2022,,,,,,,,,,,,16.0,,,,,,,16.0,384.0,303.0,15.0,234.0,210.0,43.0,42.0,107.0,51.0,10.0,2.0,7.603960396039604,20.2,0.9375,0.198019801980198,0.039603960396039604,6.685714285714286,6.142857142857142,12.588235294117649,15,-0.16865340323994815,0.6153846153846154,-0.1037867096861219,40.79601990049751,2,Balanced bowling profile,13dd2a4b,AC Thomas,Balanced bowling profile,66.55629139072848,46.32840320127968,1.1585030583837996,17.52136752136752,27.350427350427353,33.94342390611047,"Balanced bowling profile; economy 7.60, bowling SR 20.2, WPI 0.94; closest IPL comp: AC Thomas"
4a15018a,4a15018a,Harsh Tyagi,SMA,bowl,5,2019,2024,,,,,,,,,,,,30.0,,,,,,,30.0,659.0,565.0,18.0,81.0,78.0,440.0,391.0,138.0,96.0,4.0,1.0,6.998230088495576,31.38888888888889,0.6,0.04247787610619469,0.010619469026548672,6.230769230769232,6.751918158567776,8.625,15,-0.7188759763386534,0.75,-0.5391569822539901,14.925373134328357,2,Balanced bowling profile,4a15018a,DL Vettori,Balanced bowling profile,76.82119205298014,51.01685808761233,0.9601363891964473,86.75213675213675,46.15384615384615,33.50650593187906,"Balanced bowling profile; economy 7.00, bowling SR 31.4, WPI 0.60; closest IPL comp: DL Vettori"
24d163d7,24d163d7,Himanshu Bisht,SMA,bowl,3,2019,2022,,,,,,,,,,,,15.0,,,,,,,15.0,309.0,252.0,11.0,14.0,6.0,233.0,198.0,62.0,48.0,6.0,0.0,7.357142857142858,22.90909090909091,0.7333333333333333,0.14285714285714285,0.0,14.0,7.0606060606060606,7.75,15,-0.3932050254574473,0.6,-0.23592301527446832,30.845771144278604,2,Balanced bowling profile,24d163d7,R Bhatia,Balanced bowling profile,72.84768211920529,52.1043997179471,0.9192237227820034,5.982905982905983,50.427350427350426,32.011736190840665,"Balanced bowling profile; economy 7.36, bowling SR 22.9, WPI 0.73; closest IPL comp: R Bhatia"
52cb36a0,52cb36a0,Manisankar Murasingh,SMA,bowl,6,2016,2023,,,,,,,,,,,,37.0,,,,,,,37.0,887.0,727.0,27.0,566.0,516.0,52.0,54.0,269.0,157.0,47.0,9.0,7.320495185694636,26.925925925925927,0.7297297297297297,0.38789546079779924,0.07427785419532325,6.581395348837209,5.777777777777778,10.280254777070065,15,-0.5445669589329715,0.7872340425531915,-0.42870164852170095,17.91044776119403,2,Balanced bowling profile,52cb36a0,KP Pietersen,Balanced bowling profile,49.337748344370866,43.95444898690063,1.2750825526171914,95.72649572649573,25.64102564102564,31.515499425947183,"Balanced bowling profile; economy 7.32, bowling SR 26.9, WPI 0.73; closest IPL comp: KP Pietersen"
fcd1dd35,fcd1dd35,Ayush Jamwal,SMA,bowl,2,2019,2021,,,,,,,,,,,,20.0,,,,,,,20.0,436.0,434.0,13.0,107.0,114.0,251.0,249.0,78.0,71.0,11.0,0.0,6.0276497695852544,33.38461538461539,0.65,0.15207373271889402,0.0,5.631578947368421,6.048192771084338,6.591549295774648,15,-0.2676506669331681,0.6666666666666666,-0.17843377795544535,34.32835820895522,2,Balanced bowling profile,fcd1dd35,DL Vettori,Balanced bowling profile,76.82119205298014,38.672922960868355,1.585788514128765,45.72649572649573,11.965811965811966,30.447442275800483,"Balanced bowling profile; economy 6.03, bowling SR 33.4, WPI 0.65; closest IPL comp: DL Vettori"
4af886ed,4af886ed,Lakshay Garg,SMA,bowl,6,2016,2023,,,,,,,,,,,,33.0,,,,,,,33.0,920.0,671.0,26.0,445.0,312.0,165.0,162.0,310.0,197.0,34.0,1.0,8.226527570789866,25.807692307692307,0.7878787878787878,0.30402384500745155,0.00894187779433681,8.557692307692308,6.111111111111112,9.441624365482234,15,-0.876185561423405,0.7674418604651163,-0.6724214773714504,9.45273631840796,2,Balanced bowling profile,4af886ed,DT Christian,Balanced bowling profile,53.973509933774835,50.82100897199867,0.9676901742564364,92.3076923076923,43.58974358974359,30.415231534634522,"Balanced bowling profile; economy 8.23, bowling SR 25.8, WPI 0.79; closest IPL comp: DT Christian"
663b5e34,663b5e34,PN Mankad,SMA,bowl,5,2016,2024,,,,,,,,,,,,25.0,,,,,,,25.0,542.0,375.0,19.0,68.0,48.0,427.0,291.0,47.0,36.0,13.0,4.0,8.672,19.736842105263158,0.76,0.208,0.064,8.5,8.804123711340205,7.833333333333334,15,-0.8769376948779686,0.7142857142857143,-0.6263840677699776,10.945273631840797,3,Balanced bowling profile,663b5e34,S Sandeep Warrier,Balanced bowling profile,37.41721854304636,52.373992242487404,0.9093446139642739,70.94017094017094,51.28205128205128,30.02870264064294,"Balanced bowling profile; economy 8.67, bowling SR 19.7, WPI 0.76; closest IPL comp: S Sandeep Warrier"
76cc7070,76cc7070,K D Patel,SMA,bowl,5,2018,2023,,,,,,,,,,,,17.0,,,,,,,17.0,538.0,370.0,12.0,212.0,156.0,151.0,102.0,175.0,112.0,17.0,4.0,8.724324324324325,30.833333333333332,0.7058823529411765,0.2756756756756757,0.06486486486486487,8.153846153846153,8.882352941176471,9.375,15,-1.421031900363251,0.6296296296296297,-0.8947237891176025,3.9800995024875623,3,Balanced bowling profile,76cc7070,Navdeep Saini,Balanced bowling profile,18.211920529801322,64.79788132936949,0.5432603342645901,26.923076923076923,93.16239316239316,29.717119530552367,"Balanced bowling profile; economy 8.72, bowling SR 30.8, WPI 0.71; closest IPL comp: Navdeep Saini"
e4072aa1,e4072aa1,AH Hooda,SMA,bowl,3,2016,2019,,,,,,,,,,,,24.0,,,,,,,24.0,524.0,444.0,18.0,344.0,288.0,13.0,6.0,167.0,150.0,17.0,1.0,7.081081081081081,24.666666666666668,0.75,0.22972972972972971,0.013513513513513514,7.166666666666666,13.0,6.68,15,-0.3109969369000666,0.7058823529411765,-0.21952724957651756,32.33830845771145,3,Balanced bowling profile,e4072aa1,V Nigam,Balanced bowling profile,15.894039735099339,23.68100894256419,3.2227930508594267,65.8119658119658,0.8547008547008548,29.488455160096954,"Balanced bowling profile; economy 7.08, bowling SR 24.7, WPI 0.75; closest IPL comp: V Nigam"
76a33e00,76a33e00,Imliwati Lemtur,SMA,bowl,4,2019,2023,,,,,,,,,,,,21.0,,,,,,,21.0,442.0,371.0,14.0,93.0,78.0,333.0,278.0,16.0,15.0,13.0,0.0,7.1482479784366575,26.5,0.6666666666666666,0.21024258760107817,0.0,7.153846153846153,7.187050359712231,6.4,15,-0.5149134061580799,0.6774193548387096,-0.34881230739740887,21.393034825870647,2,Balanced bowling profile,76a33e00,R Ashwin,Balanced bowling profile,80.79470198675497,47.73028542918033,1.0951058452892493,53.41880341880342,34.18803418803419,29.395649955351445,"Balanced bowling profile; economy 7.15, bowling SR 26.5, WPI 0.67; closest IPL comp: R Ashwin"
69cbffb8,69cbffb8,Rajjakuddin Ahmed,SMA,bowl,4,2018,2022,,,,,,,,,,,,25.0,,,,,,,25.0,482.0,348.0,17.0,83.0,54.0,292.0,228.0,107.0,66.0,4.0,4.0,8.310344827586206,20.470588235294116,0.68,0.06896551724137931,0.06896551724137931,9.222222222222221,7.684210526315789,9.727272727272727,15,-0.8215214492846615,0.7142857142857143,-0.5868010352033297,12.437810945273633,2,Balanced bowling profile,69cbffb8,SB Jakati,Balanced bowling profile,59.27152317880795,50.880041230851766,0.9654072123542957,70.94017094017094,44.44444444444444,29.214823319300933,"Balanced bowling profile; economy 8.31, bowling SR 20.5, WPI 0.68; closest IPL comp: SB Jakati"
8da6dbf1,8da6dbf1,Sagar Trivedi,SMA,bowl,4,2016,2021,,,,,,,,,,,,17.0,,,,,,,17.0,537.0,354.0,17.0,210.0,132.0,157.0,102.0,170.0,120.0,20.0,4.0,9.101694915254237,20.823529411764707,1.0,0.3389830508474576,0.06779661016949153,9.545454545454545,9.23529411764706,8.5,15,-0.8570754750143693,0.6296296296296297,-0.5396401138979362,14.427860696517413,3,Balanced bowling profile,8da6dbf1,AS Joseph,Balanced bowling profile,34.437086092715234,55.98047342742169,0.7863371614684418,26.923076923076923,65.8119658119658,29.14816940936344,"Balanced bowling profile; economy 9.10, bowling SR 20.8, WPI 1.00; closest IPL comp: AS Joseph"
8b018008,8b018008,Vikash Singh,SMA,bowl,4,2016,2021,,,,,,,,,,,,20.0,,,,,,,20.0,569.0,408.0,14.0,222.0,192.0,125.0,90.0,222.0,126.0,23.0,6.0,8.367647058823529,29.142857142857142,0.7,0.3382352941176471,0.08823529411764705,6.9375,8.333333333333332,10.571428571428571,15,-1.1833462625820217,0.6666666666666666,-0.7888975083880144,5.970149253731343,3,Balanced bowling profile,8b018008,P Kumar,Balanced bowling profile,53.64238410596026,56.70162786964516,0.7636177964748405,45.72649572649573,70.94017094017094,28.1761066462559,"Balanced bowling profile; economy 8.37, bowling SR 29.1, WPI 0.70; closest IPL comp: P Kumar"
c2ed5822,c2ed5822,Lalhruai Ralte,SMA,bowl,4,2019,2023,,,,,,,,,,,,22.0,,,,,,,22.0,618.0,384.0,13.0,397.0,246.0,113.0,84.0,108.0,54.0,14.0,3.0,9.65625,29.53846153846154,0.5909090909090909,0.21875,0.046875,9.682926829268293,8.071428571428573,12.0,15,-1.9566470770280595,0.6875,-1.345194865456791,1.9900497512437811,1,Balanced bowling profile,c2ed5822,BCJ Cutting,Balanced bowling profile,12.91390728476821,56.471168564494754,0.7708151352630805,57.26495726495726,70.08547008547008,27.305140961857376,"Balanced bowling profile; economy 9.66, bowling SR 29.5, WPI 0.59; closest IPL comp: BCJ Cutting"
61a3c20c,61a3c20c,Palzor Tamang,SMA,bowl,2,2019,2021,,,,,,,,,,,,17.0,,,,,,,17.0,314.0,238.0,9.0,120.0,96.0,142.0,108.0,52.0,34.0,4.0,1.0,7.915966386554622,26.444444444444443,0.5294117647058824,0.10084033613445378,0.025210084033613446,7.5,7.888888888888889,9.176470588235293,15,-1.046529529588719,0.6296296296296297,-0.6589260001114157,9.950248756218906,2,Balanced bowling profile,61a3c20c,Yuvraj Singh,Balanced bowling profile,47.019867549668874,53.95296121057736,0.8534663854631065,26.923076923076923,59.82905982905983,24.965875749457837,"Balanced bowling profile; economy 7.92, bowling SR 26.4, WPI 0.53; closest IPL comp: Yuvraj Singh"
0af3426f,0af3426f,SS Mundhe,SMA,bowl,5,2016,2022,,,,,,,,,,,,23.0,,,,,,,23.0,502.0,367.0,12.0,188.0,156.0,180.0,132.0,134.0,79.0,20.0,0.0,8.20708446866485,30.583333333333332,0.5217391304347826,0.32697547683923706,0.0,7.23076923076923,8.181818181818182,10.177215189873417,15,-1.3683087763089228,0.696969696969697,-0.9536697531850068,2.9850746268656714,2,Balanced bowling profile,0af3426f,R Dhawan,Balanced bowling profile,40.06622516556291,51.53306066969691,0.9405018584274232,60.68376068376068,48.717948717948715,23.073096058170684,"Balanced bowling profile; economy 8.21, bowling SR 30.6, WPI 0.52; closest IPL comp: R Dhawan"
5b4d1d4e,5b4d1d4e,Nagaho Chishi,SMA,bowl,4,2019,2023,,,,,,,,,,,,15.0,,,,,,,15.0,281.0,227.0,8.0,167.0,132.0,52.0,47.0,62.0,48.0,11.0,4.0,7.427312775330397,28.375,0.5333333333333333,0.29074889867841414,0.10572687224669605,7.590909090909091,6.638297872340425,7.75,15,-0.8818022955451563,0.6,-0.5290813773270938,15.92039800995025,2,Balanced bowling profile,5b4d1d4e,RR Powar,Balanced bowling profile,32.78145695364238,50.59736652239965,0.9763874460883177,5.982905982905983,42.73504273504273,21.133435387166728,"Balanced bowling profile; economy 7.43, bowling SR 28.4, WPI 0.53; closest IPL comp: RR Powar"
13903f13,13903f13,Tahmeed Rahman,SMA,bowl,4,2019,2023,,,,,,,,,,,,21.0,,,,,,,21.0,482.0,339.0,12.0,35.0,30.0,385.0,279.0,62.0,30.0,7.0,0.0,8.530973451327434,28.25,0.5714285714285714,0.12389380530973451,0.0,7.0,8.279569892473118,12.400000000000002,15,-1.3741838631185164,0.6774193548387096,-0.9308987459835111,3.482587064676617,2,Balanced bowling profile,13903f13,K Gowtham,Balanced bowling profile,27.483443708609272,49.68505254478668,1.0126777547403991,53.41880341880342,39.31623931623932,19.931432580686312,"Balanced bowling profile; economy 8.53, bowling SR 28.2, WPI 0.57; closest IPL comp: K Gowtham"
a0d66374,a0d66374,T Pradeep,SMA,bowl,3,2019,2022,,,,,,,,,,,,17.0,,,,,,,17.0,553.0,366.0,15.0,249.0,204.0,64.0,48.0,240.0,114.0,19.0,1.0,9.065573770491802,24.4,0.8823529411764706,0.3114754098360656,0.01639344262295082,7.3235294117647065,8.0,12.631578947368421,15,-1.1213874985196952,0.6296296296296297,-0.7060587953642525,8.45771144278607,3,Balanced bowling profile,a0d66374,AS Rajpoot,Balanced bowling profile,28.807947019867548,48.278673247720896,1.0713079559351957,26.923076923076923,35.8974358974359,18.087447378492158,"Balanced bowling profile; economy 9.07, bowling SR 24.4, WPI 0.88; closest IPL comp: AS Rajpoot"
fe473dc2,fe473dc2,Ishwar Chaudhary,SMA,bowl,2,2018,2019,,,,,,,,,,,,16.0,,,,,,,16.0,413.0,286.0,11.0,298.0,216.0,29.0,18.0,86.0,52.0,22.0,1.0,8.664335664335663,26.0,0.6875,0.46153846153846156,0.02097902097902098,8.277777777777777,9.666666666666668,9.923076923076923,15,-1.2139180216287617,0.6153846153846154,-0.7470264748484688,7.462686567164178,3,Balanced bowling profile,fe473dc2,BB Sran,Balanced bowling profile,15.562913907284766,50.0787486329395,0.9968550079588966,17.52136752136752,41.02564102564102,17.36222732491389,"Balanced bowling profile; economy 8.66, bowling SR 26.0, WPI 0.69; closest IPL comp: BB Sran"
bc67cc22,bc67cc22,Bavanaka Sandeep,SMA,bowl,4,2016,2021,,,,,,,,,,,,21.0,,,,,,,21.0,294.0,264.0,7.0,44.0,42.0,228.0,204.0,22.0,18.0,2.0,0.0,6.681818181818182,37.714285714285715,0.3333333333333333,0.045454545454545456,0.0,6.2857142857142865,6.705882352941177,7.333333333333334,15,-1.1297120365857807,0.6774193548387096,-0.7652887989774643,6.467661691542288,2,Balanced bowling profile,bc67cc22,SK Raina,Balanced bowling profile,14.56953642384106,41.83050598116146,1.3905998183487287,53.41880341880342,18.803418803418804,16.594272228600587,"Balanced bowling profile; economy 6.68, bowling SR 37.7, WPI 0.33; closest IPL comp: SK Raina"
bcaf7d33,bcaf7d33,RN Gurbani,SMA,bowl,3,2016,2019,,,,,,,,,,,,15.0,,,,,,,15.0,384.0,288.0,12.0,256.0,210.0,20.0,24.0,108.0,54.0,18.0,0.0,8.0,24.0,0.8,0.375,0.0,7.314285714285715,5.0,12.0,15,-0.6768530434684492,0.6,-0.40611182608106944,19.402985074626866,2,Balanced bowling profile,bcaf7d33,AB Dinda,Balanced bowling profile,62.913907284768214,39.54173239083587,1.5289736679108135,5.982905982905983,14.529914529914532,16.171705574690648,"Balanced bowling profile; economy 8.00, bowling SR 24.0, WPI 0.80; closest IPL comp: AB Dinda"
f3ba1bdc,f3ba1bdc,Rex Rajkumar,SMA,bowl,4,2019,2023,,,,,,,,,,,,16.0,,,,,,,16.0,351.0,269.0,8.0,234.0,198.0,61.0,46.0,56.0,25.0,5.0,1.0,7.828996282527882,33.625,0.5,0.11152416356877323,0.022304832713754646,7.090909090909092,7.956521739130434,13.440000000000001,15,-1.332929174656776,0.6153846153846154,-0.8202641074810929,4.477611940298507,1,Balanced bowling profile,f3ba1bdc,JD Ryder,Balanced bowling profile,34.105960264900666,50.53253152462124,0.9789232200107857,17.52136752136752,41.88034188034188,15.784857762469702,"Balanced bowling profile; economy 7.83, bowling SR 33.6, WPI 0.50; closest IPL comp: JD Ryder"
76860ea3,76860ea3,Lamabam Singh,SMA,bowl,3,2019,2023,,,,,,,,,,,,15.0,,,,,,,15.0,360.0,259.0,10.0,82.0,54.0,212.0,168.0,66.0,37.0,1.0,0.0,8.33976833976834,25.9,0.6666666666666666,0.02316602316602317,0.0,9.11111111111111,7.571428571428571,10.702702702702702,15,-1.0745380661940604,0.6,-0.6447228397164363,10.44776119402985,2,Balanced bowling profile,76860ea3,Washington Sundar,Balanced bowling profile,36.092715231788084,46.82020969345099,1.1358298191045386,5.982905982905983,32.47863247863248,15.285750733511927,"Balanced bowling profile; economy 8.34, bowling SR 25.9, WPI 0.67; closest IPL comp: Washington Sundar"
66ea7420,66ea7420,G Lalbiakvela,SMA,bowl,4,2019,2023,,,,,,,,,,,,23.0,,,,,,,23.0,580.0,360.0,11.0,158.0,96.0,258.0,204.0,164.0,60.0,14.0,6.0,9.666666666666668,32.72727272727273,0.4782608695652174,0.23333333333333334,0.1,9.875,7.588235294117647,16.4,15,-2.2221037441593308,0.696969696969697,-1.5487389732019579,0.4975124378109453,1,Balanced bowling profile,66ea7420,Abhishek Sharma,Balanced bowling profile,5.960264900662252,43.1568602106074,1.3171287139980887,60.68376068376068,21.367521367521366,14.742951907131012,"Balanced bowling profile; economy 9.67, bowling SR 32.7, WPI 0.48; closest IPL comp: Abhishek Sharma"
f1809c03,f1809c03,Tanay Thyagarajan,SMA,bowl,4,2018,2023,,,,,,,,,,,,16.0,,,,,,,16.0,365.0,342.0,9.0,82.0,48.0,258.0,270.0,25.0,24.0,1.0,2.0,6.403508771929824,38.0,0.5625,0.017543859649122806,0.03508771929824561,10.25,5.733333333333333,6.25,15,-0.7421406080951065,0.6153846153846154,-0.4567019126739117,17.412935323383085,2,Balanced bowling profile,f1809c03,J Yadav,Balanced bowling profile,16.55629139072848,30.956470305849187,2.2303424457634344,17.52136752136752,4.273504273504273,14.144342390611046,"Balanced bowling profile; economy 6.40, bowling SR 38.0, WPI 0.56; closest IPL comp: J Yadav"
40caa465,40caa465,T Kohli,SMA,bowl,3,2019,2022,,,,,,,,,,,,17.0,,,,,,,17.0,393.0,232.0,8.0,61.0,48.0,120.0,78.0,212.0,106.0,10.0,1.0,10.163793103448276,29.0,0.47058823529411764,0.25862068965517243,0.02586206896551724,7.625,9.230769230769232,12.0,15,-2.3213947253422154,0.6296296296296297,-1.461618901141395,0.9950248756218906,1,Balanced bowling profile,40caa465,Pankaj Singh,Balanced bowling profile,13.90728476821192,43.678660976177504,1.2894474730931054,26.923076923076923,23.076923076923077,10.40470723306544,"Balanced bowling profile; economy 10.16, bowling SR 29.0, WPI 0.47; closest IPL comp: Pankaj Singh"
3b63b5cc,3b63b5cc,Shiva Singh,SMA,bowl,4,2019,2023,,,,,,,,,,,,15.0,,,,,,,15.0,344.0,307.0,7.0,44.0,36.0,265.0,252.0,35.0,19.0,2.0,0.0,6.723127035830619,43.857142857142854,0.4666666666666667,0.03908794788273616,0.0,7.333333333333334,6.30952380952381,11.052631578947368,15,-1.2496787502444957,0.6,-0.7498072501466974,6.965174129353234,2,Balanced bowling profile,3b63b5cc,J Yadav,Balanced bowling profile,16.55629139072848,34.6812179371839,1.8834050805575584,5.982905982905983,9.401709401709402,7.426967725475189,"Balanced bowling profile; economy 6.72, bowling SR 43.9, WPI 0.47; closest IPL comp: J Yadav"
d2550980,d2550980,Anand Singh,SMA,bowl,2,2019,2021,,,,,,,,,,,,15.0,,,,,,,15.0,266.0,192.0,7.0,0.0,0.0,230.0,162.0,36.0,30.0,19.0,1.0,8.3125,27.428571428571427,0.4666666666666667,0.59375,0.03125,,8.518518518518519,7.199999999999999,15,-1.3534226541626138,0.6,-0.8120535924975683,4.975124378109453,3,Balanced bowling profile,d2550980,CH Gayle,Balanced bowling profile,22.185430463576157,38.79326929931586,1.5777667571256635,5.982905982905983,12.82051282051282,7.0876387294297745,"Balanced bowling profile; economy 8.31, bowling SR 27.4, WPI 0.47; closest IPL comp: CH Gayle"
3b30b8c4,3b30b8c4,Amit Verma,SMA,bowl,3,2016,2021,,,,,,,,,,,,16.0,,,,,,,16.0,305.0,199.0,6.0,13.0,12.0,235.0,145.0,57.0,42.0,0.0,0.0,9.195979899497488,33.166666666666664,0.375,0.0,0.0,6.5,9.724137931034482,8.142857142857142,15,-2.1277936737333754,0.6153846153846154,-1.309411491528231,2.4875621890547266,2,Balanced bowling profile,3b30b8c4,Suyash Sharma,Balanced bowling profile,15.2317880794702,33.91156468249254,1.9488465346934236,17.52136752136752,8.547008547008547,6.257494578390101,"Balanced bowling profile; economy 9.20, bowling SR 33.2, WPI 0.38; closest IPL comp: Suyash Sharma"
