domestic_player_key,domestic_player_name,role,domestic_sample,domestic_impact_score,domestic_impact_percentile,domestic_profile_type,match_rank,ipl_player_key,ipl_player_name,ipl_sample,ipl_impact_score,ipl_impact_percentile,ipl_profile_type,distance,similarity_score
0494fa6e,Vishnu Vinod,bat,27.0,0.7239011744791537,88.08510638297872,Run accumulators,1,d7017798,A Raghuvanshi,30.0,0.7392338060920419,86.57142857142858,Run accumulators,0.5254123855970942,65.5560430374091
0494fa6e,Vishnu Vinod,bat,27.0,0.7239011744791537,88.08510638297872,Run accumulators,2,1dc12ab9,SK Raina,200.0,0.6589829419191231,83.14285714285714,Run accumulators,0.5585929613463652,64.16043346789955
0494fa6e,Vishnu Vinod,bat,27.0,0.7239011744791537,88.08510638297872,Run accumulators,3,752f7486,Ishan Kishan,125.0,0.8168663582627755,88.85714285714286,Run accumulators,0.5741205417007391,63.5275363930873
0861a8d6,Rajesh Dhuper,bat,19.0,-0.46157354168055437,16.170212765957448,Balanced batting group,1,cf73ad76,JEC Franklin,16.0,-0.1638173169835694,36.285714285714285,Balanced batting group,0.5613423044318969,64.04745437060681
0861a8d6,Rajesh Dhuper,bat,19.0,-0.46157354168055437,16.170212765957448,Balanced batting group,2,8291f939,AL Menaria,23.0,-0.22073864392921058,32.857142857142854,Balanced batting group,0.6329340033726222,61.239462093056076
0861a8d6,Rajesh Dhuper,bat,19.0,-0.46157354168055437,16.170212765957448,Balanced batting group,3,c15e2193,FY Fazal,11.0,-0.20929424255586931,33.42857142857143,Balanced batting group,0.6892078767548849,59.19934507534306
0af3426f,SS Mundhe,bat,26.0,0.17555220849050135,62.12765957446808,Balanced batting group,1,a4e37e47,S Dube,86.0,0.5972190282937664,80.57142857142857,Run accumulators,0.7433901060614625,57.35950872516569
0af3426f,SS Mundhe,bat,26.0,0.17555220849050135,62.12765957446808,Balanced batting group,2,d67d5f00,DA Miller,142.0,0.45499630701708466,73.42857142857143,Run accumulators,0.7684562140129937,56.5464947379609
0af3426f,SS Mundhe,bat,26.0,0.17555220849050135,62.12765957446808,Balanced batting group,3,bd77eb62,A Symonds,36.0,0.37640379650488426,68.85714285714286,Balanced batting group,0.7813120152271972,56.138396387140254
0cb8626f,Sudip Chatterjee,bat,21.0,-0.29545512095598997,26.382978723404253,Balanced batting group,1,709b0bac,SS Tiwary,73.0,-0.029835480733073863,44.57142857142857,Balanced batting group,0.5569857710249952,64.22666273576024
0cb8626f,Sudip Chatterjee,bat,21.0,-0.29545512095598997,26.382978723404253,Balanced batting group,2,aaa1b522,TL Suman,39.0,-0.13102102902438076,39.14285714285714,Balanced batting group,0.5576616879401509,64.19879282788281
0cb8626f,Sudip Chatterjee,bat,21.0,-0.29545512095598997,26.382978723404253,Balanced batting group,3,8291f939,AL Menaria,23.0,-0.22073864392921058,32.857142857142854,Balanced batting group,0.5958349773327224,62.66312082414684
0ed1a112,Ganesh Satish,bat,30.0,-0.7892833647563628,8.085106382978724,Low-output batting group,1,addbde6c,N Saini,10.0,-0.33999094770956784,26.857142857142858,Low-output batting group,0.588388917472528,62.956873408007496
0ed1a112,Ganesh Satish,bat,30.0,-0.7892833647563628,8.085106382978724,Low-output batting group,2,ad427b5c,Lalit Yadav,21.0,-0.3765542785099856,24.857142857142858,Balanced batting group,0.9460377354497292,51.38646500957496
0ed1a112,Ganesh Satish,bat,30.0,-0.7892833647563628,8.085106382978724,Low-output batting group,3,541f85c9,SP Goswami,21.0,-0.44904935778791566,21.714285714285715,Low-output batting group,0.97833685620585,50.547508977710116
0edcb652,Subhransu Senapati,bat,20.0,0.17242047287376397,61.702127659574465,Run accumulators,1,6a26221c,AK Markram,66.0,0.4500784262455406,73.14285714285714,Run accumulators,0.5917006359316441,62.82588430422322
0edcb652,Subhransu Senapati,bat,20.0,0.17242047287376397,61.702127659574465,Run accumulators,2,30a45b23,SPD Smith,93.0,0.3834654997179694,69.71428571428572,Run accumulators,0.7203459214284261,58.12784437967492
0edcb652,Subhransu Senapati,bat,20.0,0.17242047287376397,61.702127659574465,Run accumulators,3,e087956b,BA Stokes,43.0,0.28042181303440666,63.142857142857146,Run accumulators,0.7542385066689908,57.00479132104077
10b58586,AR Easwaran,bat,20.0,0.2996389230764717,68.93617021276596,Run accumulators,1,d027ba9f,KS Williamson,76.0,0.38942647619096465,70.28571428571428,Run accumulators,0.5096346691534331,66.2411920203698
10b58586,AR Easwaran,bat,20.0,0.2996389230764717,68.93617021276596,Run accumulators,2,29e95537,AM Rahane,195.0,0.41188467011430124,71.42857142857143,Run accumulators,0.5146703519689416,66.02096612639744
10b58586,AR Easwaran,bat,20.0,0.2996389230764717,68.93617021276596,Run accumulators,3,30a45b23,SPD Smith,93.0,0.3834654997179694,69.71428571428572,Run accumulators,0.5364761593385889,65.08399065758839
1399b39c,Anmolpreet Singh,bat,33.0,0.684166213933189,85.95744680851064,Run accumulators,1,372455c4,Q de Kock,118.0,0.7085685396336634,85.42857142857143,Run accumulators,0.6147597047903486,61.92871899350711
1399b39c,Anmolpreet Singh,bat,33.0,0.684166213933189,85.95744680851064,Run accumulators,2,c4487b84,AB de Villiers,170.0,1.0480974861268513,94.0,Run accumulators,0.6323996241376205,61.25950932684693
1399b39c,Anmolpreet Singh,bat,33.0,0.684166213933189,85.95744680851064,Run accumulators,3,b0482a1d,Tilak Varma,63.0,0.8235099012287086,89.42857142857143,Run accumulators,0.6525493331022569,60.51256564442435
145903a5,Arjit Gupta,bat,15.0,0.11180241260629051,57.87234042553191,Run accumulators,1,2be41edb,MJ Guptill,13.0,0.2778330646014149,62.857142857142854,Run accumulators,0.5313228055571106,65.30301751995327
145903a5,Arjit Gupta,bat,15.0,0.11180241260629051,57.87234042553191,Run accumulators,2,c3d35165,JA Morkel,67.0,0.15845636208355443,56.57142857142857,Balanced batting group,0.6914800959251133,59.11982070667374
145903a5,Arjit Gupta,bat,15.0,0.11180241260629051,57.87234042553191,Run accumulators,3,3c6ffae8,YK Pathan,153.0,0.5227860157235297,76.57142857142857,Run accumulators,0.72607047125534,57.93506213409224
145c2a1f,Govinda Poddar,bat,19.0,0.09935773807552427,57.02127659574469,Run accumulators,1,aad0c365,Nithish Kumar Reddy,33.0,0.37891881087202156,69.14285714285714,Run accumulators,0.7097580354383308,58.48780817360685
145c2a1f,Govinda Poddar,bat,19.0,0.09935773807552427,57.02127659574469,Run accumulators,2,4b57e452,M Vijay,105.0,0.260224481406207,61.42857142857143,Run accumulators,0.7319871340739286,57.73714944682238
145c2a1f,Govinda Poddar,bat,19.0,0.09935773807552427,57.02127659574469,Run accumulators,3,70d205c9,AT Rayudu,185.0,0.28830058479236675,63.714285714285715,Balanced batting group,0.826548568262136,54.74806514186737
15bbe51b,Lalhmangaiha,bat,20.0,-1.2782383301202005,2.9787234042553195,Low-output batting group,1,c654af19,R McLaren,13.0,-0.5331412369937798,17.71428571428571,Low-output batting group,1.1828691782951,45.81126573883994
15bbe51b,Lalhmangaiha,bat,20.0,-1.2782383301202005,2.9787234042553195,Low-output batting group,2,a1f1829d,K Goel,16.0,-0.47570756242036466,20.857142857142858,Low-output batting group,1.2592089099454375,44.26328152291818
15bbe51b,Lalhmangaiha,bat,20.0,-1.2782383301202005,2.9787234042553195,Low-output batting group,3,94253925,GH Vihari,23.0,-0.7335946047962356,11.714285714285715,Low-output batting group,1.2923341502082857,43.62365756794829
1b7c4d69,M Mohammed,bat,16.0,0.406912439683698,76.59574468085107,High-impact power hitters,1,90de905a,K Gowtham,27.0,0.36174732776177065,68.28571428571428,High-impact power hitters,0.9862526224128647,50.34606317021334
1b7c4d69,M Mohammed,bat,16.0,0.406912439683698,76.59574468085107,High-impact power hitters,2,d7423da1,S Arora,10.0,0.26976498032530205,62.0,High-impact power hitters,1.1763693695146489,45.94808280282908
1b7c4d69,M Mohammed,bat,16.0,0.406912439683698,76.59574468085107,High-impact power hitters,3,62af8546,Mohammad Nabi,19.0,0.13893738540278175,55.42857142857143,High-impact power hitters,1.767110322079053,36.138783192737165
1f0b8f44,Prashanth Kumar,bat,19.0,-0.6789135642168694,8.51063829787234,Balanced batting group,1,5451a2c1,B Chipli,21.0,-0.2920277126226063,30.28571428571429,Balanced batting group,0.8699063210838711,53.47861487629823
1f0b8f44,Prashanth Kumar,bat,19.0,-0.6789135642168694,8.51063829787234,Balanced batting group,2,0c94f480,UBT Chand,20.0,-0.3618449929544723,25.71428571428571,Balanced batting group,1.0443197857547541,48.916026101601524
1f0b8f44,Prashanth Kumar,bat,19.0,-0.6789135642168694,8.51063829787234,Balanced batting group,3,bb965e9a,PK Garg,19.0,-0.32098374992037965,28.285714285714285,Balanced batting group,1.3223411490198635,43.05999574705235
1f3febed,Dikshanshu Negi,bat,17.0,-0.31090071393734003,24.25531914893617,Balanced batting group,1,26e5cabf,MK Tiwary,83.0,-0.0548077524055261,43.714285714285715,Balanced batting group,0.4069635584038613,71.07504626022128
1f3febed,Dikshanshu Negi,bat,17.0,-0.31090071393734003,24.25531914893617,Balanced batting group,2,709b0bac,SS Tiwary,73.0,-0.029835480733073863,44.57142857142857,Balanced batting group,0.581983484991181,63.21178504626264
1f3febed,Dikshanshu Negi,bat,17.0,-0.31090071393734003,24.25531914893617,Balanced batting group,3,6eb146d2,Gurkeerat Singh,32.0,-0.08698990948703328,41.14285714285714,Balanced batting group,0.6863784833174179,59.298669301853
239f7526,Parth Sahani,bat,34.0,-0.05655685536478309,44.25531914893617,Balanced batting group,1,3576e47e,S Badrinath,65.0,0.08315902078979337,51.42857142857142,Balanced batting group,0.6335727972767635,61.21551495391226
239f7526,Parth Sahani,bat,34.0,-0.05655685536478309,44.25531914893617,Balanced batting group,2,896d78ad,AD Mathews,41.0,-0.06104326280714651,43.142857142857146,Balanced batting group,0.8293888504099701,54.663064103397026
239f7526,Parth Sahani,bat,34.0,-0.05655685536478309,44.25531914893617,Balanced batting group,3,fe763256,Y Venugopal Rao,52.0,-0.09069062540548839,40.85714285714286,Balanced batting group,0.8517573974065974,54.00275443211453
26d76ad9,Virat Singh,bat,36.0,0.6886285341585892,86.38297872340426,Run accumulators,1,48fd7349,MEK Hussey,58.0,0.5801569915942411,78.57142857142857,Run accumulators,0.41159162183344555,70.84201864992299
26d76ad9,Virat Singh,bat,36.0,0.6886285341585892,86.38297872340426,Run accumulators,2,ba607b88,V Kohli,272.0,0.8592037179324727,90.57142857142857,Run accumulators,0.49282504339496197,66.98708629149293
26d76ad9,Virat Singh,bat,36.0,0.6886285341585892,86.38297872340426,Run accumulators,3,3355b542,F du Plessis,147.0,0.8226390129757215,89.14285714285714,Run accumulators,0.8240496781917747,54.82306825060404
28c78fb3,Harpreet Singh,bat,34.0,0.7127284554483945,87.2340425531915,Run accumulators,1,48fd7349,MEK Hussey,58.0,0.5801569915942411,78.57142857142857,Run accumulators,0.8903452927101883,52.90038829711898
28c78fb3,Harpreet Singh,bat,34.0,0.7127284554483945,87.2340425531915,Run accumulators,2,ba607b88,V Kohli,272.0,0.8592037179324727,90.57142857142857,Run accumulators,1.1881354701499325,45.7010095417666
28c78fb3,Harpreet Singh,bat,34.0,0.7127284554483945,87.2340425531915,Run accumulators,3,372455c4,Q de Kock,118.0,0.7085685396336634,85.42857142857143,Run accumulators,1.2922152697318747,43.62592000868104
297b26da,Yashpal Singh,bat,20.0,0.10222929259852512,57.446808510638306,Balanced batting group,1,93b4fc78,MK Pandey,161.0,0.1914832919511884,58.57142857142858,Balanced batting group,0.4838727076185045,67.39122532989498
297b26da,Yashpal Singh,bat,20.0,0.10222929259852512,57.446808510638306,Balanced batting group,2,e1d1b294,HH Gibbs,36.0,0.02505596081219146,48.285714285714285,Balanced batting group,0.5263422003577183,65.51610770937454
297b26da,Yashpal Singh,bat,20.0,0.10222929259852512,57.446808510638306,Balanced batting group,3,6b71e6cf,KC Sangakkara,68.0,0.2415401119290693,60.57142857142858,Balanced batting group,0.5805558977967212,63.268879094626755
2bbab579,Arpit Vasavada,bat,20.0,-0.09687151323246239,40.85106382978723,Balanced batting group,1,b61a3e1a,LRPL Taylor,54.0,-0.02096401233847233,45.42857142857143,Balanced batting group,0.27599818376487073,78.37001750656651
2bbab579,Arpit Vasavada,bat,20.0,-0.09687151323246239,40.85106382978723,Balanced batting group,2,b63ab531,LA Pomersbach,16.0,0.017472530579417233,46.57142857142857,Balanced batting group,0.453832569393963,68.78371148452499
2bbab579,Arpit Vasavada,bat,20.0,-0.09687151323246239,40.85106382978723,Balanced batting group,3,c3a96caf,Mandeep Singh,97.0,-0.02320848073069168,45.14285714285714,Balanced batting group,0.45614871579874056,68.67430428982458
2e802011,Vishnu Solanki,bat,39.0,-0.17980088197491292,34.04255319148936,Balanced batting group,1,7ca5e05d,RS Bopara,22.0,0.03522605822775987,48.57142857142857,Balanced batting group,0.5530624459395487,64.38891125173237
2e802011,Vishnu Solanki,bat,39.0,-0.17980088197491292,34.04255319148936,Balanced batting group,2,d0513f63,CL White,45.0,0.16596330456523276,57.14285714285714,Balanced batting group,0.5683021950905085,63.76322134410383
2e802011,Vishnu Solanki,bat,39.0,-0.17980088197491292,34.04255319148936,Balanced batting group,3,b57f8a9a,BJ Hodge,63.0,0.15852395192619317,56.85714285714286,Balanced batting group,0.7355095281468254,57.61996599740934
2f48362d,Amit Sinha,bat,18.0,-0.5653346023281859,12.340425531914894,Balanced batting group,1,57efa3be,SB Styris,10.0,-0.3936214350232372,23.714285714285715,Low-output batting group,0.7535778608619512,57.026267399866775
2f48362d,Amit Sinha,bat,18.0,-0.5653346023281859,12.340425531914894,Balanced batting group,2,662c47a6,Y Nagar,20.0,-0.34250734564092095,26.571428571428573,Balanced batting group,0.8805630915113083,53.17556238947311
2f48362d,Amit Sinha,bat,18.0,-0.5653346023281859,12.340425531914894,Balanced batting group,3,f846de6a,MN Samuels,14.0,-0.5518725936219263,16.28571428571429,Low-output batting group,0.9438202453127863,51.445086160170476
2fcb040c,Rajat Paliwal,bat,27.0,-0.3987305970025283,20.0,Balanced batting group,1,709b0bac,SS Tiwary,73.0,-0.029835480733073863,44.57142857142857,Balanced batting group,0.6094986739684743,62.13114780233658
2fcb040c,Rajat Paliwal,bat,27.0,-0.3987305970025283,20.0,Balanced batting group,2,8291f939,AL Menaria,23.0,-0.22073864392921058,32.857142857142854,Balanced batting group,0.6870956420829815,59.27346233704598
2fcb040c,Rajat Paliwal,bat,27.0,-0.3987305970025283,20.0,Balanced batting group,3,cf73ad76,JEC Franklin,16.0,-0.1638173169835694,36.285714285714285,Balanced batting group,0.690905153767063,59.139922648657254
310bddc0,Punit Bisht,bat,20.0,0.9108566915444481,95.31914893617022,Run accumulators,1,ba5e1069,R Ravindra,18.0,0.4281750816622089,72.0,Run accumulators,1.2628105476195517,44.19282918103716
310bddc0,Punit Bisht,bat,20.0,0.9108566915444481,95.31914893617022,Run accumulators,2,50c6bc2b,LS Livingstone,49.0,0.7031548052284953,85.14285714285714,Run accumulators,1.2775090490232601,43.907619178455654
310bddc0,Punit Bisht,bat,20.0,0.9108566915444481,95.31914893617022,Run accumulators,3,cad00a4d,RR Rossouw,22.0,0.5947742335408477,79.71428571428572,Run accumulators,1.3208312931232349,43.08800915271442
31ee319e,Ajay Mandal,bat,20.0,-0.5913198459217407,11.48936170212766,Balanced batting group,1,e4cdf230,AS Roy,12.0,-0.3197310564191135,28.57142857142857,Balanced batting group,0.839731530814983,54.355756981400965
31ee319e,Ajay Mandal,bat,20.0,-0.5913198459217407,11.48936170212766,Balanced batting group,2,e4a0deae,MJ Santner,21.0,-0.5437357135934245,16.57142857142857,Low-output batting group,0.9924411927834738,50.18968708446462
31ee319e,Ajay Mandal,bat,20.0,-0.5913198459217407,11.48936170212766,Balanced batting group,3,378daa89,Aman Hakim Khan,10.0,-0.2708307656530058,31.428571428571427,Balanced batting group,1.054361307635056,48.67692923749533
33ffc3dd,R Sanjay Yadav,bat,23.0,-0.10924324371805692,40.0,Balanced batting group,1,3576e47e,S Badrinath,65.0,0.08315902078979337,51.42857142857142,Balanced batting group,0.5214511119194264,65.72672576632606
33ffc3dd,R Sanjay Yadav,bat,23.0,-0.10924324371805692,40.0,Balanced batting group,2,fe763256,Y Venugopal Rao,52.0,-0.09069062540548839,40.85714285714286,Balanced batting group,0.5929360006224447,62.77716114201995
33ffc3dd,R Sanjay Yadav,bat,23.0,-0.10924324371805692,40.0,Balanced batting group,3,26e5cabf,MK Tiwary,83.0,-0.0548077524055261,43.714285714285715,Balanced batting group,0.593768962946902,62.744351486867046
34819e70,Samarth Vyas,bat,22.0,0.5790733458114938,82.12765957446808,Run accumulators,1,ad3b6e95,Abishek Porel,32.0,0.5696460422819204,77.71428571428571,Run accumulators,0.4242050428867774,70.21460884403699
34819e70,Samarth Vyas,bat,22.0,0.5790733458114938,82.12765957446808,Run accumulators,2,271f83cd,SA Yadav,162.0,0.9520264940616466,92.57142857142857,Run accumulators,0.5435194749655978,64.78700244597096
34819e70,Samarth Vyas,bat,22.0,0.5790733458114938,82.12765957446808,Run accumulators,3,eaa76d3c,C Green,40.0,0.7379798285903402,86.28571428571429,Run accumulators,0.5849408738602836,63.09383627443457
35eb75af,Chirag Gandhi,bat,35.0,-0.22424812510099357,31.48936170212766,Balanced batting group,1,fe763256,Y Venugopal Rao,52.0,-0.09069062540548839,40.85714285714286,Balanced batting group,0.3972969084661394,71.56675105634737
35eb75af,Chirag Gandhi,bat,35.0,-0.22424812510099357,31.48936170212766,Balanced batting group,2,7ca5e05d,RS Bopara,22.0,0.03522605822775987,48.57142857142857,Balanced batting group,0.6034520860082017,62.365443203825485
35eb75af,Chirag Gandhi,bat,35.0,-0.22424812510099357,31.48936170212766,Balanced batting group,3,cf73ad76,JEC Franklin,16.0,-0.1638173169835694,36.285714285714285,Balanced batting group,0.6539600499888789,60.46095248834601
37fec668,Damodaran Rohit,bat,25.0,-0.6197248311143089,9.787234042553191,Low-output batting group,1,bd54eef5,N Jagadeesan,10.0,-0.13353121436862267,38.285714285714285,Balanced batting group,0.7219388213356518,58.07407252856595
37fec668,Damodaran Rohit,bat,25.0,-0.6197248311143089,9.787234042553191,Low-output batting group,2,addbde6c,N Saini,10.0,-0.33999094770956784,26.857142857142858,Low-output batting group,0.7471638584042354,57.23561617817265
37fec668,Damodaran Rohit,bat,25.0,-0.6197248311143089,9.787234042553191,Low-output batting group,3,de8cce37,VVS Laxman,20.0,-0.3178316392472064,28.857142857142858,Low-output batting group,0.9456160769899702,51.3976016042735
38c0d699,Nakul Verma,bat,24.0,-0.4161277084907033,18.72340425531915,Low-output batting group,1,de8cce37,VVS Laxman,20.0,-0.3178316392472064,28.857142857142858,Low-output batting group,1.2981251522376873,43.51373113976403
38c0d699,Nakul Verma,bat,24.0,-0.4161277084907033,18.72340425531915,Low-output batting group,2,addbde6c,N Saini,10.0,-0.33999094770956784,26.857142857142858,Low-output batting group,1.625821842822235,38.083314857538056
38c0d699,Nakul Verma,bat,24.0,-0.4161277084907033,18.72340425531915,Low-output batting group,3,bd54eef5,N Jagadeesan,10.0,-0.13353121436862267,38.285714285714285,Balanced batting group,1.6551998809057786,37.661948058647326
3a0dc16e,Snehal Kauthankar,bat,20.0,-0.4185879131915717,18.29787234042553,Balanced batting group,1,cf73ad76,JEC Franklin,16.0,-0.1638173169835694,36.285714285714285,Balanced batting group,0.3125463244736415,76.18778715494258
3a0dc16e,Snehal Kauthankar,bat,20.0,-0.4185879131915717,18.29787234042553,Balanced batting group,2,26e5cabf,MK Tiwary,83.0,-0.0548077524055261,43.714285714285715,Balanced batting group,0.5284234545500347,65.42689442661022
3a0dc16e,Snehal Kauthankar,bat,20.0,-0.4185879131915717,18.29787234042553,Balanced batting group,3,709b0bac,SS Tiwary,73.0,-0.029835480733073863,44.57142857142857,Balanced batting group,0.6412903316903146,60.9276726178074
3b30b8c4,Amit Verma,bat,21.0,0.057500377982764216,54.46808510638298,Run accumulators,1,d0513f63,CL White,45.0,0.16596330456523276,57.14285714285714,Balanced batting group,0.5515775895742483,64.45053129920491
3b30b8c4,Amit Verma,bat,21.0,0.057500377982764216,54.46808510638298,Run accumulators,2,1c914163,Yuvraj Singh,126.0,0.3038428012124282,64.57142857142857,Run accumulators,0.8280539415586556,54.70298098246318
3b30b8c4,Amit Verma,bat,21.0,0.057500377982764216,54.46808510638298,Run accumulators,3,aad0c365,Nithish Kumar Reddy,33.0,0.37891881087202156,69.14285714285714,Run accumulators,0.9399209619261522,51.54849190387105
3bc10d5b,Pankaj Jaswal,bat,21.0,0.4814911845853174,78.72340425531915,Run accumulators,1,2e11c706,BCJ Cutting,17.0,0.5175538716668217,76.0,Run accumulators,0.8026997156524849,55.472355784892954
3bc10d5b,Pankaj Jaswal,bat,21.0,0.4814911845853174,78.72340425531915,Run accumulators,2,e342e5fb,CR Brathwaite,14.0,0.38812722953981876,70.0,Run accumulators,1.0168156178661312,49.58311464575223
3bc10d5b,Pankaj Jaswal,bat,21.0,0.4814911845853174,78.72340425531915,Run accumulators,3,5f547c8b,Rashid Khan,70.0,0.30446476986157184,64.85714285714286,Run accumulators,1.2280979435229118,44.88133041489506
3d8348d0,Sibsankar Roy,bat,20.0,0.22201752502541508,64.68085106382979,Balanced batting group,1,bb345e0b,G Gambhir,151.0,0.4309740498568159,72.28571428571429,Run accumulators,0.523826270190078,65.62427880149767
3d8348d0,Sibsankar Roy,bat,20.0,0.22201752502541508,64.68085106382979,Balanced batting group,2,b8d490fd,AJ Finch,90.0,0.3422808736908612,67.14285714285714,Run accumulators,0.7403419388618087,57.45997253011121
3d8348d0,Sibsankar Roy,bat,20.0,0.22201752502541508,64.68085106382979,Balanced batting group,3,29e95537,AM Rahane,195.0,0.41188467011430124,71.42857142857143,Run accumulators,0.7416808749840835,57.415799551059465
40c1eeeb,Aniruddha Joshi,bat,17.0,0.05877331577778337,54.8936170212766,Balanced batting group,1,4a8a2e3b,MS Dhoni,241.0,0.4146567013650841,71.71428571428572,Balanced batting group,0.6756093862640614,59.67978027561662
40c1eeeb,Aniruddha Joshi,bat,17.0,0.05877331577778337,54.8936170212766,Balanced batting group,2,f3cb53a1,MV Boucher,23.0,-0.005021837032931806,45.714285714285715,Balanced batting group,0.9411704268445928,51.51531190517454
40c1eeeb,Aniruddha Joshi,bat,17.0,0.05877331577778337,54.8936170212766,Balanced batting group,3,896d78ad,AD Mathews,41.0,-0.06104326280714651,43.142857142857146,Balanced batting group,0.9623157227536843,50.96019913639162
40caa465,T Kohli,bat,26.0,0.16421125325994024,60.851063829787236,Balanced batting group,1,d2c2b2d5,SR Tendulkar,78.0,0.4449625335741421,72.85714285714285,Run accumulators,0.9007720113719156,52.610202276612455
40caa465,T Kohli,bat,26.0,0.16421125325994024,60.851063829787236,Balanced batting group,2,d027ba9f,KS Williamson,76.0,0.38942647619096465,70.28571428571428,Run accumulators,0.9072784161360358,52.430730172362814
40caa465,T Kohli,bat,26.0,0.16421125325994024,60.851063829787236,Balanced batting group,3,72861603,GC Smith,29.0,0.09563256287185937,53.142857142857146,Balanced batting group,0.9130397140862124,52.27283012666899
4125d931,J Suchith,bat,20.0,-0.28496709422910044,26.80851063829787,Balanced batting group,1,87e562a9,DJ Bravo,110.0,-0.06475526658632609,42.857142857142854,Balanced batting group,0.7629902412787881,56.72181141936714
4125d931,J Suchith,bat,20.0,-0.28496709422910044,26.80851063829787,Balanced batting group,2,c05edf8e,Harpreet Brar,27.0,-0.3248837111399727,27.714285714285715,Balanced batting group,0.8531844607729582,53.961169066942354
4125d931,J Suchith,bat,20.0,-0.28496709422910044,26.80851063829787,Balanced batting group,3,33a364a6,R Bhatia,47.0,-0.4870932029159551,20.285714285714285,Balanced batting group,0.8929231300173393,52.828347022778466
4312e8f9,A Sheth,bat,24.0,-0.458780607355781,16.595744680851062,Balanced batting group,1,c05edf8e,Harpreet Brar,27.0,-0.3248837111399727,27.714285714285715,Balanced batting group,0.7745281775911456,56.353007668633474
4312e8f9,A Sheth,bat,24.0,-0.458780607355781,16.595744680851062,Balanced batting group,2,56ab442f,NM Coulter-Nile,16.0,-0.43043351613045,22.857142857142858,Low-output batting group,0.9509883893318163,51.2560713056055
4312e8f9,A Sheth,bat,24.0,-0.458780607355781,16.595744680851062,Balanced batting group,3,33a364a6,R Bhatia,47.0,-0.4870932029159551,20.285714285714285,Balanced batting group,0.9987193619705559,50.032036464293355
44a89551,KS Bharat,bat,32.0,-0.511405295870813,13.617021276595745,Balanced batting group,1,0c94f480,UBT Chand,20.0,-0.3618449929544723,25.71428571428571,Balanced batting group,0.8106453589752142,55.22892680463823
44a89551,KS Bharat,bat,32.0,-0.511405295870813,13.617021276595745,Balanced batting group,2,d2a6c0e6,EJG Morgan,74.0,0.022201897337180698,47.14285714285714,Balanced batting group,0.8674097572947965,53.55011111480104
44a89551,KS Bharat,bat,32.0,-0.511405295870813,13.617021276595745,Balanced batting group,3,6afb26d6,MD Mishra,17.0,-0.19975668331987786,34.85714285714286,Balanced batting group,0.8808749752595283,53.16674490084155
4948a916,Ashutosh Aman,bat,16.0,-1.455255939062847,1.702127659574468,Low-output batting group,1,ce820073,Sandeep Sharma,26.0,-1.2182529285881296,2.2857142857142856,Low-output batting group,0.7875852791320311,55.94138705849904
4948a916,Ashutosh Aman,bat,16.0,-1.455255939062847,1.702127659574468,Low-output batting group,2,8d2c70ad,Kuldeep Yadav,41.0,-1.1368552383090775,3.7142857142857144,Low-output batting group,0.8424851820218329,54.27452061799813
4948a916,Ashutosh Aman,bat,16.0,-1.455255939062847,1.702127659574468,Low-output batting group,3,df064e1a,Ravi Bishnoi,18.0,-1.210630608788821,2.571428571428571,Low-output batting group,0.9323081381453532,51.751580416144655
4a15018a,Harsh Tyagi,bat,20.0,-0.10947586179520527,39.57446808510638,Balanced batting group,1,2e171977,AR Patel,133.0,0.04417629540247791,50.0,Balanced batting group,0.4079125554282235,71.02713845007548
4a15018a,Harsh Tyagi,bat,20.0,-0.10947586179520527,39.57446808510638,Balanced batting group,2,0f12f9df,NLTC Perera,30.0,0.04245227955677003,49.42857142857143,Balanced batting group,0.41710477569255794,70.56641238904066
4a15018a,Harsh Tyagi,bat,20.0,-0.10947586179520527,39.57446808510638,Balanced batting group,3,f19ccfad,Washington Sundar,55.0,0.06143694067932362,50.57142857142857,Balanced batting group,0.4718903673613558,67.93984267949867
4ae89f36,Mohammed Azharuddeen,bat,27.0,-0.4409804098500689,17.4468085106383,Balanced batting group,1,aaa1b522,TL Suman,39.0,-0.13102102902438076,39.14285714285714,Balanced batting group,0.2481600888227628,80.11792789682757
4ae89f36,Mohammed Azharuddeen,bat,27.0,-0.4409804098500689,17.4468085106383,Balanced batting group,2,890946a0,NV Ojha,94.0,-0.13172491353577553,38.857142857142854,Balanced batting group,0.40912930319237256,70.96580829981372
4ae89f36,Mohammed Azharuddeen,bat,27.0,-0.4409804098500689,17.4468085106383,Balanced batting group,3,6afb26d6,MD Mishra,17.0,-0.19975668331987786,34.85714285714286,Balanced batting group,0.4740987805879765,67.83805896651839
4af886ed,Lakshay Garg,bat,23.0,-0.6013771840588886,10.638297872340425,Balanced batting group,1,fa463154,AB Agarkar,18.0,-0.37775023478616876,24.571428571428573,Low-output batting group,0.9024666667102045,52.56333882207915
4af886ed,Lakshay Garg,bat,23.0,-0.6013771840588886,10.638297872340425,Balanced batting group,2,1e66c162,JD Unadkat,28.0,-0.43931160828678495,22.285714285714285,Balanced batting group,1.2688085364514716,44.07599777300068
4af886ed,Lakshay Garg,bat,23.0,-0.6013771840588886,10.638297872340425,Balanced batting group,3,c05edf8e,Harpreet Brar,27.0,-0.3248837111399727,27.714285714285715,Balanced batting group,1.2831273561526424,43.79957155281632
4c450aee,Narsingh Yadav,bat,16.0,-1.173935355157069,4.25531914893617,Low-output batting group,1,f10e94c4,AD Nath,10.0,-0.5419430865261938,16.857142857142858,Low-output batting group,1.723727119232168,36.71439744969404
4c450aee,Narsingh Yadav,bat,16.0,-1.173935355157069,4.25531914893617,Low-output batting group,2,addbde6c,N Saini,10.0,-0.33999094770956784,26.857142857142858,Low-output batting group,1.9023034368722462,34.45539109713765
4c450aee,Narsingh Yadav,bat,16.0,-1.173935355157069,4.25531914893617,Low-output batting group,3,96fd40ae,A Nehra,17.0,-1.1646180879557786,3.1428571428571432,Low-output batting group,1.9170354597341543,34.2813796336619
4cfda770,Lalhruaizela,bat,24.0,-1.9234637408284303,0.425531914893617,Low-output batting group,1,3a60e0b5,WD Parnell,13.0,-0.8589544021021019,8.285714285714285,Low-output batting group,1.5767940780788827,38.807912844380084
4cfda770,Lalhruaizela,bat,24.0,-1.9234637408284303,0.425531914893617,Low-output batting group,2,de8d3876,M Rawat,11.0,-0.789254444328861,10.571428571428571,Low-output batting group,1.750639211639898,36.355185942536316
4cfda770,Lalhruaizela,bat,24.0,-1.9234637408284303,0.425531914893617,Low-output batting group,3,6b19d823,A Mishra,55.0,-1.021806659617301,5.428571428571429,Low-output batting group,2.0236167549871826,33.072974554417
4d5a1617,R Bishnoi,bat,21.0,-0.28356076330301844,27.23404255319149,Balanced batting group,1,fe93fd9d,RA Jadeja,202.0,0.021731285165669877,46.85714285714286,Balanced batting group,0.5111083622959481,66.17659096801104
4d5a1617,R Bishnoi,bat,21.0,-0.28356076330301844,27.23404255319149,Balanced batting group,2,b63ab531,LA Pomersbach,16.0,0.017472530579417233,46.57142857142857,Balanced batting group,0.5440734367064731,64.76375904328823
4d5a1617,R Bishnoi,bat,21.0,-0.28356076330301844,27.23404255319149,Balanced batting group,3,b61a3e1a,LRPL Taylor,54.0,-0.02096401233847233,45.42857142857143,Balanced batting group,0.5706309136070253,63.668681886787425
4ed49d3d,AA Herwadkar,bat,17.0,0.005119529013519565,48.93617021276596,Balanced batting group,1,e1d1b294,HH Gibbs,36.0,0.02505596081219146,48.285714285714285,Balanced batting group,0.5200883628108851,65.78564933888717
4ed49d3d,AA Herwadkar,bat,17.0,0.005119529013519565,48.93617021276596,Balanced batting group,2,86dc8f2e,JH Kallis,95.0,0.03570981186422578,48.857142857142854,Balanced batting group,0.5678076118873334,63.78333619621835
4ed49d3d,AA Herwadkar,bat,17.0,0.005119529013519565,48.93617021276596,Balanced batting group,3,0184dc35,R Dravid,82.0,0.2308002934544471,60.285714285714285,Balanced batting group,0.7905949381337857,55.84735993067373
52cb36a0,Manisankar Murasingh,bat,32.0,0.16010714672252288,60.42553191489362,Run accumulators,1,0a509d6b,RK Singh,60.0,0.5905846295416423,79.14285714285715,Run accumulators,0.9164682889937393,52.1793136752114
52cb36a0,Manisankar Murasingh,bat,32.0,0.16010714672252288,60.42553191489362,Run accumulators,2,650d5e49,R Powell,28.0,0.3073700697737825,65.14285714285715,Run accumulators,0.9847423704567013,50.3843730493794
52cb36a0,Manisankar Murasingh,bat,32.0,0.16010714672252288,60.42553191489362,Run accumulators,3,f088b960,SN Khan,43.0,0.26704628234486355,61.71428571428571,Run accumulators,1.0122548331342789,49.695495000621
53f27a35,BB Samantray,bat,19.0,0.023633636217600788,50.638297872340424,Balanced batting group,1,d0513f63,CL White,45.0,0.16596330456523276,57.14285714285714,Balanced batting group,0.26432856264280075,79.09336461637156
53f27a35,BB Samantray,bat,19.0,0.023633636217600788,50.638297872340424,Balanced batting group,2,1c914163,Yuvraj Singh,126.0,0.3038428012124282,64.57142857142857,Run accumulators,0.6528897616637939,60.50010249887464
53f27a35,BB Samantray,bat,19.0,0.023633636217600788,50.638297872340424,Balanced batting group,3,e94915e6,SM Curran,53.0,0.24761677140669813,60.857142857142854,Run accumulators,0.8337590330468005,54.5327920396659
5663eaa5,N A Sharma,bat,15.0,-0.3015474573854724,25.53191489361702,Balanced batting group,1,9385de2e,SS Prabhudessai,10.0,-0.1727456994782961,36.0,Balanced batting group,0.6672928166995749,59.977467064214395
5663eaa5,N A Sharma,bat,15.0,-0.3015474573854724,25.53191489361702,Balanced batting group,2,99d63244,KM Jadhav,81.0,-0.1519765594192617,36.857142857142854,Balanced batting group,0.7258008787498444,57.94411234304108
5663eaa5,N A Sharma,bat,15.0,-0.3015474573854724,25.53191489361702,Balanced batting group,3,aaa1b522,TL Suman,39.0,-0.13102102902438076,39.14285714285714,Balanced batting group,0.7333949204615015,57.69025789770739
5708d0b6,AV Wankhade,bat,32.0,0.33320430176299365,71.06382978723404,Balanced batting group,1,bd77eb62,A Symonds,36.0,0.37640379650488426,68.85714285714286,Balanced batting group,0.5800792599890328,63.287964428249055
5708d0b6,AV Wankhade,bat,32.0,0.33320430176299365,71.06382978723404,Balanced batting group,2,d67d5f00,DA Miller,142.0,0.45499630701708466,73.42857142857143,Run accumulators,0.7010802822583763,58.78617314124569
5708d0b6,AV Wankhade,bat,32.0,0.33320430176299365,71.06382978723404,Balanced batting group,3,b57f8a9a,BJ Hodge,63.0,0.15852395192619317,56.85714285714286,Balanced batting group,0.7015387806019215,58.77033256016937
58588e5a,Shubham Chaubey,bat,15.0,-0.4464554624039252,17.02127659574468,Balanced batting group,1,c8f5f961,Anuj Rawat,21.0,-0.13759329685189256,38.0,Balanced batting group,0.6916712568658333,59.11314009393907
58588e5a,Shubham Chaubey,bat,15.0,-0.4464554624039252,17.02127659574468,Balanced batting group,2,87e562a9,DJ Bravo,110.0,-0.06475526658632609,42.857142857142854,Balanced batting group,0.7812356707233883,56.140802502224986
58588e5a,Shubham Chaubey,bat,15.0,-0.4464554624039252,17.02127659574468,Balanced batting group,3,a45a5e8d,AM Nayar,50.0,-0.322624445236983,28.000000000000004,Balanced batting group,0.7973713254645255,55.63680614196695
59da1e8a,Kangabam Singh,bat,17.0,-1.208271281752867,3.404255319148936,Low-output batting group,1,94253925,GH Vihari,23.0,-0.7335946047962356,11.714285714285715,Low-output batting group,0.9070512950892046,52.43697443142051
59da1e8a,Kangabam Singh,bat,17.0,-1.208271281752867,3.404255319148936,Low-output batting group,2,c654af19,R McLaren,13.0,-0.5331412369937798,17.71428571428571,Low-output batting group,1.0086258139041238,49.78528071668664
59da1e8a,Kangabam Singh,bat,17.0,-1.208271281752867,3.404255319148936,Low-output batting group,3,3a60e0b5,WD Parnell,13.0,-0.8589544021021019,8.285714285714285,Low-output batting group,1.1908987432677542,45.64336910013864
5b627626,B Aparajith,bat,27.0,-0.40486623428010304,19.574468085106382,Balanced batting group,1,cf73ad76,JEC Franklin,16.0,-0.1638173169835694,36.285714285714285,Balanced batting group,0.38808961718925755,72.04145810303659
5b627626,B Aparajith,bat,27.0,-0.40486623428010304,19.574468085106382,Balanced batting group,2,8291f939,AL Menaria,23.0,-0.22073864392921058,32.857142857142854,Balanced batting group,0.6626094966912665,60.146414536310814
5b627626,B Aparajith,bat,27.0,-0.40486623428010304,19.574468085106382,Balanced batting group,3,26e5cabf,MK Tiwary,83.0,-0.0548077524055261,43.714285714285715,Balanced batting group,0.7433678435700248,57.3602411956977
5f39537c,Ravi Teja,bat,16.0,-0.5132682774255345,13.191489361702127,Balanced batting group,1,119678fd,KV Sharma,40.0,-0.4476172698111502,22.0,Balanced batting group,0.2550413240475033,79.67865127938607
5f39537c,Ravi Teja,bat,16.0,-0.5132682774255345,13.191489361702127,Balanced batting group,2,378daa89,Aman Hakim Khan,10.0,-0.2708307656530058,31.428571428571427,Balanced batting group,0.5000498640418064,66.66445056070016
5f39537c,Ravi Teja,bat,16.0,-0.5132682774255345,13.191489361702127,Balanced batting group,3,95a2ea61,S Anirudha,12.0,-0.20573325877454357,34.57142857142857,Balanced batting group,0.5096539332972951,66.24034674065071
6033d30a,Ritwik Roy Chowdhury,bat,16.0,-0.14333340222447788,37.4468085106383,Balanced batting group,1,c03c6200,DJG Sammy,20.0,-0.14464738051030684,37.714285714285715,Balanced batting group,0.6552843056430349,60.41258269596932
6033d30a,Ritwik Roy Chowdhury,bat,16.0,-0.14333340222447788,37.4468085106383,Balanced batting group,2,f19ccfad,Washington Sundar,55.0,0.06143694067932362,50.57142857142857,Balanced batting group,0.9594436478294828,51.03489457876072
6033d30a,Ritwik Roy Chowdhury,bat,16.0,-0.14333340222447788,37.4468085106383,Balanced batting group,3,fe93fd9d,RA Jadeja,202.0,0.021731285165669877,46.85714285714286,Balanced batting group,0.9689998091820946,50.7872065470332
60500956,RV Patel,bat,17.0,0.31714650163941643,70.2127659574468,Run accumulators,1,f088b960,SN Khan,43.0,0.26704628234486355,61.71428571428571,Run accumulators,1.5938407097660032,38.55286857959032
60500956,RV Patel,bat,17.0,0.31714650163941643,70.2127659574468,Run accumulators,2,0a509d6b,RK Singh,60.0,0.5905846295416423,79.14285714285715,Run accumulators,1.6524624794390055,37.70081604364483
60500956,RV Patel,bat,17.0,0.31714650163941643,70.2127659574468,Run accumulators,3,d7423da1,S Arora,10.0,0.26976498032530205,62.0,High-impact power hitters,1.7532830330425981,36.32027612122826
60c6038a,Ashish Thapa,bat,18.0,-1.6977516954133283,0.851063829787234,Low-output batting group,1,3a60e0b5,WD Parnell,13.0,-0.8589544021021019,8.285714285714285,Low-output batting group,1.3107269967115578,43.2764234556103
60c6038a,Ashish Thapa,bat,18.0,-1.6977516954133283,0.851063829787234,Low-output batting group,2,df064e1a,Ravi Bishnoi,18.0,-1.210630608788821,2.571428571428571,Low-output batting group,1.6863693931888208,37.22496252881152
60c6038a,Ashish Thapa,bat,18.0,-1.6977516954133283,0.851063829787234,Low-output batting group,3,9fc0ef64,PJ Sangwan,14.0,-1.2423743586011693,2.0,Low-output batting group,1.73636988512952,36.54476704463028
61a3c20c,Palzor Tamang,bat,18.0,-1.5915860311266754,1.276595744680851,Low-output batting group,1,91a4a398,Z Khan,27.0,-1.0326213270584137,4.857142857142857,Low-output batting group,0.9343807809791534,51.69612983302159
61a3c20c,Palzor Tamang,bat,18.0,-1.5915860311266754,1.276595744680851,Low-output batting group,2,de8d3876,M Rawat,11.0,-0.789254444328861,10.571428571428571,Low-output batting group,0.9928199249368164,50.180148616875435
61a3c20c,Palzor Tamang,bat,18.0,-1.5915860311266754,1.276595744680851,Low-output batting group,3,6b19d823,A Mishra,55.0,-1.021806659617301,5.428571428571429,Low-output batting group,1.5046460942622335,39.92580038716245
62dad180,KB Pawan,bat,20.0,-0.17386123754448915,34.46808510638298,Balanced batting group,1,e1d1b294,HH Gibbs,36.0,0.02505596081219146,48.285714285714285,Balanced batting group,0.42563529020449997,70.14416708613851
62dad180,KB Pawan,bat,20.0,-0.17386123754448915,34.46808510638298,Balanced batting group,2,26e5cabf,MK Tiwary,83.0,-0.0548077524055261,43.714285714285715,Balanced batting group,0.6305765602972564,61.328000435483915
62dad180,KB Pawan,bat,20.0,-0.17386123754448915,34.46808510638298,Balanced batting group,3,86dc8f2e,JH Kallis,95.0,0.03570981186422578,48.857142857142854,Balanced batting group,0.6401769289555704,60.96903220293304
62e07f92,KH Devdhar,bat,45.0,0.4855565384819888,79.57446808510639,Run accumulators,1,48fd7349,MEK Hussey,58.0,0.5801569915942411,78.57142857142857,Run accumulators,0.558064913179117,64.18217826108243
62e07f92,KH Devdhar,bat,45.0,0.4855565384819888,79.57446808510639,Run accumulators,2,d2c2b2d5,SR Tendulkar,78.0,0.4449625335741421,72.85714285714285,Run accumulators,0.5583271699518958,64.17137679957598
62e07f92,KH Devdhar,bat,45.0,0.4855565384819888,79.57446808510639,Run accumulators,3,ba607b88,V Kohli,272.0,0.8592037179324727,90.57142857142857,Run accumulators,0.7178444503202505,58.212488320090586
645eaa96,Wasiqur Rahman,bat,15.0,-1.2822133881002669,2.553191489361702,Low-output batting group,1,6b19d823,A Mishra,55.0,-1.021806659617301,5.428571428571429,Low-output batting group,0.6601934587072678,60.233944107854974
645eaa96,Wasiqur Rahman,bat,15.0,-1.2822133881002669,2.553191489361702,Low-output batting group,2,de8d3876,M Rawat,11.0,-0.789254444328861,10.571428571428571,Low-output batting group,0.9582622454206144,51.06568348230655
645eaa96,Wasiqur Rahman,bat,15.0,-1.2822133881002669,2.553191489361702,Low-output batting group,3,f846de6a,MN Samuels,14.0,-0.5518725936219263,16.28571428571429,Low-output batting group,1.4514517114820646,40.792155738423
663b5e34,PN Mankad,bat,29.0,0.5112975540349309,80.42553191489363,Run accumulators,1,d9273ee7,MP Stoinis,108.0,0.5763460294590594,78.28571428571428,Run accumulators,0.5132795370631915,66.0816442374349
663b5e34,PN Mankad,bat,29.0,0.5112975540349309,80.42553191489363,Run accumulators,2,ad3b6e95,Abishek Porel,32.0,0.5696460422819204,77.71428571428571,Run accumulators,0.55131040044226,64.46163190261034
663b5e34,PN Mankad,bat,29.0,0.5112975540349309,80.42553191489363,Run accumulators,3,0a509d6b,RK Singh,60.0,0.5905846295416423,79.14285714285715,Run accumulators,0.5775811562088515,63.38818108116479
673314ef,Rohan Kadam,bat,25.0,0.9331051040603302,95.74468085106383,Run accumulators,1,b17e2f24,KL Rahul,148.0,1.135304337056953,96.0,Run accumulators,0.5572748090544866,64.21474194443299
673314ef,Rohan Kadam,bat,25.0,0.9331051040603302,95.74468085106383,Run accumulators,2,ba607b88,V Kohli,272.0,0.8592037179324727,90.57142857142857,Run accumulators,0.8050359529976527,55.40055855060857
673314ef,Rohan Kadam,bat,25.0,0.9331051040603302,95.74468085106383,Run accumulators,3,dcce6f09,DA Warner,184.0,1.0757403427664507,94.85714285714286,Run accumulators,0.850023279764224,54.053373864973466
69cbffb8,Rajjakuddin Ahmed,bat,25.0,0.19683782798357205,62.97872340425532,High-impact power hitters,1,557153ca,KK Cooper,12.0,0.3792645713001384,69.42857142857143,High-impact power hitters,1.6045444494220165,38.39443017460936
69cbffb8,Rajjakuddin Ahmed,bat,25.0,0.19683782798357205,62.97872340425532,High-impact power hitters,2,fb66ce1f,CH Morris,49.0,0.31465812120685166,65.42857142857143,High-impact power hitters,2.8860946548771613,25.732775158859578
69cbffb8,Rajjakuddin Ahmed,bat,25.0,0.19683782798357205,62.97872340425532,High-impact power hitters,3,6b2ff18f,SB Dubey,16.0,0.3324713763500404,66.28571428571428,High-impact power hitters,3.1579964598822543,24.050044526211984
6c6cc94c,Amandeep Khare,bat,28.0,-0.03329533638613524,46.38297872340426,Balanced batting group,1,7ca5e05d,RS Bopara,22.0,0.03522605822775987,48.57142857142857,Balanced batting group,0.3897299029395531,71.95642821564122
6c6cc94c,Amandeep Khare,bat,28.0,-0.03329533638613524,46.38297872340426,Balanced batting group,2,2e8994e7,JP Duminy,75.0,0.2577339275557255,61.142857142857146,Balanced batting group,0.4587420688728901,68.55221504461436
6c6cc94c,Amandeep Khare,bat,28.0,-0.03329533638613524,46.38297872340426,Balanced batting group,3,86dc8f2e,JH Kallis,95.0,0.03570981186422578,48.857142857142854,Balanced batting group,0.6367855869951566,61.095357140565966
70a9b353,Rahul Buddhi,bat,15.0,-0.18370832783835483,33.61702127659574,High-impact power hitters,1,fb66ce1f,CH Morris,49.0,0.31465812120685166,65.42857142857143,High-impact power hitters,1.6965674615450126,37.08418254913766
70a9b353,Rahul Buddhi,bat,15.0,-0.18370832783835483,33.61702127659574,High-impact power hitters,2,6b2ff18f,SB Dubey,16.0,0.3324713763500404,66.28571428571428,High-impact power hitters,2.2062035992746805,31.189535194403245
70a9b353,Rahul Buddhi,bat,15.0,-0.18370832783835483,33.61702127659574,High-impact power hitters,3,c03c6200,DJG Sammy,20.0,-0.14464738051030684,37.714285714285715,Balanced batting group,2.787645948826334,26.401622894818534
74bace71,Hiten Dalal,bat,23.0,0.5510769504060673,81.27659574468085,Run accumulators,1,f233bbb4,ST Jayasuriya,30.0,0.6877228182373907,84.57142857142857,Run accumulators,0.727810855449473,57.876705476529715
74bace71,Hiten Dalal,bat,23.0,0.5510769504060673,81.27659574468085,Run accumulators,2,73c18486,KR Mayers,13.0,0.5958885655739525,80.0,Run accumulators,0.810817451940841,55.223678064743424
74bace71,Hiten Dalal,bat,23.0,0.5510769504060673,81.27659574468085,Run accumulators,3,8b3e9c7c,PP Shaw,79.0,0.7983928780251821,88.28571428571429,High-impact power hitters,0.8829948403492986,53.10689007594404
783e6111,Chirag Jani,bat,24.0,0.06189297590922628,55.319148936170215,Balanced batting group,1,94d7f855,C de Grandhomme,21.0,0.02452208723349427,48.0,Balanced batting group,0.5454379985929907,64.70657515283224
783e6111,Chirag Jani,bat,24.0,0.06189297590922628,55.319148936170215,Balanced batting group,2,0890552f,A Manohar,20.0,-0.08106552322106647,41.714285714285715,Balanced batting group,0.8759814876582059,53.305430068411994
783e6111,Chirag Jani,bat,24.0,0.06189297590922628,55.319148936170215,Balanced batting group,3,bd17b45f,STR Binny,66.0,-0.12305491937374563,39.714285714285715,Balanced batting group,0.8948342480249779,52.77506468137354
7b5b6311,CV Milind,bat,21.0,-0.28064691555370197,28.085106382978726,Balanced batting group,1,87e562a9,DJ Bravo,110.0,-0.06475526658632609,42.857142857142854,Balanced batting group,0.831251159810339,54.6074739471329
7b5b6311,CV Milind,bat,21.0,-0.28064691555370197,28.085106382978726,Balanced batting group,2,ae78bc32,MS Gony,15.0,-0.055980345439202675,43.42857142857143,Balanced batting group,0.8689190774140311,53.506864587399406
7b5b6311,CV Milind,bat,21.0,-0.28064691555370197,28.085106382978726,Balanced batting group,3,aa8d28ae,D Wiese,11.0,0.14341243810891832,55.714285714285715,Balanced batting group,0.9062592247132275,52.45876253532293
7ba6ef29,MN Singh,bat,17.0,-0.5831650596673933,11.914893617021278,Balanced batting group,1,6afb26d6,MD Mishra,17.0,-0.19975668331987786,34.85714285714286,Balanced batting group,0.7275623662520864,57.885030348830824
7ba6ef29,MN Singh,bat,17.0,-0.5831650596673933,11.914893617021278,Balanced batting group,2,73ad96ed,DJ Hooda,101.0,-0.12529965644714183,39.42857142857143,Balanced batting group,0.9198724896075563,52.08679250382984
7ba6ef29,MN Singh,bat,17.0,-0.5831650596673933,11.914893617021278,Balanced batting group,3,890946a0,NV Ojha,94.0,-0.13172491353577553,38.857142857142854,Balanced batting group,0.9566548050049233,51.107635206889945
7daedf2f,KB Arun Karthik,bat,30.0,-0.3689992736943382,21.70212765957447,Balanced batting group,1,b61a3e1a,LRPL Taylor,54.0,-0.02096401233847233,45.42857142857143,Balanced batting group,0.4089769986970262,70.97347940560888
7daedf2f,KB Arun Karthik,bat,30.0,-0.3689992736943382,21.70212765957447,Balanced batting group,2,32198ae0,MC Henriques,54.0,0.03737466388663549,49.142857142857146,Balanced batting group,0.539369519848501,64.96166041396067
7daedf2f,KB Arun Karthik,bat,30.0,-0.3689992736943382,21.70212765957447,Balanced batting group,3,c3a96caf,Mandeep Singh,97.0,-0.02320848073069168,45.14285714285714,Balanced batting group,0.6293495800042551,61.37418343320704
805b89d7,RP Sharma,bat,21.0,-0.27318349159581534,28.510638297872344,Balanced batting group,1,bd17b45f,STR Binny,66.0,-0.12305491937374563,39.714285714285715,Balanced batting group,0.2701476807814146,78.73100231815441
805b89d7,RP Sharma,bat,21.0,-0.27318349159581534,28.510638297872344,Balanced batting group,2,0890552f,A Manohar,20.0,-0.08106552322106647,41.714285714285715,Balanced batting group,0.4998229779389026,66.67453524243422
805b89d7,RP Sharma,bat,21.0,-0.27318349159581534,28.510638297872344,Balanced batting group,3,99d63244,KM Jadhav,81.0,-0.1519765594192617,36.857142857142854,Balanced batting group,0.542475581731477,64.83084801105693
80ffea17,Upendra Yadav,bat,23.0,-0.02787486967815304,46.808510638297875,Balanced batting group,1,fd835ab3,DJ Hussey,61.0,0.08368499021899721,51.714285714285715,Balanced batting group,0.3931884480617453,71.77779871712521
80ffea17,Upendra Yadav,bat,23.0,-0.02787486967815304,46.808510638297875,Balanced batting group,2,5bdcdb72,TM Dilshan,50.0,0.09510241014823964,52.85714285714286,Balanced batting group,0.5158714005450812,65.9686566842291
80ffea17,Upendra Yadav,bat,23.0,-0.02787486967815304,46.808510638297875,Balanced batting group,3,725529bc,SC Ganguly,56.0,-0.028246602466122234,44.857142857142854,Balanced batting group,0.5952569183642413,62.68582749826836
839b6d2e,Saurabh Rawat,bat,19.0,-0.48315595711212306,15.319148936170212,Balanced batting group,1,c8f5f961,Anuj Rawat,21.0,-0.13759329685189256,38.0,Balanced batting group,1.3130391399942856,43.233163793435445
839b6d2e,Saurabh Rawat,bat,19.0,-0.48315595711212306,15.319148936170212,Balanced batting group,2,5056011d,GJ Bailey,36.0,-0.03490946843937878,44.285714285714285,Balanced batting group,1.3416035025712727,42.705778279794934
839b6d2e,Saurabh Rawat,bat,19.0,-0.48315595711212306,15.319148936170212,Balanced batting group,3,4e04666c,YV Takawale,10.0,-0.07514517609087601,42.57142857142857,Balanced batting group,1.3501073051174535,42.55124852479968
84085032,Eknath Kerkar,bat,16.0,-0.5009738928196377,14.468085106382977,Balanced batting group,1,bb965e9a,PK Garg,19.0,-0.32098374992037965,28.285714285714285,Balanced batting group,0.6062893883193716,62.25528272002593
84085032,Eknath Kerkar,bat,16.0,-0.5009738928196377,14.468085106382977,Balanced batting group,2,5451a2c1,B Chipli,21.0,-0.2920277126226063,30.28571428571429,Balanced batting group,0.657375557272061,60.336355004893335
84085032,Eknath Kerkar,bat,16.0,-0.5009738928196377,14.468085106382977,Balanced batting group,3,a45a5e8d,AM Nayar,50.0,-0.322624445236983,28.000000000000004,Balanced batting group,0.7701309111029299,56.49299685845957
85e6ccde,Babul Kumar,bat,22.0,-0.15467339525488544,36.59574468085106,Balanced batting group,1,b63ab531,LA Pomersbach,16.0,0.017472530579417233,46.57142857142857,Balanced batting group,0.5454430954639624,64.70636175056234
85e6ccde,Babul Kumar,bat,22.0,-0.15467339525488544,36.59574468085106,Balanced batting group,2,b5da6c24,PA Patel,136.0,0.15219120625724228,56.285714285714285,Balanced batting group,0.6143107276231995,61.94594280323785
85e6ccde,Babul Kumar,bat,22.0,-0.15467339525488544,36.59574468085106,Balanced batting group,3,5afd4539,MS Bisla,39.0,-0.0006968632827291622,46.0,Balanced batting group,0.7765155783491738,56.28996515354228
86a98b15,Shubham Pundir,bat,21.0,-0.22855359530941177,31.06382978723404,Balanced batting group,1,fe763256,Y Venugopal Rao,52.0,-0.09069062540548839,40.85714285714286,Balanced batting group,0.4172282633722366,70.56026370942821
86a98b15,Shubham Pundir,bat,21.0,-0.22855359530941177,31.06382978723404,Balanced batting group,2,7ca5e05d,RS Bopara,22.0,0.03522605822775987,48.57142857142857,Balanced batting group,0.59979117541468,62.50815827514433
86a98b15,Shubham Pundir,bat,21.0,-0.22855359530941177,31.06382978723404,Balanced batting group,3,3576e47e,S Badrinath,65.0,0.08315902078979337,51.42857142857142,Balanced batting group,0.6060307118680988,62.26530991034552
8812869d,Nikhil Gangta,bat,15.0,0.13105641130851953,58.29787234042553,Balanced batting group,1,eade4650,DJ Mitchell,15.0,0.18510960696201695,57.714285714285715,Balanced batting group,0.5078231842805423,66.32077357778192
8812869d,Nikhil Gangta,bat,15.0,0.13105641130851953,58.29787234042553,Balanced batting group,2,fdedb37c,SM Katich,11.0,0.18990756170410064,57.99999999999999,Balanced batting group,0.702074905147401,58.75182090845756
8812869d,Nikhil Gangta,bat,15.0,0.13105641130851953,58.29787234042553,Balanced batting group,3,bb345e0b,G Gambhir,151.0,0.4309740498568159,72.28571428571429,Run accumulators,0.7310290464047403,57.7691057280032
8963ee49,Rishav Das,bat,17.0,-0.2659797899757996,29.361702127659573,Balanced batting group,1,e1d1b294,HH Gibbs,36.0,0.02505596081219146,48.285714285714285,Balanced batting group,0.7714995627323126,56.449350653952585
8963ee49,Rishav Das,bat,17.0,-0.2659797899757996,29.361702127659573,Balanced batting group,2,b61a3e1a,LRPL Taylor,54.0,-0.02096401233847233,45.42857142857143,Balanced batting group,0.7988587938518323,55.590800312832535
8963ee49,Rishav Das,bat,17.0,-0.2659797899757996,29.361702127659573,Balanced batting group,3,26e5cabf,MK Tiwary,83.0,-0.0548077524055261,43.714285714285715,Balanced batting group,0.8879186825087532,52.96838308052305
8998a68f,Sumit Kumar,bat,27.0,0.031432140796696977,52.34042553191489,Balanced batting group,1,f19ccfad,Washington Sundar,55.0,0.06143694067932362,50.57142857142857,Balanced batting group,0.4046067067529879,71.19430622054253
8998a68f,Sumit Kumar,bat,27.0,0.031432140796696977,52.34042553191489,Balanced batting group,2,c3d35165,JA Morkel,67.0,0.15845636208355443,56.57142857142857,Balanced batting group,0.5498610705532678,64.52191225391712
8998a68f,Sumit Kumar,bat,27.0,0.031432140796696977,52.34042553191489,Balanced batting group,3,0f12f9df,NLTC Perera,30.0,0.04245227955677003,49.42857142857143,Balanced batting group,0.5967369271990686,62.62772426477038
8a0ae9da,EC Sen,bat,17.0,0.017544424492412433,49.787234042553195,Balanced batting group,1,8abdf100,CJ Anderson,29.0,0.09599686489394987,53.42857142857142,Balanced batting group,0.3541572375706071,73.84666804233353
8a0ae9da,EC Sen,bat,17.0,0.017544424492412433,49.787234042553195,Balanced batting group,2,d2a6c0e6,EJG Morgan,74.0,0.022201897337180698,47.14285714285714,Balanced batting group,0.5938988807023222,62.739237231873105
8a0ae9da,EC Sen,bat,17.0,0.017544424492412433,49.787234042553195,Balanced batting group,3,c03f1114,KD Karthik,233.0,0.3569589755125642,68.0,Run accumulators,0.6025223429340824,62.401626062141816
8a58cc2a,Sagun Kamat,bat,16.0,-0.21850496217692497,32.340425531914896,Balanced batting group,1,d4f9dbd4,CA Pujara,22.0,-0.2919149159917181,30.571428571428573,Balanced batting group,0.8854258062440565,53.03841692885773
8a58cc2a,Sagun Kamat,bat,16.0,-0.21850496217692497,32.340425531914896,Balanced batting group,2,c15e2193,FY Fazal,11.0,-0.20929424255586931,33.42857142857143,Balanced batting group,0.9955533079290142,50.11141501590856
8a58cc2a,Sagun Kamat,bat,16.0,-0.21850496217692497,32.340425531914896,Balanced batting group,3,cf73ad76,JEC Franklin,16.0,-0.1638173169835694,36.285714285714285,Balanced batting group,1.0728664566714987,48.24237455247108
8ac93ca2,P Chopra,bat,33.0,0.36205127404931425,71.91489361702128,Run accumulators,1,d027ba9f,KS Williamson,76.0,0.38942647619096465,70.28571428571428,Run accumulators,0.9286103763887639,51.850804716318855
8ac93ca2,P Chopra,bat,33.0,0.36205127404931425,71.91489361702128,Run accumulators,2,d2c2b2d5,SR Tendulkar,78.0,0.4449625335741421,72.85714285714285,Run accumulators,0.9708163676797411,50.74039450856137
8ac93ca2,P Chopra,bat,33.0,0.36205127404931425,71.91489361702128,Run accumulators,3,bb345e0b,G Gambhir,151.0,0.4309740498568159,72.28571428571429,Run accumulators,0.9885536056540886,50.28780703505718
8e02f42b,Aditya Garhwal,bat,17.0,-0.33721011387554833,22.97872340425532,Low-output batting group,1,de8cce37,VVS Laxman,20.0,-0.3178316392472064,28.857142857142858,Low-output batting group,1.524462818546672,39.612387738619894
8e02f42b,Aditya Garhwal,bat,17.0,-0.33721011387554833,22.97872340425532,Low-output batting group,2,3fca55af,S Sohal,20.0,0.0948029247312776,52.57142857142857,Balanced batting group,1.6261330205924935,38.078802260153054
8e02f42b,Aditya Garhwal,bat,17.0,-0.33721011387554833,22.97872340425532,Low-output batting group,3,af2c687b,C Munro,11.0,0.04417309075516481,49.714285714285715,Balanced batting group,1.7856065604756564,35.898824126449675
8e48d9a3,Himalay Agarwal,bat,16.0,-0.8466366091932246,7.234042553191489,Low-output batting group,1,57efa3be,SB Styris,10.0,-0.3936214350232372,23.714285714285715,Low-output batting group,0.5936546334901921,62.74885279315158
8e48d9a3,Himalay Agarwal,bat,16.0,-0.8466366091932246,7.234042553191489,Low-output batting group,2,c654af19,R McLaren,13.0,-0.5331412369937798,17.71428571428571,Low-output batting group,0.6789432702404429,59.561273911106554
8e48d9a3,Himalay Agarwal,bat,16.0,-0.8466366091932246,7.234042553191489,Low-output batting group,3,2815fe50,AA Jhunjhunwala,15.0,-0.3579182529169672,26.0,Balanced batting group,0.740789097597927,57.445212713009056
8f607eea,NA Rathva,bat,18.0,-0.16598377041224308,35.74468085106383,Balanced batting group,1,c03c6200,DJG Sammy,20.0,-0.14464738051030684,37.714285714285715,Balanced batting group,0.9521598259754962,51.22531396732842
8f607eea,NA Rathva,bat,18.0,-0.16598377041224308,35.74468085106383,Balanced batting group,2,b63ab531,LA Pomersbach,16.0,0.017472530579417233,46.57142857142857,Balanced batting group,1.0740875049577419,48.21397349965591
8f607eea,NA Rathva,bat,18.0,-0.16598377041224308,35.74468085106383,Balanced batting group,3,5fa06777,IK Pathan,82.0,-0.25299261294078146,32.0,Balanced batting group,1.1776112517746702,45.9218788103266
904585d1,Vikas Hathwala,bat,22.0,-0.38736718853007684,20.425531914893615,Balanced batting group,1,b720a5d6,DB Ravi Teja,25.0,-0.1864682270490462,35.42857142857142,Balanced batting group,0.3731924928115488,72.82300225458891
904585d1,Vikas Hathwala,bat,22.0,-0.38736718853007684,20.425531914893615,Balanced batting group,2,fe763256,Y Venugopal Rao,52.0,-0.09069062540548839,40.85714285714286,Balanced batting group,0.45180315884055444,68.87986115133022
904585d1,Vikas Hathwala,bat,22.0,-0.38736718853007684,20.425531914893615,Balanced batting group,3,f9e6e7ef,Shahbaz Ahmed,40.0,-0.18679683552957183,35.14285714285714,Balanced batting group,0.459321199554429,68.52501014206656
90a3c0dc,Ankit Lamba,bat,26.0,-0.056202897926116324,44.680851063829785,Balanced batting group,1,e1d1b294,HH Gibbs,36.0,0.02505596081219146,48.285714285714285,Balanced batting group,0.7664875921405194,56.60951169140466
90a3c0dc,Ankit Lamba,bat,26.0,-0.056202897926116324,44.680851063829785,Balanced batting group,2,93b4fc78,MK Pandey,161.0,0.1914832919511884,58.57142857142858,Balanced batting group,1.034339594428864,49.15600142368303
90a3c0dc,Ankit Lamba,bat,26.0,-0.056202897926116324,44.680851063829785,Balanced batting group,3,86dc8f2e,JH Kallis,95.0,0.03570981186422578,48.857142857142854,Balanced batting group,1.0369968953819562,49.0918764906851
911d04ad,Gurinder Singh,bat,20.0,-0.05800181612598363,43.829787234042556,Balanced batting group,1,896d78ad,AD Mathews,41.0,-0.06104326280714651,43.142857142857146,Balanced batting group,0.6346668694038343,61.174543799538895
911d04ad,Gurinder Singh,bat,20.0,-0.05800181612598363,43.829787234042556,Balanced batting group,2,fe763256,Y Venugopal Rao,52.0,-0.09069062540548839,40.85714285714286,Balanced batting group,0.8577505703586762,53.82853952276973
911d04ad,Gurinder Singh,bat,20.0,-0.05800181612598363,43.829787234042556,Balanced batting group,3,f3cb53a1,MV Boucher,23.0,-0.005021837032931806,45.714285714285715,Balanced batting group,1.0767507236779386,48.15214404880494
9170ff49,Parvez Rasool,bat,20.0,-0.28112045456097545,27.659574468085108,Balanced batting group,1,26e5cabf,MK Tiwary,83.0,-0.0548077524055261,43.714285714285715,Balanced batting group,0.3043781794323238,76.66488260599455
9170ff49,Parvez Rasool,bat,20.0,-0.28112045456097545,27.659574468085108,Balanced batting group,2,709b0bac,SS Tiwary,73.0,-0.029835480733073863,44.57142857142857,Balanced batting group,0.37234567073151426,72.86793854692314
9170ff49,Parvez Rasool,bat,20.0,-0.28112045456097545,27.659574468085108,Balanced batting group,3,b720a5d6,DB Ravi Teja,25.0,-0.1864682270490462,35.42857142857142,Balanced batting group,0.4451954742954188,69.19479183170938
92d07362,Rohan Prem,bat,15.0,-0.026858942525514087,47.23404255319149,Balanced batting group,1,eade4650,DJ Mitchell,15.0,0.18510960696201695,57.714285714285715,Balanced batting group,1.1770306136047461,45.934126683877516
92d07362,Rohan Prem,bat,15.0,-0.026858942525514087,47.23404255319149,Balanced batting group,2,8291f939,AL Menaria,23.0,-0.22073864392921058,32.857142857142854,Balanced batting group,1.18260555503718,45.81679899476685
92d07362,Rohan Prem,bat,15.0,-0.026858942525514087,47.23404255319149,Balanced batting group,3,709b0bac,SS Tiwary,73.0,-0.029835480733073863,44.57142857142857,Balanced batting group,1.1894114592577365,45.67437499112315
9601c534,SD Lad,bat,36.0,-0.08580489558787549,42.12765957446808,Balanced batting group,1,93b4fc78,MK Pandey,161.0,0.1914832919511884,58.57142857142858,Balanced batting group,0.42352896220845077,70.24795606888169
9601c534,SD Lad,bat,36.0,-0.08580489558787549,42.12765957446808,Balanced batting group,2,709b0bac,SS Tiwary,73.0,-0.029835480733073863,44.57142857142857,Balanced batting group,0.4438632624498928,69.25863591149466
9601c534,SD Lad,bat,36.0,-0.08580489558787549,42.12765957446808,Balanced batting group,3,c3a96caf,Mandeep Singh,97.0,-0.02320848073069168,45.14285714285714,Balanced batting group,0.4508786596133291,68.92375136777517
96477053,Hokaito Zhimomi,bat,15.0,-1.3040915791038274,2.127659574468085,Low-output batting group,1,91a4a398,Z Khan,27.0,-1.0326213270584137,4.857142857142857,Low-output batting group,1.297645638216768,43.52281236788597
96477053,Hokaito Zhimomi,bat,15.0,-1.3040915791038274,2.127659574468085,Low-output batting group,2,6b19d823,A Mishra,55.0,-1.021806659617301,5.428571428571429,Low-output batting group,1.3721063081503877,42.15662664713093
96477053,Hokaito Zhimomi,bat,15.0,-1.3040915791038274,2.127659574468085,Low-output batting group,3,de8d3876,M Rawat,11.0,-0.789254444328861,10.571428571428571,Low-output batting group,1.562690925303162,39.0214828532903
97c06e86,Mangal Mahrour,bat,17.0,-0.4873549386192681,14.893617021276595,Balanced batting group,1,0c94f480,UBT Chand,20.0,-0.3618449929544723,25.71428571428571,Balanced batting group,0.7061240597035741,58.612384856335844
97c06e86,Mangal Mahrour,bat,17.0,-0.4873549386192681,14.893617021276595,Balanced batting group,2,cf73ad76,JEC Franklin,16.0,-0.1638173169835694,36.285714285714285,Balanced batting group,0.7142578653401204,58.33428098646018
97c06e86,Mangal Mahrour,bat,17.0,-0.4873549386192681,14.893617021276595,Balanced batting group,3,fe763256,Y Venugopal Rao,52.0,-0.09069062540548839,40.85714285714286,Balanced batting group,0.8957897740116073,52.748464714203976
983f2f61,Swapnil Singh,bat,29.0,-0.20338520728964518,33.191489361702125,Balanced batting group,1,b63ab531,LA Pomersbach,16.0,0.017472530579417233,46.57142857142857,Balanced batting group,0.44539009017553916,69.18547503522404
983f2f61,Swapnil Singh,bat,29.0,-0.20338520728964518,33.191489361702125,Balanced batting group,2,c3a96caf,Mandeep Singh,97.0,-0.02320848073069168,45.14285714285714,Balanced batting group,0.5098494345893567,66.23176967788025
983f2f61,Swapnil Singh,bat,29.0,-0.20338520728964518,33.191489361702125,Balanced batting group,3,b61a3e1a,LRPL Taylor,54.0,-0.02096401233847233,45.42857142857143,Balanced batting group,0.5439888630868053,64.76730654654848
9889da93,Samarth Singh,bat,25.0,-0.05818686599330558,43.40425531914894,Balanced batting group,1,72861603,GC Smith,29.0,0.09563256287185937,53.142857142857146,Balanced batting group,0.3789809667144239,72.51731707237495
9889da93,Samarth Singh,bat,25.0,-0.05818686599330558,43.40425531914894,Balanced batting group,2,0184dc35,R Dravid,82.0,0.2308002934544471,60.285714285714285,Balanced batting group,0.4100354714288533,70.92020167312913
9889da93,Samarth Singh,bat,25.0,-0.05818686599330558,43.40425531914894,Balanced batting group,3,e1d1b294,HH Gibbs,36.0,0.02505596081219146,48.285714285714285,Balanced batting group,0.4457714612526003,69.16722502833271
9a2d95ac,Aditya Kaushik,bat,24.0,-0.23260769985058452,30.638297872340424,Balanced batting group,1,8291f939,AL Menaria,23.0,-0.22073864392921058,32.857142857142854,Balanced batting group,0.7855803167339115,56.0042015824383
9a2d95ac,Aditya Kaushik,bat,24.0,-0.23260769985058452,30.638297872340424,Balanced batting group,2,709b0bac,SS Tiwary,73.0,-0.029835480733073863,44.57142857142857,Balanced batting group,0.9091935652668456,52.37813588902555
9a2d95ac,Aditya Kaushik,bat,24.0,-0.23260769985058452,30.638297872340424,Balanced batting group,3,c15e2193,FY Fazal,11.0,-0.20929424255586931,33.42857142857143,Balanced batting group,0.9162967217914086,52.183985320664306
9c20688d,Shashank Chandrakar,bat,27.0,0.366079197800191,72.3404255319149,Run accumulators,1,2498e163,JR Hopes,19.0,0.33582465132826783,66.57142857142857,Run accumulators,0.5779973240784635,63.37146361030689
9c20688d,Shashank Chandrakar,bat,27.0,0.366079197800191,72.3404255319149,Run accumulators,2,77255a9e,RA Tripathi,98.0,0.5186087954675755,76.28571428571429,Run accumulators,0.709690599211608,58.49011513902757
9c20688d,Shashank Chandrakar,bat,27.0,0.366079197800191,72.3404255319149,Run accumulators,3,fdedb37c,SM Katich,11.0,0.18990756170410064,57.99999999999999,Balanced batting group,0.7409109928991323,57.441190507660814
9c86350f,H Desai,bat,21.0,-0.09357717180804119,41.27659574468085,Balanced batting group,1,4ae1755b,HC Brook,11.0,0.023191046385024085,47.714285714285715,Balanced batting group,0.7584427975008752,56.868497594645376
9c86350f,H Desai,bat,21.0,-0.09357717180804119,41.27659574468085,Balanced batting group,2,ae091d39,SA Asnodkar,19.0,0.2286076879234596,60.0,Run accumulators,0.7850686870731425,56.02025329566634
9c86350f,H Desai,bat,21.0,-0.09357717180804119,41.27659574468085,Balanced batting group,3,91ffa6c6,JD Ryder,29.0,0.2859478878253864,63.42857142857142,Run accumulators,0.8392179677906898,54.37093468596452
9d3940b3,Himanshu Rana,bat,32.0,0.19951311591373638,63.40425531914894,Run accumulators,1,740742ef,RG Sharma,273.0,0.5873607748540715,78.85714285714286,Run accumulators,0.6818416387117578,59.458630169602124
9d3940b3,Himanshu Rana,bat,32.0,0.19951311591373638,63.40425531914894,Run accumulators,2,4b57e452,M Vijay,105.0,0.260224481406207,61.42857142857143,Run accumulators,0.6886105720106507,59.22028539767384
9d3940b3,Himanshu Rana,bat,32.0,0.19951311591373638,63.40425531914894,Run accumulators,3,1c914163,Yuvraj Singh,126.0,0.3038428012124282,64.57142857142857,Run accumulators,0.6989119906503252,58.86120090406865
9e62632a,Karanveer Kaushal,bat,16.0,0.22571703564422751,65.53191489361701,Run accumulators,1,ae091d39,SA Asnodkar,19.0,0.2286076879234596,60.0,Run accumulators,0.4797930481585185,67.57701701899589
9e62632a,Karanveer Kaushal,bat,16.0,0.22571703564422751,65.53191489361701,Run accumulators,2,1c17e270,RV Uthappa,197.0,0.45912938502615525,74.0,Run accumulators,0.5978002413726846,62.58604637216045
9e62632a,Karanveer Kaushal,bat,16.0,0.22571703564422751,65.53191489361701,Run accumulators,3,d18f9182,DPMD Jayawardene,78.0,0.22857769415303386,59.71428571428572,Balanced batting group,0.5984872032303795,62.559149549593016
9ed95736,Naushad Shaikh,bat,32.0,-0.11778989944931088,39.148936170212764,Balanced batting group,1,7ca5e05d,RS Bopara,22.0,0.03522605822775987,48.57142857142857,Balanced batting group,0.48574058960572614,67.30650067690296
9ed95736,Naushad Shaikh,bat,32.0,-0.11778989944931088,39.148936170212764,Balanced batting group,2,b57f8a9a,BJ Hodge,63.0,0.15852395192619317,56.85714285714286,Balanced batting group,0.5600956378124842,64.09863445308827
9ed95736,Naushad Shaikh,bat,32.0,-0.11778989944931088,39.148936170212764,Balanced batting group,3,709b0bac,SS Tiwary,73.0,-0.029835480733073863,44.57142857142857,Balanced batting group,0.6123931867934123,62.0196121014821
a1765140,Mrunal Devdhar,bat,34.0,0.0911400089364014,56.59574468085107,Balanced batting group,1,fdedb37c,SM Katich,11.0,0.18990756170410064,57.99999999999999,Balanced batting group,0.8470291973353866,54.14099579165549
a1765140,Mrunal Devdhar,bat,34.0,0.0911400089364014,56.59574468085107,Balanced batting group,2,b5da6c24,PA Patel,136.0,0.15219120625724228,56.285714285714285,Balanced batting group,0.9476722163150367,51.34334163743339
a1765140,Mrunal Devdhar,bat,34.0,0.0911400089364014,56.59574468085107,Balanced batting group,3,b63ab531,LA Pomersbach,16.0,0.017472530579417233,46.57142857142857,Balanced batting group,1.0701066038631644,48.30669097590593
a446c7be,Vivek Singh,bat,42.0,0.5349303227325091,80.85106382978722,Run accumulators,1,0ebfb1ad,E Lewis,26.0,0.5028147482601214,75.14285714285714,Run accumulators,0.37862608239680007,72.53598439552641
a446c7be,Vivek Singh,bat,42.0,0.5349303227325091,80.85106382978722,Run accumulators,2,77255a9e,RA Tripathi,98.0,0.5186087954675755,76.28571428571429,Run accumulators,0.5347054901768035,65.1590814264173
a446c7be,Vivek Singh,bat,42.0,0.5349303227325091,80.85106382978722,Run accumulators,3,2be41edb,MJ Guptill,13.0,0.2778330646014149,62.857142857142854,Run accumulators,0.5406374126408219,64.90819915153756
a63563c0,Diwesh Pathania,bat,15.0,-0.14422282266688208,37.02127659574468,Balanced batting group,1,0f12f9df,NLTC Perera,30.0,0.04245227955677003,49.42857142857143,Balanced batting group,0.45404725595165124,68.77355573602149
a63563c0,Diwesh Pathania,bat,15.0,-0.14422282266688208,37.02127659574468,Balanced batting group,2,2e171977,AR Patel,133.0,0.04417629540247791,50.0,Balanced batting group,0.5485088271159672,64.57825635146413
a63563c0,Diwesh Pathania,bat,15.0,-0.14422282266688208,37.02127659574468,Balanced batting group,3,24d94623,Ankit Sharma,10.0,-0.1330704951858191,38.57142857142858,Balanced batting group,0.554801587036643,64.31688829865031
a64608ec,Rishabh Chouhan,bat,16.0,-0.38445713918483887,21.27659574468085,Balanced batting group,1,626c5379,R Sathish,24.0,-0.35741818007669335,26.285714285714285,Balanced batting group,0.524490497059204,65.59568602946592
a64608ec,Rishabh Chouhan,bat,16.0,-0.38445713918483887,21.27659574468085,Balanced batting group,2,dc9dd038,Sachin Baby,11.0,-0.15631886839581347,36.57142857142857,Balanced batting group,0.8154027775915439,55.08419466707431
a64608ec,Rishabh Chouhan,bat,16.0,-0.38445713918483887,21.27659574468085,Balanced batting group,3,b1451597,LR Shukla,33.0,-0.3163288549055179,29.428571428571427,Balanced batting group,1.0740203135989717,48.21553547200975
acc1aeda,SP Jackson,bat,37.0,0.4917088174112442,80.0,Run accumulators,1,d027ba9f,KS Williamson,76.0,0.38942647619096465,70.28571428571428,Run accumulators,0.5432616735691589,64.79782509516113
acc1aeda,SP Jackson,bat,37.0,0.4917088174112442,80.0,Run accumulators,2,bd77eb62,A Symonds,36.0,0.37640379650488426,68.85714285714286,Balanced batting group,0.5610624067650362,64.05893804542276
acc1aeda,SP Jackson,bat,37.0,0.4917088174112442,80.0,Run accumulators,3,85ec8e33,SS Iyer,143.0,0.6644555660365481,83.71428571428572,Run accumulators,0.6143086869071213,61.94602111173145
adf454e9,Rahul Singh,bat,24.0,0.771850208787649,89.7872340425532,Run accumulators,1,eaa76d3c,C Green,40.0,0.7379798285903402,86.28571428571429,Run accumulators,0.6265680000237651,61.47913889769068
adf454e9,Rahul Singh,bat,24.0,0.771850208787649,89.7872340425532,Run accumulators,2,bcf325d2,Dhruv Jurel,48.0,0.676188546835167,84.28571428571429,Run accumulators,0.6884127640927561,59.22722341757084
adf454e9,Rahul Singh,bat,24.0,0.771850208787649,89.7872340425532,Run accumulators,3,ad3b6e95,Abishek Porel,32.0,0.5696460422819204,77.71428571428571,Run accumulators,0.8001927065903617,55.54960845797674
aedc3b7c,NS Naik,bat,26.0,0.02944270072699195,51.48936170212765,Balanced batting group,1,2e171977,AR Patel,133.0,0.04417629540247791,50.0,Balanced batting group,0.5057194327996521,66.41343521353475
aedc3b7c,NS Naik,bat,26.0,0.02944270072699195,51.48936170212765,Balanced batting group,2,5b8c830e,KH Pandya,120.0,0.09610425950200484,53.714285714285715,Balanced batting group,0.5949682501277718,62.69717280703805
aedc3b7c,NS Naik,bat,26.0,0.02944270072699195,51.48936170212765,Balanced batting group,3,c3a96caf,Mandeep Singh,97.0,-0.02320848073069168,45.14285714285714,Balanced batting group,0.6017464945615897,62.43185194381884
af863475,Bhanu Pania,bat,18.0,-0.6236498607914622,9.361702127659575,Balanced batting group,1,378daa89,Aman Hakim Khan,10.0,-0.2708307656530058,31.428571428571427,Balanced batting group,0.4590584948024712,68.537348129787
af863475,Bhanu Pania,bat,18.0,-0.6236498607914622,9.361702127659575,Balanced batting group,2,662c47a6,Y Nagar,20.0,-0.34250734564092095,26.571428571428573,Balanced batting group,0.594613127011429,62.71113557644962
af863475,Bhanu Pania,bat,18.0,-0.6236498607914622,9.361702127659575,Balanced batting group,3,e4a0deae,MJ Santner,21.0,-0.5437357135934245,16.57142857142857,Low-output batting group,0.7091938207093783,58.507115336104086
b11d8647,Ashwin Hebbar,bat,35.0,0.3605338833194477,71.48936170212767,Run accumulators,1,740742ef,RG Sharma,273.0,0.5873607748540715,78.85714285714286,Run accumulators,0.6618508282675242,60.173872587739886
b11d8647,Ashwin Hebbar,bat,35.0,0.3605338833194477,71.48936170212767,Run accumulators,2,39f01cdb,KP Pietersen,36.0,0.5234267696087753,76.85714285714286,Run accumulators,0.8065360942075177,55.35455412191335
b11d8647,Ashwin Hebbar,bat,35.0,0.3605338833194477,71.48936170212767,Run accumulators,3,b8a55852,BB McCullum,109.0,0.571903432394053,78.0,Run accumulators,0.8200323793165208,54.94407744413489
b4296080,Milind Kumar,bat,26.0,0.029799324503393385,51.91489361702127,Balanced batting group,1,e1d1b294,HH Gibbs,36.0,0.02505596081219146,48.285714285714285,Balanced batting group,0.5303794207413508,65.34327281502368
b4296080,Milind Kumar,bat,26.0,0.029799324503393385,51.91489361702127,Balanced batting group,2,2e8994e7,JP Duminy,75.0,0.2577339275557255,61.142857142857146,Balanced batting group,0.6203825492877091,61.71382186506402
b4296080,Milind Kumar,bat,26.0,0.029799324503393385,51.91489361702127,Balanced batting group,3,93b4fc78,MK Pandey,161.0,0.1914832919511884,58.57142857142858,Balanced batting group,0.6287763194953407,61.395784554986626
b63e358a,RK Bhui,bat,28.0,1.0765877979599088,98.29787234042553,Run accumulators,1,c4487b84,AB de Villiers,170.0,1.0480974861268513,94.0,Run accumulators,0.959848318579583,51.02435686067576
b63e358a,RK Bhui,bat,28.0,1.0765877979599088,98.29787234042553,Run accumulators,2,e798611a,HM Amla,16.0,0.7445694048970962,87.14285714285714,Run accumulators,1.2960399778196032,43.553248621987564
b63e358a,RK Bhui,bat,28.0,1.0765877979599088,98.29787234042553,Run accumulators,3,844e79d1,D Brevis,23.0,0.6068548957467004,80.85714285714286,Run accumulators,1.3147507744869957,43.20119517927903
b93a5d0b,Kolla Sumanth,bat,18.0,-0.8766288584154286,6.808510638297872,Low-output batting group,1,81c36ee9,M Jansen,25.0,-0.5866431111761197,14.571428571428571,Low-output batting group,0.7206039690432583,58.11912665504602
b93a5d0b,Kolla Sumanth,bat,18.0,-0.8766288584154286,6.808510638297872,Low-output batting group,2,bcce309e,WPUJC Vaas,11.0,-0.49862158656899896,19.142857142857142,Low-output batting group,0.7348204352279236,57.642853386645655
b93a5d0b,Kolla Sumanth,bat,18.0,-0.8766288584154286,6.808510638297872,Low-output batting group,3,abfeb126,M Kartik,14.0,-0.5811341149708977,14.857142857142858,Low-output batting group,0.7550572891143635,56.9781970196893
bc67cc22,Bavanaka Sandeep,bat,29.0,-0.16660609239714658,35.319148936170215,Balanced batting group,1,7ca5e05d,RS Bopara,22.0,0.03522605822775987,48.57142857142857,Balanced batting group,0.4324357077314086,69.81116112943945
bc67cc22,Bavanaka Sandeep,bat,29.0,-0.16660609239714658,35.319148936170215,Balanced batting group,2,2e8994e7,JP Duminy,75.0,0.2577339275557255,61.142857142857146,Balanced batting group,0.7741526769127689,56.36493482286518
bc67cc22,Bavanaka Sandeep,bat,29.0,-0.16660609239714658,35.319148936170215,Balanced batting group,3,cf73ad76,JEC Franklin,16.0,-0.1638173169835694,36.285714285714285,Balanced batting group,0.8714635570429513,53.434115574233935
bc6d8229,Kumar Deobrat,bat,28.0,-0.016496045568349556,48.08510638297872,Balanced batting group,1,5b8c830e,KH Pandya,120.0,0.09610425950200484,53.714285714285715,Balanced batting group,0.3798491092722896,72.47169225100157
bc6d8229,Kumar Deobrat,bat,28.0,-0.016496045568349556,48.08510638297872,Balanced batting group,2,2e171977,AR Patel,133.0,0.04417629540247791,50.0,Balanced batting group,0.5378932391738083,65.02401951758517
bc6d8229,Kumar Deobrat,bat,28.0,-0.016496045568349556,48.08510638297872,Balanced batting group,3,4ae1755b,HC Brook,11.0,0.023191046385024085,47.714285714285715,Balanced batting group,0.5544454806645223,64.33162259074548
bee290b6,Suboth Bhati,bat,17.0,-0.08230187770101177,42.5531914893617,Balanced batting group,1,ae78bc32,MS Gony,15.0,-0.055980345439202675,43.42857142857143,Balanced batting group,1.3608977953534103,42.356767919735674
bee290b6,Suboth Bhati,bat,17.0,-0.08230187770101177,42.5531914893617,Balanced batting group,2,46a9bea1,TU Deshpande,10.0,-0.04836208560467379,44.0,Low-output batting group,1.8429501974381555,35.174728030801305
bee290b6,Suboth Bhati,bat,17.0,-0.08230187770101177,42.5531914893617,Balanced batting group,3,e342e5fb,CR Brathwaite,14.0,0.38812722953981876,70.0,Run accumulators,1.9168855319767044,34.28314169470763
bf6e03ea,K V Sasikanth,bat,17.0,-0.5490069549406874,12.76595744680851,Low-output batting group,1,13c35c9e,TG Southee,19.0,-0.5380690939790556,17.142857142857142,Low-output batting group,0.7097748954889542,58.4872314266858
bf6e03ea,K V Sasikanth,bat,17.0,-0.5490069549406874,12.76595744680851,Low-output batting group,2,26a85969,R Dhawan,22.0,-0.4144992676666148,23.42857142857143,Low-output batting group,0.8222292636920313,54.87783672038572
bf6e03ea,K V Sasikanth,bat,17.0,-0.5490069549406874,12.76595744680851,Low-output batting group,3,68c56d09,KA Jamieson,10.0,-0.38608121961728575,24.0,Low-output batting group,0.8459101797026557,54.173816851754005
c2294408,Pallav Kumar Das,bat,31.0,0.3951357831686796,75.31914893617021,Balanced batting group,1,3fca55af,S Sohal,20.0,0.0948029247312776,52.57142857142857,Balanced batting group,1.2650796461735059,44.14855794096874
c2294408,Pallav Kumar Das,bat,31.0,0.3951357831686796,75.31914893617021,Balanced batting group,2,0bacade8,Rahmanullah Gurbaz,18.0,0.29578153458433204,64.0,Balanced batting group,1.397683368785779,41.70692481828467
c2294408,Pallav Kumar Das,bat,31.0,0.3951357831686796,75.31914893617021,Balanced batting group,3,6c882e9a,PBB Rajapaksa,13.0,0.34349073325112234,67.71428571428572,High-impact power hitters,1.4188884738693845,41.341302453698745
c2dd89ea,BR Sharath,bat,21.0,-0.5068556404753772,14.042553191489363,Balanced batting group,1,c8f5f961,Anuj Rawat,21.0,-0.13759329685189256,38.0,Balanced batting group,0.5426123477260485,64.8251001928055
c2dd89ea,BR Sharath,bat,21.0,-0.5068556404753772,14.042553191489363,Balanced batting group,2,5056011d,GJ Bailey,36.0,-0.03490946843937878,44.285714285714285,Balanced batting group,0.8016499546955755,55.5046776647004
c2dd89ea,BR Sharath,bat,21.0,-0.5068556404753772,14.042553191489363,Balanced batting group,3,5451a2c1,B Chipli,21.0,-0.2920277126226063,30.28571428571429,Balanced batting group,0.8093400051060328,55.26877188245208
c3f37533,Hari Nishaanth,bat,26.0,0.31056273818990715,69.7872340425532,Run accumulators,1,eade4650,DJ Mitchell,15.0,0.18510960696201695,57.714285714285715,Balanced batting group,0.78563426874937,56.00250944446671
c3f37533,Hari Nishaanth,bat,26.0,0.31056273818990715,69.7872340425532,Run accumulators,2,fdedb37c,SM Katich,11.0,0.18990756170410064,57.99999999999999,Balanced batting group,0.9961095237664558,50.097451472156784
c3f37533,Hari Nishaanth,bat,26.0,0.31056273818990715,69.7872340425532,Run accumulators,3,2c25d4f5,D Padikkal,86.0,0.5350628512824288,77.14285714285715,Run accumulators,1.0023930600514173,49.940244997369405
c6272773,Shivam Chauhan,bat,22.0,0.2723710898641366,67.65957446808511,Balanced batting group,1,bb345e0b,G Gambhir,151.0,0.4309740498568159,72.28571428571429,Run accumulators,0.3310886741570929,75.12647499861318
c6272773,Shivam Chauhan,bat,22.0,0.2723710898641366,67.65957446808511,Balanced batting group,2,29e95537,AM Rahane,195.0,0.41188467011430124,71.42857142857143,Run accumulators,0.6583264905146388,60.30175636220246
c6272773,Shivam Chauhan,bat,22.0,0.2723710898641366,67.65957446808511,Balanced batting group,3,6b71e6cf,KC Sangakkara,68.0,0.2415401119290693,60.57142857142858,Balanced batting group,0.7386640558101806,57.515423790941675
c88c8a7d,Akshay Wadkar,bat,18.0,-0.6005826945013073,11.063829787234042,Balanced batting group,1,ad427b5c,Lalit Yadav,21.0,-0.3765542785099856,24.857142857142858,Balanced batting group,0.9203975555300189,52.072551181935125
c88c8a7d,Akshay Wadkar,bat,18.0,-0.6005826945013073,11.063829787234042,Balanced batting group,2,8291f939,AL Menaria,23.0,-0.22073864392921058,32.857142857142854,Balanced batting group,0.9644035972803933,50.90603587696764
c88c8a7d,Akshay Wadkar,bat,18.0,-0.6005826945013073,11.063829787234042,Balanced batting group,3,cf73ad76,JEC Franklin,16.0,-0.1638173169835694,36.285714285714285,Balanced batting group,0.979041919350569,50.529500675162765
cb932841,AKS Bains,bat,23.0,-0.10138432698318761,40.42553191489361,Balanced batting group,1,af2c687b,C Munro,11.0,0.04417309075516481,49.714285714285715,Balanced batting group,0.9041651507489213,52.51645318719824
cb932841,AKS Bains,bat,23.0,-0.10138432698318761,40.42553191489361,Balanced batting group,2,b5da6c24,PA Patel,136.0,0.15219120625724228,56.285714285714285,Balanced batting group,0.999716697851863,50.0070835570969
cb932841,AKS Bains,bat,23.0,-0.10138432698318761,40.42553191489361,Balanced batting group,3,bd54eef5,N Jagadeesan,10.0,-0.13353121436862267,38.285714285714285,Balanced batting group,1.0391359948612995,49.04037800911946
cc8531c2,Vishal Kushwah,bat,18.0,0.5944389005496898,83.40425531914893,High-impact power hitters,1,6b2ff18f,SB Dubey,16.0,0.3324713763500404,66.28571428571428,High-impact power hitters,1.0703366075456027,48.30132435254123
cc8531c2,Vishal Kushwah,bat,18.0,0.5944389005496898,83.40425531914893,High-impact power hitters,2,fb66ce1f,CH Morris,49.0,0.31465812120685166,65.42857142857143,High-impact power hitters,1.386651368488024,41.8997099116958
cc8531c2,Vishal Kushwah,bat,18.0,0.5944389005496898,83.40425531914893,High-impact power hitters,3,d7423da1,S Arora,10.0,0.26976498032530205,62.0,High-impact power hitters,1.6042296339495745,38.399071532082985
ccae927b,Azim Kazi,bat,21.0,-0.1708107373405881,34.8936170212766,Balanced batting group,1,896d78ad,AD Mathews,41.0,-0.06104326280714651,43.142857142857146,Balanced batting group,0.4502473271890169,68.95375576649249
ccae927b,Azim Kazi,bat,21.0,-0.1708107373405881,34.8936170212766,Balanced batting group,2,fe763256,Y Venugopal Rao,52.0,-0.09069062540548839,40.85714285714286,Balanced batting group,0.7847136345929154,56.031398013502326
ccae927b,Azim Kazi,bat,21.0,-0.1708107373405881,34.8936170212766,Balanced batting group,3,0890552f,A Manohar,20.0,-0.08106552322106647,41.714285714285715,Balanced batting group,0.9010700749949552,52.6019536656298
ccc04a61,Rajat Dey,bat,21.0,0.23378808087408867,66.80851063829788,Run accumulators,1,e087956b,BA Stokes,43.0,0.28042181303440666,63.142857142857146,Run accumulators,0.5109365060950928,66.18411799344423
ccc04a61,Rajat Dey,bat,21.0,0.23378808087408867,66.80851063829788,Run accumulators,2,6a26221c,AK Markram,66.0,0.4500784262455406,73.14285714285714,Run accumulators,0.5195466295341267,65.80910256808552
ccc04a61,Rajat Dey,bat,21.0,0.23378808087408867,66.80851063829788,Run accumulators,3,70d205c9,AT Rayudu,185.0,0.28830058479236675,63.714285714285715,Balanced batting group,0.5816747265210992,63.224124608699064
ce2b42ae,Darshan Misal,bat,29.0,-0.992949092406985,5.531914893617021,Low-output batting group,1,f846de6a,MN Samuels,14.0,-0.5518725936219263,16.28571428571429,Low-output batting group,0.6191235460516977,61.76180949492971
ce2b42ae,Darshan Misal,bat,29.0,-0.992949092406985,5.531914893617021,Low-output batting group,2,2a2e6343,DT Christian,41.0,-0.46936864959886093,21.142857142857142,Balanced batting group,0.715739852731194,58.283894170095415
ce2b42ae,Darshan Misal,bat,29.0,-0.992949092406985,5.531914893617021,Low-output batting group,3,57efa3be,SB Styris,10.0,-0.3936214350232372,23.714285714285715,Low-output batting group,0.9058741963825094,52.469360354323186
cf59b3f0,Urvil Patel,bat,31.0,0.7339596820490784,88.51063829787233,High-impact power hitters,1,8b3e9c7c,PP Shaw,79.0,0.7983928780251821,88.28571428571429,High-impact power hitters,1.312063318115075,43.25141064109164
cf59b3f0,Urvil Patel,bat,31.0,0.7339596820490784,88.51063829787233,High-impact power hitters,2,6c882e9a,PBB Rajapaksa,13.0,0.34349073325112234,67.71428571428572,High-impact power hitters,1.335336220576607,42.82038668304021
cf59b3f0,Urvil Patel,bat,31.0,0.7339596820490784,88.51063829787233,High-impact power hitters,3,9d430b40,SP Narine,122.0,0.8857515418035878,91.14285714285715,High-impact power hitters,1.5400356258163326,39.36952654664494
cf9d3356,Chetan Bist,bat,19.0,-0.12381985919973863,38.72340425531915,Balanced batting group,1,e1d1b294,HH Gibbs,36.0,0.02505596081219146,48.285714285714285,Balanced batting group,0.6408005558133376,60.94585941338278
cf9d3356,Chetan Bist,bat,19.0,-0.12381985919973863,38.72340425531915,Balanced batting group,2,709b0bac,SS Tiwary,73.0,-0.029835480733073863,44.57142857142857,Balanced batting group,0.6970228321097742,58.92672632794098
cf9d3356,Chetan Bist,bat,19.0,-0.12381985919973863,38.72340425531915,Balanced batting group,3,93b4fc78,MK Pandey,161.0,0.1914832919511884,58.57142857142858,Balanced batting group,0.7121229339847829,58.40702090664758
d2550980,Anand Singh,bat,19.0,0.32124022467694346,70.63829787234043,Run accumulators,1,bb345e0b,G Gambhir,151.0,0.4309740498568159,72.28571428571429,Run accumulators,0.7556146975363977,56.96010641761376
d2550980,Anand Singh,bat,19.0,0.32124022467694346,70.63829787234043,Run accumulators,2,b5da6c24,PA Patel,136.0,0.15219120625724228,56.285714285714285,Balanced batting group,0.9185366613039467,52.12305921328306
d2550980,Anand Singh,bat,19.0,0.32124022467694346,70.63829787234043,Run accumulators,3,2c25d4f5,D Padikkal,86.0,0.5350628512824288,77.14285714285715,Run accumulators,0.920887131882612,52.05927945490091
d28a7a2a,U U Bose,bat,24.0,-0.20763396669533093,32.76595744680851,Balanced batting group,1,5bdcdb72,TM Dilshan,50.0,0.09510241014823964,52.85714285714286,Balanced batting group,0.7650513480847559,56.65557554940782
d28a7a2a,U U Bose,bat,24.0,-0.20763396669533093,32.76595744680851,Balanced batting group,2,fd835ab3,DJ Hussey,61.0,0.08368499021899721,51.714285714285715,Balanced batting group,0.8869684006576537,52.99505808637156
d28a7a2a,U U Bose,bat,24.0,-0.20763396669533093,32.76595744680851,Balanced batting group,3,5056011d,GJ Bailey,36.0,-0.03490946843937878,44.285714285714285,Balanced batting group,0.9052810951806908,52.485693713617785
d30c6f81,Vishvaraj Jadeja,bat,18.0,-0.2705319599033603,28.936170212765955,Balanced batting group,1,d2a6c0e6,EJG Morgan,74.0,0.022201897337180698,47.14285714285714,Balanced batting group,0.4370344200472848,69.58775559231876
d30c6f81,Vishvaraj Jadeja,bat,18.0,-0.2705319599033603,28.936170212765955,Balanced batting group,2,26e5cabf,MK Tiwary,83.0,-0.0548077524055261,43.714285714285715,Balanced batting group,0.5589056354235322,64.14756462974196
d30c6f81,Vishvaraj Jadeja,bat,18.0,-0.2705319599033603,28.936170212765955,Balanced batting group,3,32198ae0,MC Henriques,54.0,0.03737466388663549,49.142857142857146,Balanced batting group,0.5602948746900218,64.0904495824013
d3c1f849,Deepraj Gaonkar,bat,19.0,-0.4796446964330958,15.74468085106383,Balanced batting group,1,c15e2193,FY Fazal,11.0,-0.20929424255586931,33.42857142857143,Balanced batting group,0.37521551959498134,72.71587513021325
d3c1f849,Deepraj Gaonkar,bat,19.0,-0.4796446964330958,15.74468085106383,Balanced batting group,2,7c503806,J Botha,28.0,-0.2961827221088635,30.0,Balanced batting group,0.4001047257620003,71.42322867710877
d3c1f849,Deepraj Gaonkar,bat,19.0,-0.4796446964330958,15.74468085106383,Balanced batting group,3,b720a5d6,DB Ravi Teja,25.0,-0.1864682270490462,35.42857142857142,Balanced batting group,0.567159802642475,63.809702004469784
d4753890,Rongsen Jonathan,bat,21.0,-0.3202057335955697,23.404255319148938,Balanced batting group,1,d4f9dbd4,CA Pujara,22.0,-0.2919149159917181,30.571428571428573,Balanced batting group,0.7733629764689423,56.390034824746635
d4753890,Rongsen Jonathan,bat,21.0,-0.3202057335955697,23.404255319148938,Balanced batting group,2,c15e2193,FY Fazal,11.0,-0.20929424255586931,33.42857142857143,Balanced batting group,0.8347923394530332,54.502080616823825
d4753890,Rongsen Jonathan,bat,21.0,-0.3202057335955697,23.404255319148938,Balanced batting group,3,8291f939,AL Menaria,23.0,-0.22073864392921058,32.857142857142854,Balanced batting group,0.8390244454658413,54.376656192119896
d6ac52e8,Akhilesh Sahani,bat,18.0,-0.6730652805960892,8.936170212765958,Low-output batting group,1,e4a0deae,MJ Santner,21.0,-0.5437357135934245,16.57142857142857,Low-output batting group,0.7966154923356261,55.66021245313796
d6ac52e8,Akhilesh Sahani,bat,18.0,-0.6730652805960892,8.936170212765958,Low-output batting group,2,26a85969,R Dhawan,22.0,-0.4144992676666148,23.42857142857143,Low-output batting group,0.8145433656226441,55.11028388438978
d6ac52e8,Akhilesh Sahani,bat,18.0,-0.6730652805960892,8.936170212765958,Low-output batting group,3,68c56d09,KA Jamieson,10.0,-0.38608121961728575,24.0,Low-output batting group,0.8340417659961956,54.52438535154244
d8a90827,Shubham Khajuria,bat,19.0,-0.31729619919003466,23.829787234042556,Balanced batting group,1,73ad96ed,DJ Hooda,101.0,-0.12529965644714183,39.42857142857143,Balanced batting group,0.6425322564672666,60.88160497686571
d8a90827,Shubham Khajuria,bat,19.0,-0.31729619919003466,23.829787234042556,Balanced batting group,2,890946a0,NV Ojha,94.0,-0.13172491353577553,38.857142857142854,Balanced batting group,0.6583113833019343,60.30230571105756
d8a90827,Shubham Khajuria,bat,19.0,-0.31729619919003466,23.829787234042556,Balanced batting group,3,6afb26d6,MD Mishra,17.0,-0.19975668331987786,34.85714285714286,Balanced batting group,0.6674569387755779,59.97156368753397
dde809f3,Techi Doria,bat,16.0,-0.9773328771130161,5.957446808510639,Low-output batting group,1,a1f1829d,K Goel,16.0,-0.47570756242036466,20.857142857142858,Low-output batting group,1.2224576294974037,44.995233507607715
dde809f3,Techi Doria,bat,16.0,-0.9773328771130161,5.957446808510639,Low-output batting group,2,2728e7e9,P Dogra,12.0,-0.6051034667610338,14.285714285714285,Low-output batting group,1.3685860590852954,42.21928083061427
dde809f3,Techi Doria,bat,16.0,-0.9773328771130161,5.957446808510639,Low-output batting group,3,3eac9d95,JDP Oram,11.0,-0.4850173280736896,20.57142857142857,Low-output batting group,1.4135379148720522,41.43295176090128
dded65e7,IR Jaggi,bat,19.0,0.7537050591896223,89.36170212765957,Run accumulators,1,35205dfc,DR Smith,88.0,0.6737354713993822,84.0,Run accumulators,0.6681687151025252,59.94597494525847
dded65e7,IR Jaggi,bat,19.0,0.7537050591896223,89.36170212765957,Run accumulators,2,b4b99816,Shubman Gill,126.0,1.0131959555676515,93.42857142857143,Run accumulators,0.7304044734845032,57.789956933381426
dded65e7,IR Jaggi,bat,19.0,0.7537050591896223,89.36170212765957,Run accumulators,3,a24be938,VR Iyer,59.0,0.6328384082796775,82.28571428571428,Run accumulators,0.8405952347587516,54.330250405710245
e1e7f950,Akshay Karnewar,bat,29.0,-0.38555535549291037,20.851063829787233,Balanced batting group,1,c03c6200,DJG Sammy,20.0,-0.14464738051030684,37.714285714285715,Balanced batting group,1.2478872982941696,44.486216046456576
e1e7f950,Akshay Karnewar,bat,29.0,-0.38555535549291037,20.851063829787233,Balanced batting group,2,62af8546,Mohammad Nabi,19.0,0.13893738540278175,55.42857142857143,High-impact power hitters,1.4532024887631643,40.763043596298154
e1e7f950,Akshay Karnewar,bat,29.0,-0.38555535549291037,20.851063829787233,Balanced batting group,3,f088b960,SN Khan,43.0,0.26704628234486355,61.71428571428571,Run accumulators,1.7810709855918714,35.9573705662597
e53af640,Shivam Chaudhary,bat,23.0,0.03668903668864329,53.191489361702125,Balanced batting group,1,93b4fc78,MK Pandey,161.0,0.1914832919511884,58.57142857142858,Balanced batting group,0.565860391924257,63.86265373065082
e53af640,Shivam Chaudhary,bat,23.0,0.03668903668864329,53.191489361702125,Balanced batting group,2,6b71e6cf,KC Sangakkara,68.0,0.2415401119290693,60.57142857142858,Balanced batting group,0.6186386646968594,61.780310937233246
e53af640,Shivam Chaudhary,bat,23.0,0.03668903668864329,53.191489361702125,Balanced batting group,3,bb345e0b,G Gambhir,151.0,0.4309740498568159,72.28571428571429,Run accumulators,0.6515349555627856,60.54973263700827
e635a5dd,Dhruv Raval,bat,17.0,0.3738965331249863,73.61702127659574,Run accumulators,1,fdedb37c,SM Katich,11.0,0.18990756170410064,57.99999999999999,Balanced batting group,0.7783954727695325,56.23046253276157
e635a5dd,Dhruv Raval,bat,17.0,0.3738965331249863,73.61702127659574,Run accumulators,2,77255a9e,RA Tripathi,98.0,0.5186087954675755,76.28571428571429,Run accumulators,0.9949435991041363,50.12673042230704
e635a5dd,Dhruv Raval,bat,17.0,0.3738965331249863,73.61702127659574,Run accumulators,3,2498e163,JR Hopes,19.0,0.33582465132826783,66.57142857142857,Run accumulators,1.0012210514375826,49.969492339771634
e6e9b619,Tanmay Agarwal,bat,36.0,0.19304969873316805,62.5531914893617,Run accumulators,1,4b57e452,M Vijay,105.0,0.260224481406207,61.42857142857143,Run accumulators,0.36307046228241807,73.3637788853213
e6e9b619,Tanmay Agarwal,bat,36.0,0.19304969873316805,62.5531914893617,Run accumulators,2,1c17e270,RV Uthappa,197.0,0.45912938502615525,74.0,Run accumulators,0.5691713929383861,63.72790152179796
e6e9b619,Tanmay Agarwal,bat,36.0,0.19304969873316805,62.5531914893617,Run accumulators,3,6a26221c,AK Markram,66.0,0.4500784262455406,73.14285714285714,Run accumulators,0.5857212029553236,63.062787969050966
e793a8ed,Chaitanya Bishnoi,bat,32.0,-0.04338271966092406,45.53191489361702,Balanced batting group,1,93b4fc78,MK Pandey,161.0,0.1914832919511884,58.57142857142858,Balanced batting group,0.33016663745473845,75.17855070500721
e793a8ed,Chaitanya Bishnoi,bat,32.0,-0.04338271966092406,45.53191489361702,Balanced batting group,2,6b71e6cf,KC Sangakkara,68.0,0.2415401119290693,60.57142857142858,Balanced batting group,0.44496553704361214,69.20580279346953
e793a8ed,Chaitanya Bishnoi,bat,32.0,-0.04338271966092406,45.53191489361702,Balanced batting group,3,709b0bac,SS Tiwary,73.0,-0.029835480733073863,44.57142857142857,Balanced batting group,0.5944308351426472,62.71830536384064
e9cb8d60,Nitesh Sedai,bat,17.0,-0.9229510715147001,6.382978723404255,Low-output batting group,1,a1f1829d,K Goel,16.0,-0.47570756242036466,20.857142857142858,Low-output batting group,0.5145301767783816,66.0270766031972
e9cb8d60,Nitesh Sedai,bat,17.0,-0.9229510715147001,6.382978723404255,Low-output batting group,2,bb18be76,SK Warne,27.0,-0.831249054312525,9.428571428571429,Low-output batting group,0.6691511451307731,59.91069190571432
e9cb8d60,Nitesh Sedai,bat,17.0,-0.9229510715147001,6.382978723404255,Low-output batting group,3,f10e94c4,AD Nath,10.0,-0.5419430865261938,16.857142857142858,Low-output batting group,0.6848439937098213,59.35267619633564
ebcfef83,Himmat Singh,bat,33.0,-0.08998485369799028,41.702127659574465,Balanced batting group,1,fe11caa6,WP Saha,143.0,0.20015634370839036,59.14285714285714,Balanced batting group,0.3673881922238839,73.13212193046851
ebcfef83,Himmat Singh,bat,33.0,-0.08998485369799028,41.702127659574465,Balanced batting group,2,c16d4035,SW Billings,27.0,0.0886237491919116,52.0,Balanced batting group,0.39989768689523125,71.4337918664509
ebcfef83,Himmat Singh,bat,33.0,-0.08998485369799028,41.702127659574465,Balanced batting group,3,fe93fd9d,RA Jadeja,202.0,0.021731285165669877,46.85714285714286,Balanced batting group,0.48022530137717523,67.55728327772927
ebf25cf2,Priyank Panchal,bat,35.0,0.40890188607676525,77.02127659574468,Run accumulators,1,740742ef,RG Sharma,273.0,0.5873607748540715,78.85714285714286,Run accumulators,0.37638689406790465,72.65399026319591
ebf25cf2,Priyank Panchal,bat,35.0,0.40890188607676525,77.02127659574468,Run accumulators,2,39f01cdb,KP Pietersen,36.0,0.5234267696087753,76.85714285714286,Run accumulators,0.48836372490924007,67.18787775219258
ebf25cf2,Priyank Panchal,bat,35.0,0.40890188607676525,77.02127659574468,Run accumulators,3,6a26221c,AK Markram,66.0,0.4500784262455406,73.14285714285714,Run accumulators,0.5532550720886583,64.38092609318201
ee2ac9d7,Marimuthu Vikneshwaran,bat,21.0,-1.1768017128993453,3.829787234042553,Low-output batting group,1,f10e94c4,AD Nath,10.0,-0.5419430865261938,16.857142857142858,Low-output batting group,0.6929802266737293,59.06743529809222
ee2ac9d7,Marimuthu Vikneshwaran,bat,21.0,-1.1768017128993453,3.829787234042553,Low-output batting group,2,bb18be76,SK Warne,27.0,-0.831249054312525,9.428571428571429,Low-output batting group,0.7429087913671099,57.375348896806926
ee2ac9d7,Marimuthu Vikneshwaran,bat,21.0,-1.1768017128993453,3.829787234042553,Low-output batting group,3,c654af19,R McLaren,13.0,-0.5331412369937798,17.71428571428571,Low-output batting group,0.8236387721945692,54.835421095845575
f079e8fe,Jay Bista,bat,26.0,0.832825339767593,92.34042553191489,Run accumulators,1,e798611a,HM Amla,16.0,0.7445694048970962,87.14285714285714,Run accumulators,0.6531091114666506,60.49207478584354
f079e8fe,Jay Bista,bat,26.0,0.832825339767593,92.34042553191489,Run accumulators,2,c4487b84,AB de Villiers,170.0,1.0480974861268513,94.0,Run accumulators,0.7549146885529906,56.98282694439961
f079e8fe,Jay Bista,bat,26.0,0.832825339767593,92.34042553191489,Run accumulators,3,372455c4,Q de Kock,118.0,0.7085685396336634,85.42857142857143,Run accumulators,0.8582033717130234,53.81542274773343
f705d984,Fabid Ahmed,bat,22.0,-1.1276748124717353,4.680851063829787,Low-output batting group,1,c654af19,R McLaren,13.0,-0.5331412369937798,17.71428571428571,Low-output batting group,0.7484327205760551,57.19407948797313
f705d984,Fabid Ahmed,bat,22.0,-1.1276748124717353,4.680851063829787,Low-output batting group,2,94253925,GH Vihari,23.0,-0.7335946047962356,11.714285714285715,Low-output batting group,0.9672320604679869,50.83284377553856
f705d984,Fabid Ahmed,bat,22.0,-1.1276748124717353,4.680851063829787,Low-output batting group,3,2728e7e9,P Dogra,12.0,-0.6051034667610338,14.285714285714285,Low-output batting group,1.097583814321238,47.673899520605914
f7ce1f24,Ravi Chauhan,bat,22.0,0.37889738417416785,74.04255319148936,Run accumulators,1,d2c2b2d5,SR Tendulkar,78.0,0.4449625335741421,72.85714285714285,Run accumulators,0.6334897970891066,61.21862541057856
f7ce1f24,Ravi Chauhan,bat,22.0,0.37889738417416785,74.04255319148936,Run accumulators,2,0a476045,S Dhawan,221.0,0.6345118407622269,82.57142857142857,Run accumulators,0.7951045802396685,55.70706080347072
f7ce1f24,Ravi Chauhan,bat,22.0,0.37889738417416785,74.04255319148936,Run accumulators,3,bb345e0b,G Gambhir,151.0,0.4309740498568159,72.28571428571429,Run accumulators,0.8229299676465363,54.85674259286184
f9900488,P Prafullomani,bat,15.0,-1.1053360466975921,5.106382978723404,Low-output batting group,1,94253925,GH Vihari,23.0,-0.7335946047962356,11.714285714285715,Low-output batting group,0.8144493811895542,55.11313847424056
f9900488,P Prafullomani,bat,15.0,-1.1053360466975921,5.106382978723404,Low-output batting group,2,c654af19,R McLaren,13.0,-0.5331412369937798,17.71428571428571,Low-output batting group,0.9362358553626936,51.64660065716432
f9900488,P Prafullomani,bat,15.0,-1.1053360466975921,5.106382978723404,Low-output batting group,3,3a60e0b5,WD Parnell,13.0,-0.8589544021021019,8.285714285714285,Low-output batting group,1.2383085524837507,44.67659290719078
f9f21866,Pratham Singh,bat,32.0,0.3678782935056943,72.76595744680851,Run accumulators,1,85ec8e33,SS Iyer,143.0,0.6644555660365481,83.71428571428572,Run accumulators,0.6218436557405257,61.65822435846352
f9f21866,Pratham Singh,bat,32.0,0.3678782935056943,72.76595744680851,Run accumulators,2,372455c4,Q de Kock,118.0,0.7085685396336634,85.42857142857143,Run accumulators,0.632793832328956,61.24471933934473
f9f21866,Pratham Singh,bat,32.0,0.3678782935056943,72.76595744680851,Run accumulators,3,b8a55852,BB McCullum,109.0,0.571903432394053,78.0,Run accumulators,0.7317833677294279,57.74394295697145
faa7365d,DR Shorey,bat,23.0,-0.2213159228729791,31.914893617021278,Balanced batting group,1,7ca5e05d,RS Bopara,22.0,0.03522605822775987,48.57142857142857,Balanced batting group,0.5594117435771134,64.1267454935355
faa7365d,DR Shorey,bat,23.0,-0.2213159228729791,31.914893617021278,Balanced batting group,2,fd835ab3,DJ Hussey,61.0,0.08368499021899721,51.714285714285715,Balanced batting group,0.5658105253793082,63.86468757180924
faa7365d,DR Shorey,bat,23.0,-0.2213159228729791,31.914893617021278,Balanced batting group,3,e1d1b294,HH Gibbs,36.0,0.02505596081219146,48.285714285714285,Balanced batting group,0.5858935599826365,63.05593422114336
fe5f2e48,RL Jangid,bat,19.0,-0.6182720528953961,10.212765957446807,Balanced batting group,1,626c5379,R Sathish,24.0,-0.35741818007669335,26.285714285714285,Balanced batting group,0.5078335773836278,66.320316446009
fe5f2e48,RL Jangid,bat,19.0,-0.6182720528953961,10.212765957446807,Balanced batting group,2,dc9dd038,Sachin Baby,11.0,-0.15631886839581347,36.57142857142857,Balanced batting group,1.1073419598058132,47.453143299635514
fe5f2e48,RL Jangid,bat,19.0,-0.6182720528953961,10.212765957446807,Balanced batting group,3,2a2e6343,DT Christian,41.0,-0.46936864959886093,21.142857142857142,Balanced batting group,1.183693298404696,45.793976687594046
01ada0ed,A Nagwaswalla,bowl,26.0,0.5850960388482322,87.06467661691542,High-impact strike/control bowlers,1,a12e1d51,SL Malinga,122.0,1.239342678898772,99.66887417218543,High-impact strike/control bowlers,0.5334502799818667,65.21241758238324
01ada0ed,A Nagwaswalla,bowl,26.0,0.5850960388482322,87.06467661691542,High-impact strike/control bowlers,2,557153ca,KK Cooper,25.0,0.6721104849611725,91.72185430463577,High-impact strike/control bowlers,0.954425646057356,51.16592703423076
01ada0ed,A Nagwaswalla,bowl,26.0,0.5850960388482322,87.06467661691542,High-impact strike/control bowlers,3,12eddf28,RJ Harris,37.0,0.7310990355447311,93.70860927152319,High-impact strike/control bowlers,1.0016574836115426,49.9585972219245
077da288,CP Singh,bowl,20.0,0.3103582005393828,72.13930348258707,High-impact strike/control bowlers,1,9d430b40,SP Narine,198.0,0.8849675586027738,98.01324503311258,High-impact strike/control bowlers,0.7780092442735128,56.24267720883508
077da288,CP Singh,bowl,20.0,0.3103582005393828,72.13930348258707,High-impact strike/control bowlers,2,8b5b6769,Harbhajan Singh,160.0,0.6421724460207937,90.72847682119205,Economy support bowlers,0.8450537480922581,54.19896309438012
077da288,CP Singh,bowl,20.0,0.3103582005393828,72.13930348258707,High-impact strike/control bowlers,3,462411b3,JJ Bumrah,157.0,0.9171348489973056,98.67549668874173,High-impact strike/control bowlers,0.848791756044068,54.089380090039946
09a71776,Satyajeet Bachhav,bowl,34.0,0.5224181137684772,85.57213930348259,High-impact strike/control bowlers,1,9d430b40,SP Narine,198.0,0.8849675586027738,98.01324503311258,High-impact strike/control bowlers,0.7287940143209133,57.84379120451834
09a71776,Satyajeet Bachhav,bowl,34.0,0.5224181137684772,85.57213930348259,High-impact strike/control bowlers,2,462411b3,JJ Bumrah,157.0,0.9171348489973056,98.67549668874173,High-impact strike/control bowlers,0.9047390246439249,52.50063064082712
09a71776,Satyajeet Bachhav,bowl,34.0,0.5224181137684772,85.57213930348259,High-impact strike/control bowlers,3,5f547c8b,Rashid Khan,149.0,0.9048310367553145,98.34437086092716,High-impact strike/control bowlers,0.9907314705927786,50.232792055185165
0af3426f,SS Mundhe,bowl,23.0,-0.9536697531850068,2.9850746268656714,Economy support bowlers,1,26a85969,R Dhawan,36.0,-0.0713412397277495,40.06622516556291,Economy support bowlers,0.9405018584274232,51.53306066969691
0af3426f,SS Mundhe,bowl,23.0,-0.9536697531850068,2.9850746268656714,Economy support bowlers,2,e938e1bc,P Kumar,119.0,0.06468764026384886,53.64238410596026,Economy support bowlers,1.0270226729734522,49.33343930154929
0af3426f,SS Mundhe,bowl,23.0,-0.9536697531850068,2.9850746268656714,Economy support bowlers,3,2e8994e7,JP Duminy,49.0,-0.12630914280088917,35.430463576158935,Economy support bowlers,1.1889753803393677,45.6834740573905
0c0ef3fb,Baltej Singh,bowl,27.0,0.31530999033480156,72.636815920398,High-impact strike/control bowlers,1,9a158001,Azhar Mahmood,23.0,0.6063259671528087,88.41059602649007,High-impact strike/control bowlers,0.8041011364203029,55.42926501250367
0c0ef3fb,Baltej Singh,bowl,27.0,0.31530999033480156,72.636815920398,High-impact strike/control bowlers,2,5f547c8b,Rashid Khan,149.0,0.9048310367553145,98.34437086092716,High-impact strike/control bowlers,0.8172817801781715,55.0272396337984
0c0ef3fb,Baltej Singh,bowl,27.0,0.31530999033480156,72.636815920398,High-impact strike/control bowlers,3,56ab442f,NM Coulter-Nile,38.0,0.7436541973877694,94.37086092715232,High-impact strike/control bowlers,0.866538599479937,53.57510422118376
0f60513c,Akash Choudhary,bowl,18.0,0.19125115921608998,62.68656716417911,High-impact strike/control bowlers,1,f708a0bc,GB Hogg,21.0,0.5324953014180992,83.44370860927152,High-impact strike/control bowlers,0.595378802700396,62.681038403378786
0f60513c,Akash Choudhary,bowl,18.0,0.19125115921608998,62.68656716417911,High-impact strike/control bowlers,2,8b5b6769,Harbhajan Singh,160.0,0.6421724460207937,90.72847682119205,Economy support bowlers,0.8781633488818819,53.24350518262031
0f60513c,Akash Choudhary,bowl,18.0,0.19125115921608998,62.68656716417911,High-impact strike/control bowlers,3,462411b3,JJ Bumrah,157.0,0.9171348489973056,98.67549668874173,High-impact strike/control bowlers,0.9336893790306144,51.71461408663857
0ff9728b,Ravi Kiran,bowl,19.0,0.022267952315942165,51.741293532338304,High-impact strike/control bowlers,1,462411b3,JJ Bumrah,157.0,0.9171348489973056,98.67549668874173,High-impact strike/control bowlers,0.6957302573182511,58.97164337808487
0ff9728b,Ravi Kiran,bowl,19.0,0.022267952315942165,51.741293532338304,High-impact strike/control bowlers,2,8b5b6769,Harbhajan Singh,160.0,0.6421724460207937,90.72847682119205,Economy support bowlers,0.914614472837763,52.229836042022654
0ff9728b,Ravi Kiran,bowl,19.0,0.022267952315942165,51.741293532338304,High-impact strike/control bowlers,3,6c6591ab,PP Ojha,90.0,0.5994135918378354,88.0794701986755,High-impact strike/control bowlers,0.9244547636477441,51.96276986550368
10636efb,Ajay Sarkar,bowl,24.0,-0.5890122703742517,11.442786069651742,Economy support bowlers,1,5b8c830e,KH Pandya,144.0,0.13670041504810523,58.609271523178805,Economy support bowlers,0.7460358577759115,57.27259240103998
10636efb,Ajay Sarkar,bowl,24.0,-0.5890122703742517,11.442786069651742,Economy support bowlers,2,ea0cdc12,BAW Mendis,10.0,0.07880904735378713,54.63576158940398,Economy support bowlers,0.7946247915608655,55.72195395396579
10636efb,Ajay Sarkar,bowl,24.0,-0.5890122703742517,11.442786069651742,Economy support bowlers,3,3c6ffae8,YK Pathan,82.0,-0.04468734732150991,42.71523178807947,Economy support bowlers,0.8812318993987367,53.15665763054579
13903f13,Tahmeed Rahman,bowl,21.0,-0.9308987459835111,3.482587064676617,Economy support bowlers,1,90de905a,K Gowtham,35.0,-0.23909848401514666,27.483443708609272,Economy support bowlers,1.0126777547403991,49.68505254478668
13903f13,Tahmeed Rahman,bowl,21.0,-0.9308987459835111,3.482587064676617,Economy support bowlers,2,7b44eb3e,Shivang Kumar,11.0,-0.270964954068415,24.503311258278146,Attacking wicket-takers,1.0781986251239914,48.11859597589413
13903f13,Tahmeed Rahman,bowl,21.0,-0.9308987459835111,3.482587064676617,Economy support bowlers,3,2498e163,JR Hopes,20.0,-0.32192380821018257,20.52980132450331,Attacking wicket-takers,1.0991980453678787,47.637239478505364
13dd2a4b,Pankaj Rao,bowl,16.0,-0.1037867096861219,40.79601990049751,Economy support bowlers,1,b552a935,AC Thomas,15.0,0.25531385758870606,66.55629139072848,Economy support bowlers,1.1585030583837996,46.32840320127968
13dd2a4b,Pankaj Rao,bowl,16.0,-0.1037867096861219,40.79601990049751,Economy support bowlers,2,66b30f71,AB Dinda,75.0,0.21082573179132547,62.913907284768214,Economy support bowlers,1.2265490603149216,44.91255179701995
13dd2a4b,Pankaj Rao,bowl,16.0,-0.1037867096861219,40.79601990049751,Economy support bowlers,3,b2b50355,L Balaji,73.0,0.4362067194400347,79.47019867549669,High-impact strike/control bowlers,1.5475956427080892,39.25269706212097
145c2a1f,Govinda Poddar,bowl,15.0,0.022703355095164485,52.23880597014925,Economy support bowlers,1,bb351c23,MM Ali,57.0,0.3711911571594273,74.17218543046357,Economy support bowlers,0.7280770840268432,57.867788957061734
145c2a1f,Govinda Poddar,bowl,15.0,0.022703355095164485,52.23880597014925,Economy support bowlers,2,88fccd6c,SM Pollock,13.0,0.4104016108571919,77.48344370860927,Economy support bowlers,0.9278429083352864,51.871446354698634
145c2a1f,Govinda Poddar,bowl,15.0,0.022703355095164485,52.23880597014925,Economy support bowlers,3,ee7d0c82,GD McGrath,14.0,0.38271283734683975,75.82781456953643,Economy support bowlers,1.0241272888992357,49.40400761771369
15deff66,Bishworjit Konthoujam,bowl,24.0,-0.06427347633682505,42.78606965174129,Economy support bowlers,1,b552a935,AC Thomas,15.0,0.25531385758870606,66.55629139072848,Economy support bowlers,1.3138126938281693,43.21871008260027
15deff66,Bishworjit Konthoujam,bowl,24.0,-0.06427347633682505,42.78606965174129,Economy support bowlers,2,4ba44e19,M Muralitharan,66.0,0.726732321340656,93.04635761589404,High-impact strike/control bowlers,1.931044850499886,34.117526377307094
15deff66,Bishworjit Konthoujam,bowl,24.0,-0.06427347633682505,42.78606965174129,Economy support bowlers,3,7c503806,J Botha,34.0,0.2916527017618539,69.20529801324503,Economy support bowlers,1.9750855839802595,33.612478423633654
18e6906e,A Choudhary,bowl,25.0,0.5237688628325088,86.06965174129353,High-impact strike/control bowlers,1,0c2730df,A Kumble,42.0,0.8628371721170024,97.68211920529801,High-impact strike/control bowlers,0.9470282152363064,51.360324014546045
18e6906e,A Choudhary,bowl,25.0,0.5237688628325088,86.06965174129353,High-impact strike/control bowlers,2,462411b3,JJ Bumrah,157.0,0.9171348489973056,98.67549668874173,High-impact strike/control bowlers,1.1398140047012644,46.733033703067484
18e6906e,A Choudhary,bowl,25.0,0.5237688628325088,86.06965174129353,High-impact strike/control bowlers,3,9d430b40,SP Narine,198.0,0.8849675586027738,98.01324503311258,High-impact strike/control bowlers,1.2823704752392426,43.81409639007786
1b7c4d69,M Mohammed,bowl,31.0,-0.12558296734967475,37.81094527363184,Economy support bowlers,1,0dc00542,Shahid Afridi,10.0,0.2768310815313643,68.54304635761589,Economy support bowlers,0.7140949588735062,58.339825038467794
1b7c4d69,M Mohammed,bowl,31.0,-0.12558296734967475,37.81094527363184,Economy support bowlers,2,7dc35884,Shakib Al Hasan,70.0,0.4167138886298003,78.80794701986756,Economy support bowlers,0.8021229140098494,55.49011070365506
1b7c4d69,M Mohammed,bowl,31.0,-0.12558296734967475,37.81094527363184,Economy support bowlers,3,6b19d823,A Mishra,162.0,0.7664771727000622,95.36423841059603,High-impact strike/control bowlers,0.8368448969442149,54.44117800384809
1f3febed,Dikshanshu Negi,bowl,16.0,-0.05698569480225459,43.28358208955223,Economy support bowlers,1,d7c6af50,DL Vettori,34.0,0.4071356083960558,76.82119205298014,Economy support bowlers,0.8870724566004127,52.99213586114833
1f3febed,Dikshanshu Negi,bowl,16.0,-0.05698569480225459,43.28358208955223,Economy support bowlers,2,5d9a1a73,R Sharma,44.0,0.5385734822839184,84.43708609271523,Economy support bowlers,1.1127817594152174,47.330965233095505
1f3febed,Dikshanshu Negi,bowl,16.0,-0.05698569480225459,43.28358208955223,Economy support bowlers,3,99b202b3,A Chandila,12.0,0.5724664618063141,86.42384105960265,High-impact strike/control bowlers,1.304656728482149,43.39040984461933
249abedf,Jalaj S Saxena,bowl,20.0,0.5890068359020983,88.05970149253731,High-impact strike/control bowlers,1,0c2730df,A Kumble,42.0,0.8628371721170024,97.68211920529801,High-impact strike/control bowlers,1.145341349236639,46.61262881805838
249abedf,Jalaj S Saxena,bowl,20.0,0.5890068359020983,88.05970149253731,High-impact strike/control bowlers,2,9d430b40,SP Narine,198.0,0.8849675586027738,98.01324503311258,High-impact strike/control bowlers,1.3476515795177924,42.59575861786952
249abedf,Jalaj S Saxena,bowl,20.0,0.5890068359020983,88.05970149253731,High-impact strike/control bowlers,3,5d9a1a73,R Sharma,44.0,0.5385734822839184,84.43708609271523,Economy support bowlers,1.4999118795200728,40.00140997737799
24d163d7,Himanshu Bisht,bowl,15.0,-0.23592301527446832,30.845771144278604,Economy support bowlers,1,33a364a6,R Bhatia,91.0,0.33228325479586723,72.84768211920529,Economy support bowlers,0.9192237227820034,52.1043997179471
24d163d7,Himanshu Bisht,bowl,15.0,-0.23592301527446832,30.845771144278604,Economy support bowlers,2,b1451597,LR Shukla,27.0,-0.19674088363834616,30.132450331125828,Attacking wicket-takers,2.3921710342484563,29.47964562823267
24d163d7,Himanshu Bisht,bowl,15.0,-0.23592301527446832,30.845771144278604,Economy support bowlers,3,af7dadf7,B Akhil,13.0,-0.19826290554394216,29.80132450331126,Economy support bowlers,2.3950977564016283,29.45423288959646
254c7802,Ashish Yadav,bowl,15.0,0.13159599556335907,58.70646766169154,High-impact strike/control bowlers,1,8b5b6769,Harbhajan Singh,160.0,0.6421724460207937,90.72847682119205,Economy support bowlers,0.5889318643096506,62.935360694932875
254c7802,Ashish Yadav,bowl,15.0,0.13159599556335907,58.70646766169154,High-impact strike/control bowlers,2,9d430b40,SP Narine,198.0,0.8849675586027738,98.01324503311258,High-impact strike/control bowlers,0.7052966857934011,58.6408223466841
254c7802,Ashish Yadav,bowl,15.0,0.13159599556335907,58.70646766169154,High-impact strike/control bowlers,3,4ba44e19,M Muralitharan,66.0,0.726732321340656,93.04635761589404,High-impact strike/control bowlers,0.8061830942483668,55.365372601726435
26989d80,Shashank Singh,bowl,15.0,-0.40994608861873605,18.90547263681592,Economy support bowlers,1,fe93fd9d,RA Jadeja,234.0,0.21178550947607003,63.576158940397356,Economy support bowlers,0.7459236801090884,57.27627223301755
26989d80,Shashank Singh,bowl,15.0,-0.40994608861873605,18.90547263681592,Economy support bowlers,2,c8179c68,SB Jakati,57.0,0.14658949375435068,59.27152317880795,Economy support bowlers,0.752296451596103,57.06796924054354
26989d80,Shashank Singh,bowl,15.0,-0.40994608861873605,18.90547263681592,Economy support bowlers,3,dc4686e6,BA Bhatt,15.0,0.053935359162730255,52.64900662251656,Economy support bowlers,0.8119942750182625,55.18781233400538
26e5cabf,MK Tiwary,bowl,17.0,-0.3487141362815507,21.890547263681594,Economy support bowlers,1,4329fbb5,SR Watson,105.0,0.2706887497106866,67.54966887417218,Economy support bowlers,0.5102727659417031,66.2132048296897
26e5cabf,MK Tiwary,bowl,17.0,-0.3487141362815507,21.890547263681594,Economy support bowlers,2,25eeb281,PC Valthaty,10.0,0.014746180633031288,48.34437086092716,Economy support bowlers,0.6574162306254816,60.334874337668126
26e5cabf,MK Tiwary,bowl,17.0,-0.3487141362815507,21.890547263681594,Economy support bowlers,3,2a2e6343,DT Christian,49.0,0.06922864898436866,53.973509933774835,Economy support bowlers,0.8588571597587417,53.796495053433176
27e71d47,K Upadhyay,bowl,17.0,-0.1505379959312754,37.3134328358209,Economy support bowlers,1,e0407c01,IC Pandey,24.0,0.1080563434479941,56.622516556291394,Economy support bowlers,0.8765142140199855,53.29029711199138
27e71d47,K Upadhyay,bowl,17.0,-0.1505379959312754,37.3134328358209,Economy support bowlers,2,0dc00542,Shahid Afridi,10.0,0.2768310815313643,68.54304635761589,Economy support bowlers,1.0844311388370107,47.97471988246831
27e71d47,K Upadhyay,bowl,17.0,-0.1505379959312754,37.3134328358209,Economy support bowlers,3,7dc35884,Shakib Al Hasan,70.0,0.4167138886298003,78.80794701986756,Economy support bowlers,1.1194005571357664,47.18315264347366
2a6afc6f,Saurabh Kumar,bowl,28.0,-0.11270046139352832,39.30348258706468,Economy support bowlers,1,2e171977,AR Patel,172.0,0.2946724573705856,69.86754966887418,Economy support bowlers,0.6656659120219163,60.03604881282113
2a6afc6f,Saurabh Kumar,bowl,28.0,-0.11270046139352832,39.30348258706468,Economy support bowlers,2,7c503806,J Botha,34.0,0.2916527017618539,69.20529801324503,Economy support bowlers,0.817813493710019,55.01114407282103
2a6afc6f,Saurabh Kumar,bowl,28.0,-0.11270046139352832,39.30348258706468,Economy support bowlers,3,8b5b6769,Harbhajan Singh,160.0,0.6421724460207937,90.72847682119205,Economy support bowlers,0.8994728734563151,52.646184842870746
31ee319e,Ajay Mandal,bowl,26.0,0.1638717452633347,60.19900497512438,High-impact strike/control bowlers,1,6b19d823,A Mishra,162.0,0.7664771727000622,95.36423841059603,High-impact strike/control bowlers,0.6457850808157378,60.76127506905989
31ee319e,Ajay Mandal,bowl,26.0,0.1638717452633347,60.19900497512438,High-impact strike/control bowlers,2,0dc00542,Shahid Afridi,10.0,0.2768310815313643,68.54304635761589,Economy support bowlers,0.6668821880078061,59.99224223489735
31ee319e,Ajay Mandal,bowl,26.0,0.1638717452633347,60.19900497512438,High-impact strike/control bowlers,3,8b5b6769,Harbhajan Singh,160.0,0.6421724460207937,90.72847682119205,Economy support bowlers,0.8413131750756048,54.309066677858304
33ffc3dd,R Sanjay Yadav,bowl,20.0,-0.024688793522628913,45.27363184079602,Economy support bowlers,1,4ba44e19,M Muralitharan,66.0,0.726732321340656,93.04635761589404,High-impact strike/control bowlers,1.1455369881377095,46.60837848654306
33ffc3dd,R Sanjay Yadav,bowl,20.0,-0.024688793522628913,45.27363184079602,Economy support bowlers,2,b552a935,AC Thomas,15.0,0.25531385758870606,66.55629139072848,Economy support bowlers,1.229875949287622,44.84554400075349
33ffc3dd,R Sanjay Yadav,bowl,20.0,-0.024688793522628913,45.27363184079602,Economy support bowlers,3,8fd1a8f5,DW Steyn,95.0,0.7591922098409807,95.03311258278146,High-impact strike/control bowlers,1.2814211576034584,43.832327786880874
389ae08a,Puneet Datey,bowl,15.0,-0.0004569091016304427,48.258706467661696,High-impact strike/control bowlers,1,4ba44e19,M Muralitharan,66.0,0.726732321340656,93.04635761589404,High-impact strike/control bowlers,0.783347111038764,56.07433313515281
389ae08a,Puneet Datey,bowl,15.0,-0.0004569091016304427,48.258706467661696,High-impact strike/control bowlers,2,8b5b6769,Harbhajan Singh,160.0,0.6421724460207937,90.72847682119205,Economy support bowlers,0.8976407399503921,52.69701366266735
389ae08a,Puneet Datey,bowl,15.0,-0.0004569091016304427,48.258706467661696,High-impact strike/control bowlers,3,85aae393,Iqbal Abdulla,48.0,0.4128025217862367,78.1456953642384,Economy support bowlers,0.9944009046797228,50.14037035651005
3b30b8c4,Amit Verma,bowl,16.0,-1.309411491528231,2.4875621890547266,Economy support bowlers,1,9440ef41,Suyash Sharma,38.0,-0.4005813419520177,15.2317880794702,Economy support bowlers,1.9488465346934236,33.91156468249254
3b30b8c4,Amit Verma,bowl,16.0,-1.309411491528231,2.4875621890547266,Economy support bowlers,2,50c6bc2b,LS Livingstone,27.0,-0.46016083908677985,11.589403973509933,Economy support bowlers,1.992749488034474,33.41408975252261
3b30b8c4,Amit Verma,bowl,16.0,-1.309411491528231,2.4875621890547266,Economy support bowlers,3,983f2f61,Swapnil Singh,14.0,-0.31972948786004995,20.86092715231788,Economy support bowlers,2.1103821671671774,32.15039008890549
3b63b5cc,Shiva Singh,bowl,15.0,-0.7498072501466974,6.965174129353234,Economy support bowlers,1,81049310,J Yadav,20.0,-0.3838714619871823,16.55629139072848,Economy support bowlers,1.8834050805575584,34.6812179371839
3b63b5cc,Shiva Singh,bowl,15.0,-0.7498072501466974,6.965174129353234,Economy support bowlers,2,1dc12ab9,SK Raina,69.0,-0.41248063780219046,14.56953642384106,Economy support bowlers,1.919462377466804,34.25288189079843
3b63b5cc,Shiva Singh,bowl,15.0,-0.7498072501466974,6.965174129353234,Economy support bowlers,3,5f26df4f,VS Malik,13.0,-0.2257629405612911,28.47682119205298,Economy support bowlers,2.1001922192814577,32.2560644395067
3bc10d5b,Pankaj Jaswal,bowl,30.0,0.48831054066246726,85.07462686567165,High-impact strike/control bowlers,1,acee4cc4,Imran Tahir,59.0,0.9468528604410223,99.00662251655629,High-impact strike/control bowlers,1.0106015707179472,49.73635824043046
3bc10d5b,Pankaj Jaswal,bowl,30.0,0.48831054066246726,85.07462686567165,High-impact strike/control bowlers,2,5b7ab5a9,CV Varun,92.0,0.7459472153885671,94.70198675496688,High-impact strike/control bowlers,1.1901736796979512,45.65847947446392
3bc10d5b,Pankaj Jaswal,bowl,30.0,0.48831054066246726,85.07462686567165,High-impact strike/control bowlers,3,96fd40ae,A Nehra,88.0,0.7296611555112904,93.37748344370861,High-impact strike/control bowlers,1.2458677170634809,44.52621997289853
3bc94fb9,Arun Chaprana,bowl,15.0,0.033162909625561364,52.736318407960205,High-impact strike/control bowlers,1,3a60e0b5,WD Parnell,33.0,0.4630920557552286,81.78807947019867,High-impact strike/control bowlers,1.0846142922528539,47.970504841895455
3bc94fb9,Arun Chaprana,bowl,15.0,0.033162909625561364,52.736318407960205,High-impact strike/control bowlers,2,dec8e038,J Theron,10.0,0.2477727916983763,65.56291390728477,High-impact strike/control bowlers,1.285337757003778,43.75720818226287
3bc94fb9,Arun Chaprana,bowl,15.0,0.033162909625561364,52.736318407960205,High-impact strike/control bowlers,3,8fd1a8f5,DW Steyn,95.0,0.7591922098409807,95.03311258278146,High-impact strike/control bowlers,1.3478753947841429,42.59169810380577
40caa465,T Kohli,bowl,17.0,-1.461618901141395,0.9950248756218906,Low-wicket expensive group,1,e32d22f6,Pankaj Singh,17.0,-0.4262010657134823,13.90728476821192,Attacking wicket-takers,1.2894474730931054,43.678660976177504
40caa465,T Kohli,bowl,17.0,-1.461618901141395,0.9950248756218906,Low-wicket expensive group,2,36619795,Zeeshan Ansari,10.0,-0.5555024552821444,10.596026490066226,Low-wicket expensive group,1.2967842930073092,43.539134390833176
40caa465,T Kohli,bowl,17.0,-1.461618901141395,0.9950248756218906,Low-wicket expensive group,3,c654af19,R McLaren,18.0,-0.4183637083398317,14.23841059602649,Attacking wicket-takers,1.3991619790070715,41.68122072415739
4312e8f9,A Sheth,bowl,44.0,0.3591859823191425,75.62189054726367,High-impact strike/control bowlers,1,5b7ab5a9,CV Varun,92.0,0.7459472153885671,94.70198675496688,High-impact strike/control bowlers,0.9056737559828637,52.47487912663432
4312e8f9,A Sheth,bowl,44.0,0.3591859823191425,75.62189054726367,High-impact strike/control bowlers,2,9a158001,Azhar Mahmood,23.0,0.6063259671528087,88.41059602649007,High-impact strike/control bowlers,1.0548043137924483,48.66643472021677
4312e8f9,A Sheth,bowl,44.0,0.3591859823191425,75.62189054726367,High-impact strike/control bowlers,3,96fd40ae,A Nehra,88.0,0.7296611555112904,93.37748344370861,High-impact strike/control bowlers,1.0721932322272143,48.25804777507114
47ccd2bb,Amulya Pandrekar,bowl,16.0,-0.2468837282479299,27.860696517412936,Economy support bowlers,1,ee7d0c82,GD McGrath,14.0,0.38271283734683975,75.82781456953643,Economy support bowlers,0.7531841985102901,57.03907215509452
47ccd2bb,Amulya Pandrekar,bowl,16.0,-0.2468837282479299,27.860696517412936,Economy support bowlers,2,62af8546,Mohammad Nabi,23.0,0.053292503249778474,52.317880794701985,Economy support bowlers,1.0611589642533947,48.51639380285382
47ccd2bb,Amulya Pandrekar,bowl,16.0,-0.2468837282479299,27.860696517412936,Economy support bowlers,3,5d9a1a73,R Sharma,44.0,0.5385734822839184,84.43708609271523,Economy support bowlers,1.0738604303283672,48.21925262548472
481dd6dc,Abhay Negi,bowl,19.0,-0.09747605669459604,41.29353233830846,High-impact strike/control bowlers,1,8fd1a8f5,DW Steyn,95.0,0.7591922098409807,95.03311258278146,High-impact strike/control bowlers,1.2819263105701966,43.82262456801793
481dd6dc,Abhay Negi,bowl,19.0,-0.09747605669459604,41.29353233830846,High-impact strike/control bowlers,2,b552a935,AC Thomas,15.0,0.25531385758870606,66.55629139072848,Economy support bowlers,1.3077219015555,43.33277763347302
481dd6dc,Abhay Negi,bowl,19.0,-0.09747605669459604,41.29353233830846,High-impact strike/control bowlers,3,4ba44e19,M Muralitharan,66.0,0.726732321340656,93.04635761589404,High-impact strike/control bowlers,1.4784280923027164,40.34815466729545
48bf9d5c,Cheepurapalli Stephen,bowl,22.0,1.3636226614763884,100.0,High-impact strike/control bowlers,1,64d43928,Sohail Tanvir,11.0,1.279345149282983,100.0,High-impact strike/control bowlers,2.2659603505800114,30.618865284828306
48bf9d5c,Cheepurapalli Stephen,bowl,22.0,1.3636226614763884,100.0,High-impact strike/control bowlers,2,45c2196c,DE Bollinger,27.0,0.9606110440049032,99.33774834437085,High-impact strike/control bowlers,2.730176097975739,26.808385817030775
48bf9d5c,Cheepurapalli Stephen,bowl,22.0,1.3636226614763884,100.0,High-impact strike/control bowlers,3,3edb58fc,AD Mascarenhas,13.0,0.8544295955987674,97.35099337748345,High-impact strike/control bowlers,3.270241101498482,23.417881478614575
4948a916,Ashutosh Aman,bowl,23.0,0.6824670029015738,92.03980099502488,High-impact strike/control bowlers,1,9d430b40,SP Narine,198.0,0.8849675586027738,98.01324503311258,High-impact strike/control bowlers,1.2818363350114856,43.824352546957165
4948a916,Ashutosh Aman,bowl,23.0,0.6824670029015738,92.03980099502488,High-impact strike/control bowlers,2,99b202b3,A Chandila,12.0,0.5724664618063141,86.42384105960265,High-impact strike/control bowlers,1.51823618377198,39.71033402046246
4948a916,Ashutosh Aman,bowl,23.0,0.6824670029015738,92.03980099502488,High-impact strike/control bowlers,3,0c2730df,A Kumble,42.0,0.8628371721170024,97.68211920529801,High-impact strike/control bowlers,1.6529849527272744,37.69339132406302
49bacd0f,Mihir Hirwani,bowl,22.0,-0.20259818674496946,32.83582089552239,Economy support bowlers,1,2e171977,AR Patel,172.0,0.2946724573705856,69.86754966887418,Economy support bowlers,1.1559803808320743,46.3826113117997
49bacd0f,Mihir Hirwani,bowl,22.0,-0.20259818674496946,32.83582089552239,Economy support bowlers,2,7c503806,J Botha,34.0,0.2916527017618539,69.20529801324503,Economy support bowlers,1.1608477592483775,46.278133002198956
49bacd0f,Mihir Hirwani,bowl,22.0,-0.20259818674496946,32.83582089552239,Economy support bowlers,3,39a2dfa8,R Tewatia,52.0,-0.09081994248640116,38.41059602649007,Economy support bowlers,1.1994418872028108,45.46607963676513
4a15018a,Harsh Tyagi,bowl,30.0,-0.5391569822539901,14.925373134328357,Economy support bowlers,1,d7c6af50,DL Vettori,34.0,0.4071356083960558,76.82119205298014,Economy support bowlers,0.9601363891964473,51.01685808761233
4a15018a,Harsh Tyagi,bowl,30.0,-0.5391569822539901,14.925373134328357,Economy support bowlers,2,ee7d0c82,GD McGrath,14.0,0.38271283734683975,75.82781456953643,Economy support bowlers,1.1481935421395946,46.55074044231615
4a15018a,Harsh Tyagi,bowl,30.0,-0.5391569822539901,14.925373134328357,Economy support bowlers,3,62af8546,Mohammad Nabi,23.0,0.053292503249778474,52.317880794701985,Economy support bowlers,1.374423618038808,42.115484044332646
4af886ed,Lakshay Garg,bowl,33.0,-0.6724214773714504,9.45273631840796,Economy support bowlers,1,2a2e6343,DT Christian,49.0,0.06922864898436866,53.973509933774835,Economy support bowlers,0.9676901742564364,50.82100897199867
4af886ed,Lakshay Garg,bowl,33.0,-0.6724214773714504,9.45273631840796,Economy support bowlers,2,c3d35165,JA Morkel,87.0,0.3116782340866977,70.19867549668875,High-impact strike/control bowlers,1.1717405194629888,46.04601659535607
4af886ed,Lakshay Garg,bowl,33.0,-0.6724214773714504,9.45273631840796,Economy support bowlers,3,66b30f71,AB Dinda,75.0,0.21082573179132547,62.913907284768214,Economy support bowlers,1.231211286891516,44.81870479389616
50455929,RT Arothe,bowl,29.0,-0.24325754823881748,29.850746268656714,High-impact strike/control bowlers,1,98ae73b1,PP Chawla,191.0,0.4619684184084175,81.45695364238411,High-impact strike/control bowlers,0.6516855169041865,60.54421315471336
50455929,RT Arothe,bowl,29.0,-0.24325754823881748,29.850746268656714,High-impact strike/control bowlers,2,6b19d823,A Mishra,162.0,0.7664771727000622,95.36423841059603,High-impact strike/control bowlers,0.8196640891748931,54.95519782738797
50455929,RT Arothe,bowl,29.0,-0.24325754823881748,29.850746268656714,High-impact strike/control bowlers,3,2ed569a0,RD Chahar,79.0,0.3755297747797033,74.83443708609272,Economy support bowlers,0.8302202211244648,54.63823361024895
52cb36a0,Manisankar Murasingh,bowl,37.0,-0.42870164852170095,17.91044776119403,Economy support bowlers,1,39f01cdb,KP Pietersen,13.0,0.02568444082294614,49.337748344370866,Economy support bowlers,1.2750825526171914,43.95444898690063
52cb36a0,Manisankar Murasingh,bowl,37.0,-0.42870164852170095,17.91044776119403,Economy support bowlers,2,dd09ff8e,B Lee,38.0,-0.12165400417205348,35.76158940397351,Economy support bowlers,1.5909074696446595,38.596515379885375
52cb36a0,Manisankar Murasingh,bowl,37.0,-0.42870164852170095,17.91044776119403,Economy support bowlers,3,e938e1bc,P Kumar,119.0,0.06468764026384886,53.64238410596026,Economy support bowlers,1.5980994957521129,38.48967299501031
5724e517,Tanush Kotian,bowl,15.0,0.610894932720251,88.55721393034825,High-impact strike/control bowlers,1,a12e1d51,SL Malinga,122.0,1.239342678898772,99.66887417218543,High-impact strike/control bowlers,2.255778491800251,30.71462025191584
5724e517,Tanush Kotian,bowl,15.0,0.610894932720251,88.55721393034825,High-impact strike/control bowlers,2,8fd1a8f5,DW Steyn,95.0,0.7591922098409807,95.03311258278146,High-impact strike/control bowlers,2.3965941501788843,29.44125661723036
5724e517,Tanush Kotian,bowl,15.0,0.610894932720251,88.55721393034825,High-impact strike/control bowlers,3,45c2196c,DE Bollinger,27.0,0.9606110440049032,99.33774834437085,High-impact strike/control bowlers,2.4584967979954264,28.91429596174871
5876c626,Mehdi Hassan,bowl,19.0,-0.0007574726295555053,47.76119402985074,Economy support bowlers,1,5d9a1a73,R Sharma,44.0,0.5385734822839184,84.43708609271523,Economy support bowlers,0.5820196302936373,63.21034081065042
5876c626,Mehdi Hassan,bowl,19.0,-0.0007574726295555053,47.76119402985074,Economy support bowlers,2,6b19d823,A Mishra,162.0,0.7664771727000622,95.36423841059603,High-impact strike/control bowlers,0.7829817552778433,56.0858234830434
5876c626,Mehdi Hassan,bowl,19.0,-0.0007574726295555053,47.76119402985074,Economy support bowlers,3,0dc00542,Shahid Afridi,10.0,0.2768310815313643,68.54304635761589,Economy support bowlers,0.8964400818726231,52.73037674950209
5b4d1d4e,Nagaho Chishi,bowl,15.0,-0.5290813773270938,15.92039800995025,Economy support bowlers,1,5d096f3d,RR Powar,26.0,-0.16625564948351337,32.78145695364238,Economy support bowlers,0.9763874460883177,50.59736652239965
5b4d1d4e,Nagaho Chishi,bowl,15.0,-0.5290813773270938,15.92039800995025,Economy support bowlers,2,2e8994e7,JP Duminy,49.0,-0.12630914280088917,35.430463576158935,Economy support bowlers,0.9899673887982112,50.25207978930368
5b4d1d4e,Nagaho Chishi,bowl,15.0,-0.5290813773270938,15.92039800995025,Economy support bowlers,3,5b8c830e,KH Pandya,144.0,0.13670041504810523,58.609271523178805,Economy support bowlers,1.1365379511338853,46.804691649370824
5b627626,B Aparajith,bowl,16.0,0.2558695045339388,68.65671641791045,Economy support bowlers,1,d7c6af50,DL Vettori,34.0,0.4071356083960558,76.82119205298014,Economy support bowlers,1.812571906713646,35.55464653589787
5b627626,B Aparajith,bowl,16.0,0.2558695045339388,68.65671641791045,Economy support bowlers,2,ee7d0c82,GD McGrath,14.0,0.38271283734683975,75.82781456953643,Economy support bowlers,1.8707073082080767,34.834620622616164
5b627626,B Aparajith,bowl,16.0,0.2558695045339388,68.65671641791045,Economy support bowlers,3,0c2730df,A Kumble,42.0,0.8628371721170024,97.68211920529801,High-impact strike/control bowlers,1.936221124708549,34.05738047400162
5d3d423a,Girinath Reddy,bowl,17.0,-0.2855436760703867,25.870646766169152,Economy support bowlers,1,39a2dfa8,R Tewatia,52.0,-0.09081994248640116,38.41059602649007,Economy support bowlers,0.8600332568676782,53.76247958512386
5d3d423a,Girinath Reddy,bowl,17.0,-0.2855436760703867,25.870646766169152,Economy support bowlers,2,1c914163,Yuvraj Singh,73.0,0.006214876238054939,47.019867549668874,Economy support bowlers,0.9964259987883114,50.08950998468908
5d3d423a,Girinath Reddy,bowl,17.0,-0.2855436760703867,25.870646766169152,Economy support bowlers,3,bb351c23,MM Ali,57.0,0.3711911571594273,74.17218543046357,Economy support bowlers,1.0498248023213184,48.78465705301023
5f39537c,Ravi Teja,bowl,20.0,0.3973142744210766,79.60199004975125,High-impact strike/control bowlers,1,96fd40ae,A Nehra,88.0,0.7296611555112904,93.37748344370861,High-impact strike/control bowlers,0.8909942251930588,52.88223447101781
5f39537c,Ravi Teja,bowl,20.0,0.3973142744210766,79.60199004975125,High-impact strike/control bowlers,2,5b7ab5a9,CV Varun,92.0,0.7459472153885671,94.70198675496688,High-impact strike/control bowlers,1.0143387596402305,49.64408271519356
5f39537c,Ravi Teja,bowl,20.0,0.3973142744210766,79.60199004975125,High-impact strike/control bowlers,3,56ab442f,NM Coulter-Nile,38.0,0.7436541973877694,94.37086092715232,High-impact strike/control bowlers,1.0185503191349248,49.540503921079484
61a3c20c,Palzor Tamang,bowl,17.0,-0.6589260001114157,9.950248756218906,Economy support bowlers,1,1c914163,Yuvraj Singh,73.0,0.006214876238054939,47.019867549668874,Economy support bowlers,0.8534663854631065,53.95296121057736
61a3c20c,Palzor Tamang,bowl,17.0,-0.6589260001114157,9.950248756218906,Economy support bowlers,2,f19ccfad,Washington Sundar,67.0,-0.11885850416605191,36.092715231788084,Economy support bowlers,0.8940183127857929,52.79779996050633
61a3c20c,Palzor Tamang,bowl,17.0,-0.6589260001114157,9.950248756218906,Economy support bowlers,3,bd17b45f,STR Binny,63.0,-0.27905039744229576,24.17218543046358,Economy support bowlers,0.8964768565550708,52.729354251993826
63bfb5fc,Chintan Gaja,bowl,20.0,0.2782407594287955,70.1492537313433,High-impact strike/control bowlers,1,5b7ab5a9,CV Varun,92.0,0.7459472153885671,94.70198675496688,High-impact strike/control bowlers,1.145265865432646,46.61426894042923
63bfb5fc,Chintan Gaja,bowl,20.0,0.2782407594287955,70.1492537313433,High-impact strike/control bowlers,2,f708a0bc,GB Hogg,21.0,0.5324953014180992,83.44370860927152,High-impact strike/control bowlers,1.2112850304998715,45.22257358084432
63bfb5fc,Chintan Gaja,bowl,20.0,0.2782407594287955,70.1492537313433,High-impact strike/control bowlers,3,462411b3,JJ Bumrah,157.0,0.9171348489973056,98.67549668874173,High-impact strike/control bowlers,1.2669540448215941,44.112054334947864
663b5e34,PN Mankad,bowl,25.0,-0.6263840677699776,10.945273631840797,Attacking wicket-takers,1,cdc6bdba,S Sandeep Warrier,10.0,-0.09816163279671804,37.41721854304636,Attacking wicket-takers,0.9093446139642739,52.373992242487404
663b5e34,PN Mankad,bowl,25.0,-0.6263840677699776,10.945273631840797,Attacking wicket-takers,2,df064e1a,Ravi Bishnoi,85.0,0.22388282509252846,64.56953642384106,Attacking wicket-takers,1.1190223348525759,47.19157431955863
663b5e34,PN Mankad,bowl,25.0,-0.6263840677699776,10.945273631840797,Attacking wicket-takers,3,3eac9d95,JDP Oram,14.0,-0.2601705886367695,25.496688741721858,Economy support bowlers,1.1694321333342728,46.0950118989464
66ea7420,G Lalbiakvela,bowl,23.0,-1.5487389732019579,0.4975124378109453,Low-wicket expensive group,1,f29185a1,Abhishek Sharma,36.0,-0.8616236335050808,5.960264900662252,Low-wicket expensive group,1.3171287139980887,43.1568602106074
66ea7420,G Lalbiakvela,bowl,23.0,-1.5487389732019579,0.4975124378109453,Low-wicket expensive group,2,c24a2c5d,S Tyagi,14.0,-0.45789476910741084,11.920529801324504,Low-wicket expensive group,1.5307466091282154,39.514031013341054
66ea7420,G Lalbiakvela,bowl,23.0,-1.5487389732019579,0.4975124378109453,Low-wicket expensive group,3,fe763256,Y Venugopal Rao,20.0,-0.877302372701772,5.298013245033113,Low-wicket expensive group,1.8346776383087644,35.27737992093604
69cbffb8,Rajjakuddin Ahmed,bowl,25.0,-0.5868010352033297,12.437810945273633,Economy support bowlers,1,c8179c68,SB Jakati,57.0,0.14658949375435068,59.27152317880795,Economy support bowlers,0.9654072123542957,50.880041230851766
69cbffb8,Rajjakuddin Ahmed,bowl,25.0,-0.5868010352033297,12.437810945273633,Economy support bowlers,2,c05edf8e,Harpreet Brar,48.0,0.098701559545524,55.960264900662246,Economy support bowlers,1.0426439808299903,48.95615728364316
69cbffb8,Rajjakuddin Ahmed,bowl,25.0,-0.5868010352033297,12.437810945273633,Economy support bowlers,3,f62772e5,P Negi,42.0,0.22293950790848097,64.23841059602648,Economy support bowlers,1.0878818962771055,47.89542941979124
6c7a68d0,Shubham Ranjane,bowl,24.0,-0.30159876256612916,24.378109452736318,Economy support bowlers,1,1c914163,Yuvraj Singh,73.0,0.006214876238054939,47.019867549668874,Economy support bowlers,0.7487409581302426,57.18399831323229
6c7a68d0,Shubham Ranjane,bowl,24.0,-0.30159876256612916,24.378109452736318,Economy support bowlers,2,2e171977,AR Patel,172.0,0.2946724573705856,69.86754966887418,Economy support bowlers,0.7600771792132206,56.81569034643209
6c7a68d0,Shubham Ranjane,bowl,24.0,-0.30159876256612916,24.378109452736318,Economy support bowlers,3,fe93fd9d,RA Jadeja,234.0,0.21178550947607003,63.576158940397356,Economy support bowlers,0.8292120975997199,54.66834607710027
6d981899,Rana Dutta,bowl,16.0,-0.22649599952829175,31.343283582089555,Economy support bowlers,1,85aae393,Iqbal Abdulla,48.0,0.4128025217862367,78.1456953642384,Economy support bowlers,0.5907904877677715,62.861829240833565
6d981899,Rana Dutta,bowl,16.0,-0.22649599952829175,31.343283582089555,Economy support bowlers,2,88fccd6c,SM Pollock,13.0,0.4104016108571919,77.48344370860927,Economy support bowlers,0.8265599624885779,54.74772361907902
6d981899,Rana Dutta,bowl,16.0,-0.22649599952829175,31.343283582089555,Economy support bowlers,3,ea0cdc12,BAW Mendis,10.0,0.07880904735378713,54.63576158940398,Economy support bowlers,0.9578850722095471,51.07552093808358
76307fc7,SS Majumder,bowl,16.0,0.10753851082837095,56.71641791044776,High-impact strike/control bowlers,1,9d430b40,SP Narine,198.0,0.8849675586027738,98.01324503311258,High-impact strike/control bowlers,0.7529673613964676,57.04612772729375
76307fc7,SS Majumder,bowl,16.0,0.10753851082837095,56.71641791044776,High-impact strike/control bowlers,2,8b5b6769,Harbhajan Singh,160.0,0.6421724460207937,90.72847682119205,Economy support bowlers,0.9562554083500843,51.11806953895683
76307fc7,SS Majumder,bowl,16.0,0.10753851082837095,56.71641791044776,High-impact strike/control bowlers,3,bb351c23,MM Ali,57.0,0.3711911571594273,74.17218543046357,Economy support bowlers,1.0607261263261405,48.52658425711322
76860ea3,Lamabam Singh,bowl,15.0,-0.6447228397164363,10.44776119402985,Economy support bowlers,1,f19ccfad,Washington Sundar,67.0,-0.11885850416605191,36.092715231788084,Economy support bowlers,1.1358298191045386,46.82020969345099
76860ea3,Lamabam Singh,bowl,15.0,-0.6447228397164363,10.44776119402985,Economy support bowlers,2,ad427b5c,Lalit Yadav,19.0,-0.42876498540888885,13.57615894039735,Low-wicket expensive group,1.1385027072731189,46.76168969059364
76860ea3,Lamabam Singh,bowl,15.0,-0.6447228397164363,10.44776119402985,Economy support bowlers,3,90de905a,K Gowtham,35.0,-0.23909848401514666,27.483443708609272,Economy support bowlers,1.1777642411491396,45.91865276804851
76a33e00,Imliwati Lemtur,bowl,21.0,-0.34881230739740887,21.393034825870647,Economy support bowlers,1,495d42a5,R Ashwin,217.0,0.45875315489368745,80.79470198675497,Economy support bowlers,1.0951058452892493,47.73028542918033
76a33e00,Imliwati Lemtur,bowl,21.0,-0.34881230739740887,21.393034825870647,Economy support bowlers,2,39a2dfa8,R Tewatia,52.0,-0.09081994248640116,38.41059602649007,Economy support bowlers,1.1209354896395742,47.149005940295574
76a33e00,Imliwati Lemtur,bowl,21.0,-0.34881230739740887,21.393034825870647,Economy support bowlers,3,7c503806,J Botha,34.0,0.2916527017618539,69.20529801324503,Economy support bowlers,1.1353969907909311,46.829699784751
76cc7070,K D Patel,bowl,17.0,-0.8947237891176025,3.9800995024875623,Attacking wicket-takers,1,21d4e29b,Navdeep Saini,33.0,-0.35075284740368157,18.211920529801322,Attacking wicket-takers,0.5432603342645901,64.79788132936949
76cc7070,K D Patel,bowl,17.0,-0.8947237891176025,3.9800995024875623,Attacking wicket-takers,2,c654af19,R McLaren,18.0,-0.4183637083398317,14.23841059602649,Attacking wicket-takers,0.8711223469658761,53.44385959697146
76cc7070,K D Patel,bowl,17.0,-0.8947237891176025,3.9800995024875623,Attacking wicket-takers,3,9440ef41,Suyash Sharma,38.0,-0.4005813419520177,15.2317880794702,Economy support bowlers,1.0304675928905473,49.24973949357217
779b7f4d,Roosh Kalaria,bowl,24.0,0.2538871162588944,68.1592039800995,High-impact strike/control bowlers,1,f0f628c7,MM Patel,63.0,0.7768913163690101,96.35761589403974,High-impact strike/control bowlers,1.104154694102411,47.52502288937361
779b7f4d,Roosh Kalaria,bowl,24.0,0.2538871162588944,68.1592039800995,High-impact strike/control bowlers,2,9a158001,Azhar Mahmood,23.0,0.6063259671528087,88.41059602649007,High-impact strike/control bowlers,1.3435102814934126,42.67103105529135
779b7f4d,Roosh Kalaria,bowl,24.0,0.2538871162588944,68.1592039800995,High-impact strike/control bowlers,3,b552a935,AC Thomas,15.0,0.25531385758870606,66.55629139072848,Economy support bowlers,1.3499179865270396,42.554676619923534
783e6111,Chirag Jani,bowl,36.0,-0.41920888889095315,18.407960199004975,Economy support bowlers,1,57efa3be,SB Styris,11.0,0.04850819838986117,51.65562913907284,Economy support bowlers,0.8688020105600238,53.51021640330588
783e6111,Chirag Jani,bowl,36.0,-0.41920888889095315,18.407960199004975,Economy support bowlers,2,b552a935,AC Thomas,15.0,0.25531385758870606,66.55629139072848,Economy support bowlers,1.084904696218111,47.9638230857237
783e6111,Chirag Jani,bowl,36.0,-0.41920888889095315,18.407960199004975,Economy support bowlers,3,86dc8f2e,JH Kallis,89.0,0.008998062727528825,47.35099337748344,Economy support bowlers,1.1644339655417113,46.201455711757944
791c088d,Harishankar Reddy,bowl,20.0,-0.24846936118404653,27.363184079601986,Attacking wicket-takers,1,85e0cf10,M Prasidh Krishna,74.0,0.3200398502634432,71.19205298013244,Attacking wicket-takers,0.3539041580842836,73.86047188265948
791c088d,Harishankar Reddy,bowl,20.0,-0.24846936118404653,27.363184079601986,Attacking wicket-takers,2,a2f46292,KK Ahmed,76.0,0.3152631770689387,70.52980132450331,Attacking wicket-takers,0.3592072920495838,73.57229510533851
791c088d,Harishankar Reddy,bowl,20.0,-0.24846936118404653,27.363184079601986,Attacking wicket-takers,3,acdc62f5,A Nortje,49.0,0.294464077652426,69.5364238410596,Attacking wicket-takers,0.4555919744209631,68.70057114719953
798cc28e,KM Asif,bowl,18.0,-0.19920710470162534,33.33333333333333,Attacking wicket-takers,1,aa8d28ae,D Wiese,15.0,0.13126677336816436,58.27814569536424,Attacking wicket-takers,0.890315262039309,52.90122870410412
798cc28e,KM Asif,bowl,18.0,-0.19920710470162534,33.33333333333333,Attacking wicket-takers,2,2e81a32d,B Kumar,203.0,0.6489419791159536,91.05960264900662,High-impact strike/control bowlers,0.8920107652580642,52.8538218895178
798cc28e,KM Asif,bowl,18.0,-0.19920710470162534,33.33333333333333,Attacking wicket-takers,3,91a4a398,Z Khan,99.0,0.5615347543690337,86.09271523178808,High-impact strike/control bowlers,1.0889216451101706,47.87158974300635
7b5235a6,Pappu Roy,bowl,15.0,0.7635320125081835,93.53233830845771,High-impact strike/control bowlers,1,9d430b40,SP Narine,198.0,0.8849675586027738,98.01324503311258,High-impact strike/control bowlers,2.0724811810734836,32.54698535372684
7b5235a6,Pappu Roy,bowl,15.0,0.7635320125081835,93.53233830845771,High-impact strike/control bowlers,2,05c2ca46,RE van der Merwe,21.0,0.6319373209381509,90.06622516556291,High-impact strike/control bowlers,2.182073596180356,31.42604876267988
7b5235a6,Pappu Roy,bowl,15.0,0.7635320125081835,93.53233830845771,High-impact strike/control bowlers,3,3edb58fc,AD Mascarenhas,13.0,0.8544295955987674,97.35099337748345,High-impact strike/control bowlers,2.37987745739217,29.58687149479009
7b5b6311,CV Milind,bowl,31.0,0.20237142139311964,63.681592039801,High-impact strike/control bowlers,1,9a158001,Azhar Mahmood,23.0,0.6063259671528087,88.41059602649007,High-impact strike/control bowlers,0.3805707505461707,72.43381040807853
7b5b6311,CV Milind,bowl,31.0,0.20237142139311964,63.681592039801,High-impact strike/control bowlers,2,56ab442f,NM Coulter-Nile,38.0,0.7436541973877694,94.37086092715232,High-impact strike/control bowlers,0.4589278043397036,68.54348769181146
7b5b6311,CV Milind,bowl,31.0,0.20237142139311964,63.681592039801,High-impact strike/control bowlers,3,5b040b81,A Singh,23.0,0.5934655828961746,87.41721854304636,High-impact strike/control bowlers,0.7951236190448473,55.706469982946466
7c2e7c17,Kanwar Abhinay,bowl,21.0,-0.24368121794171102,29.35323383084577,Economy support bowlers,1,b552a935,AC Thomas,15.0,0.25531385758870606,66.55629139072848,Economy support bowlers,0.3988726251025523,71.4861369116212
7c2e7c17,Kanwar Abhinay,bowl,21.0,-0.24368121794171102,29.35323383084577,Economy support bowlers,2,57efa3be,SB Styris,11.0,0.04850819838986117,51.65562913907284,Economy support bowlers,1.0727941356301898,48.24405775810297
7c2e7c17,Kanwar Abhinay,bowl,21.0,-0.24368121794171102,29.35323383084577,Economy support bowlers,3,7dc35884,Shakib Al Hasan,70.0,0.4167138886298003,78.80794701986756,Economy support bowlers,1.2728406617048975,43.9978048989093
7c30f4d0,Rahil Shah,bowl,18.0,0.44712391295419784,81.09452736318407,High-impact strike/control bowlers,1,0c2730df,A Kumble,42.0,0.8628371721170024,97.68211920529801,High-impact strike/control bowlers,0.7842095557338989,56.04722812891056
7c30f4d0,Rahil Shah,bowl,18.0,0.44712391295419784,81.09452736318407,High-impact strike/control bowlers,2,9d430b40,SP Narine,198.0,0.8849675586027738,98.01324503311258,High-impact strike/control bowlers,1.2535178017447963,44.375065474332864
7c30f4d0,Rahil Shah,bowl,18.0,0.44712391295419784,81.09452736318407,High-impact strike/control bowlers,3,99b202b3,A Chandila,12.0,0.5724664618063141,86.42384105960265,High-impact strike/control bowlers,1.4361304990928332,41.048704097435674
8254ea06,HP Patel,bowl,26.0,0.4663395784711958,82.58706467661692,High-impact strike/control bowlers,1,8fd1a8f5,DW Steyn,95.0,0.7591922098409807,95.03311258278146,High-impact strike/control bowlers,1.2136929786867299,45.17338265188195
8254ea06,HP Patel,bowl,26.0,0.4663395784711958,82.58706467661692,High-impact strike/control bowlers,2,a12e1d51,SL Malinga,122.0,1.239342678898772,99.66887417218543,High-impact strike/control bowlers,1.2532994116235325,44.37936631241946
8254ea06,HP Patel,bowl,26.0,0.4663395784711958,82.58706467661692,High-impact strike/control bowlers,3,0c2730df,A Kumble,42.0,0.8628371721170024,97.68211920529801,High-impact strike/control bowlers,1.2720312543222914,44.01347904425211
8998a68f,Sumit Kumar,bowl,30.0,0.36850922783863505,76.61691542288557,High-impact strike/control bowlers,1,f0f628c7,MM Patel,63.0,0.7768913163690101,96.35761589403974,High-impact strike/control bowlers,1.0448333547530597,48.903740623927916
8998a68f,Sumit Kumar,bowl,30.0,0.36850922783863505,76.61691542288557,High-impact strike/control bowlers,2,9a158001,Azhar Mahmood,23.0,0.6063259671528087,88.41059602649007,High-impact strike/control bowlers,1.2002606381045569,45.44916100764603
8998a68f,Sumit Kumar,bowl,30.0,0.36850922783863505,76.61691542288557,High-impact strike/control bowlers,3,6b19d823,A Mishra,162.0,0.7664771727000622,95.36423841059603,High-impact strike/control bowlers,1.3100934303939618,43.28829244925651
8b018008,Vikash Singh,bowl,20.0,-0.7888975083880144,5.970149253731343,Attacking wicket-takers,1,e938e1bc,P Kumar,119.0,0.06468764026384886,53.64238410596026,Economy support bowlers,0.7636177964748405,56.70162786964516
8b018008,Vikash Singh,bowl,20.0,-0.7888975083880144,5.970149253731343,Attacking wicket-takers,2,26a85969,R Dhawan,36.0,-0.0713412397277495,40.06622516556291,Economy support bowlers,0.8306521744430874,54.62534139256768
8b018008,Vikash Singh,bowl,20.0,-0.7888975083880144,5.970149253731343,Attacking wicket-takers,3,5bb1a1c4,I Sharma,117.0,-0.03072022565386279,45.033112582781456,Attacking wicket-takers,0.8395120164404105,54.36224341361318
8da6dbf1,Sagar Trivedi,bowl,17.0,-0.5396401138979362,14.427860696517413,Attacking wicket-takers,1,b0946605,AS Joseph,22.0,-0.15154001265399478,34.437086092715234,Attacking wicket-takers,0.7863371614684418,55.98047342742169
8da6dbf1,Sagar Trivedi,bowl,17.0,-0.5396401138979362,14.427860696517413,Attacking wicket-takers,2,f752db61,JL Pattinson,10.0,0.09648272465089575,55.62913907284768,Attacking wicket-takers,0.9421245360530649,51.4900039331297
8da6dbf1,Sagar Trivedi,bowl,17.0,-0.5396401138979362,14.427860696517413,Attacking wicket-takers,3,ce794613,T Natarajan,73.0,-0.03723736719966246,44.370860927152314,Attacking wicket-takers,1.0969969407481945,47.687241720209975
8db0c0e1,Sagar Udeshi,bowl,19.0,0.0686942229805295,55.223880597014926,Economy support bowlers,1,d7c6af50,DL Vettori,34.0,0.4071356083960558,76.82119205298014,Economy support bowlers,1.4645225098553096,40.57581117645013
8db0c0e1,Sagar Udeshi,bowl,19.0,0.0686942229805295,55.223880597014926,Economy support bowlers,2,7c503806,J Botha,34.0,0.2916527017618539,69.20529801324503,Economy support bowlers,1.6331770046491696,37.97693805750193
8db0c0e1,Sagar Udeshi,bowl,19.0,0.0686942229805295,55.223880597014926,Economy support bowlers,3,9d430b40,SP Narine,198.0,0.8849675586027738,98.01324503311258,High-impact strike/control bowlers,1.808627226185071,35.60458257603269
8f607eea,NA Rathva,bowl,27.0,0.3716569417179273,77.61194029850746,High-impact strike/control bowlers,1,9d430b40,SP Narine,198.0,0.8849675586027738,98.01324503311258,High-impact strike/control bowlers,1.1402701916938789,46.72307281019355
8f607eea,NA Rathva,bowl,27.0,0.3716569417179273,77.61194029850746,High-impact strike/control bowlers,2,0c2730df,A Kumble,42.0,0.8628371721170024,97.68211920529801,High-impact strike/control bowlers,1.2102901753161432,45.242928334374355
8f607eea,NA Rathva,bowl,27.0,0.3716569417179273,77.61194029850746,High-impact strike/control bowlers,3,99b202b3,A Chandila,12.0,0.5724664618063141,86.42384105960265,High-impact strike/control bowlers,1.2433383310738582,44.5764237230018
911d04ad,Gurinder Singh,bowl,28.0,0.12124603723439589,57.2139303482587,High-impact strike/control bowlers,1,6c6591ab,PP Ojha,90.0,0.5994135918378354,88.0794701986755,High-impact strike/control bowlers,0.6819805753533692,59.45371870836908
911d04ad,Gurinder Singh,bowl,28.0,0.12124603723439589,57.2139303482587,High-impact strike/control bowlers,2,8b5b6769,Harbhajan Singh,160.0,0.6421724460207937,90.72847682119205,Economy support bowlers,0.6963148917697523,58.95131881774071
911d04ad,Gurinder Singh,bowl,28.0,0.12124603723439589,57.2139303482587,High-impact strike/control bowlers,3,5f547c8b,Rashid Khan,149.0,0.9048310367553145,98.34437086092716,High-impact strike/control bowlers,0.8222377458625558,54.877581274481294
94253925,GH Vihari,bowl,17.0,-0.5337371735334924,15.422885572139302,Economy support bowlers,1,1c914163,Yuvraj Singh,73.0,0.006214876238054939,47.019867549668874,Economy support bowlers,0.858101539936824,53.818372059150235
94253925,GH Vihari,bowl,17.0,-0.5337371735334924,15.422885572139302,Economy support bowlers,2,bd17b45f,STR Binny,63.0,-0.27905039744229576,24.17218543046358,Economy support bowlers,0.8982602817026606,52.67981475664873
94253925,GH Vihari,bowl,17.0,-0.5337371735334924,15.422885572139302,Economy support bowlers,3,fe93fd9d,RA Jadeja,234.0,0.21178550947607003,63.576158940397356,Economy support bowlers,0.9370895946614219,51.623838296172714
9601c534,SD Lad,bowl,26.0,-0.16144279012663554,35.32338308457712,Economy support bowlers,1,c404f58a,DP Nannes,29.0,0.46129715887567,81.12582781456953,High-impact strike/control bowlers,1.7242644684586759,36.7071556957088
9601c534,SD Lad,bowl,26.0,-0.16144279012663554,35.32338308457712,Economy support bowlers,2,3a60e0b5,WD Parnell,33.0,0.4630920557552286,81.78807947019867,High-impact strike/control bowlers,1.881290814885808,34.70666670763091
9601c534,SD Lad,bowl,26.0,-0.16144279012663554,35.32338308457712,Economy support bowlers,3,39f01cdb,KP Pietersen,13.0,0.02568444082294614,49.337748344370866,Economy support bowlers,2.1253706123341227,31.99620537972517
97114e80,Mukhtar Hussain,bowl,19.0,0.0018546048422270918,50.24875621890548,High-impact strike/control bowlers,1,96fd40ae,A Nehra,88.0,0.7296611555112904,93.37748344370861,High-impact strike/control bowlers,0.5049924340835452,66.44551675829142
97114e80,Mukhtar Hussain,bowl,19.0,0.0018546048422270918,50.24875621890548,High-impact strike/control bowlers,2,56ab442f,NM Coulter-Nile,38.0,0.7436541973877694,94.37086092715232,High-impact strike/control bowlers,0.6145290489741031,61.93756629126094
97114e80,Mukhtar Hussain,bowl,19.0,0.0018546048422270918,50.24875621890548,High-impact strike/control bowlers,3,5b7ab5a9,CV Varun,92.0,0.7459472153885671,94.70198675496688,High-impact strike/control bowlers,0.7902376101226422,55.858506957157154
9d704f6f,SZ Mulani,bowl,31.0,0.4877969972136871,84.5771144278607,High-impact strike/control bowlers,1,9d430b40,SP Narine,198.0,0.8849675586027738,98.01324503311258,High-impact strike/control bowlers,0.6946512355612364,59.00919192194841
9d704f6f,SZ Mulani,bowl,31.0,0.4877969972136871,84.5771144278607,High-impact strike/control bowlers,2,0c2730df,A Kumble,42.0,0.8628371721170024,97.68211920529801,High-impact strike/control bowlers,0.8744493644047322,53.34900045793285
9d704f6f,SZ Mulani,bowl,31.0,0.4877969972136871,84.5771144278607,High-impact strike/control bowlers,3,462411b3,JJ Bumrah,157.0,0.9171348489973056,98.67549668874173,High-impact strike/control bowlers,0.9774407885515346,50.57041433501
a00e1842,Writtick Chatterjee,bowl,15.0,0.368620291831146,77.11442786069652,High-impact strike/control bowlers,1,ee7d0c82,GD McGrath,14.0,0.38271283734683975,75.82781456953643,Economy support bowlers,2.004493982906868,33.28347487760629
a00e1842,Writtick Chatterjee,bowl,15.0,0.368620291831146,77.11442786069652,High-impact strike/control bowlers,2,0c2730df,A Kumble,42.0,0.8628371721170024,97.68211920529801,High-impact strike/control bowlers,2.0844002226091924,32.421214104117404
a00e1842,Writtick Chatterjee,bowl,15.0,0.368620291831146,77.11442786069652,High-impact strike/control bowlers,3,5d9a1a73,R Sharma,44.0,0.5385734822839184,84.43708609271523,Economy support bowlers,2.09455312646215,32.31484350515096
a0d66374,T Pradeep,bowl,17.0,-0.7060587953642525,8.45771144278607,Attacking wicket-takers,1,db31895a,AS Rajpoot,29.0,-0.2037780296454202,28.807947019867548,Attacking wicket-takers,1.0713079559351957,48.278673247720896
a0d66374,T Pradeep,bowl,17.0,-0.7060587953642525,8.45771144278607,Attacking wicket-takers,2,4125d931,J Suchith,21.0,0.04134870055321104,50.66225165562914,Attacking wicket-takers,1.1409662229235442,46.70788307133937
a0d66374,T Pradeep,bowl,17.0,-0.7060587953642525,8.45771144278607,Attacking wicket-takers,3,13c35c9e,TG Southee,54.0,-0.09003966051983653,38.741721854304636,Attacking wicket-takers,1.1645494524419933,46.19899068934756
a24be938,VR Iyer,bowl,30.0,-0.10466498965085677,40.298507462686565,Economy support bowlers,1,495d42a5,R Ashwin,217.0,0.45875315489368745,80.79470198675497,Economy support bowlers,0.8450302154188887,54.19965438197248
a24be938,VR Iyer,bowl,30.0,-0.10466498965085677,40.298507462686565,Economy support bowlers,2,85aae393,Iqbal Abdulla,48.0,0.4128025217862367,78.1456953642384,Economy support bowlers,0.9040928159644868,52.51844824032207
a24be938,VR Iyer,bowl,30.0,-0.10466498965085677,40.298507462686565,Economy support bowlers,3,8b5b6769,Harbhajan Singh,160.0,0.6421724460207937,90.72847682119205,Economy support bowlers,0.9438003363896671,51.44561307450733
a457cfb5,Mayank Dagar,bowl,30.0,0.655071369745238,89.55223880597015,High-impact strike/control bowlers,1,99b202b3,A Chandila,12.0,0.5724664618063141,86.42384105960265,High-impact strike/control bowlers,1.392654264996715,41.79458832099058
a457cfb5,Mayank Dagar,bowl,30.0,0.655071369745238,89.55223880597015,High-impact strike/control bowlers,2,0c2730df,A Kumble,42.0,0.8628371721170024,97.68211920529801,High-impact strike/control bowlers,1.5859370219542355,38.670702012854264
a457cfb5,Mayank Dagar,bowl,30.0,0.655071369745238,89.55223880597015,High-impact strike/control bowlers,3,9d430b40,SP Narine,198.0,0.8849675586027738,98.01324503311258,High-impact strike/control bowlers,1.6537308772349337,37.68279626915123
a63563c0,Diwesh Pathania,bowl,25.0,0.2004116652260655,63.18407960199005,High-impact strike/control bowlers,1,d68e7f48,R Rampaul,12.0,0.7420577499872134,94.03973509933775,High-impact strike/control bowlers,0.7852872299941985,56.01339567097276
a63563c0,Diwesh Pathania,bowl,25.0,0.2004116652260655,63.18407960199005,High-impact strike/control bowlers,2,b552a935,AC Thomas,15.0,0.25531385758870606,66.55629139072848,Economy support bowlers,1.3323627163046696,42.87497793586634
a63563c0,Diwesh Pathania,bowl,25.0,0.2004116652260655,63.18407960199005,High-impact strike/control bowlers,3,9a158001,Azhar Mahmood,23.0,0.6063259671528087,88.41059602649007,High-impact strike/control bowlers,1.4473515658500882,40.86049646294482
a81e957f,Suryakant Pradhan,bowl,19.0,-0.18536604052388256,33.83084577114428,Economy support bowlers,1,8b5b6769,Harbhajan Singh,160.0,0.6421724460207937,90.72847682119205,Economy support bowlers,0.7370694314709059,57.568222771223695
a81e957f,Suryakant Pradhan,bowl,19.0,-0.18536604052388256,33.83084577114428,Economy support bowlers,2,7c503806,J Botha,34.0,0.2916527017618539,69.20529801324503,Economy support bowlers,0.8801821643622181,53.186335821838455
a81e957f,Suryakant Pradhan,bowl,19.0,-0.18536604052388256,33.83084577114428,Economy support bowlers,3,2e171977,AR Patel,172.0,0.2946724573705856,69.86754966887418,Economy support bowlers,0.8866286028082543,53.00460294683839
ade90de7,S Midhun,bowl,24.0,0.2675059418491202,69.15422885572139,High-impact strike/control bowlers,1,9d430b40,SP Narine,198.0,0.8849675586027738,98.01324503311258,High-impact strike/control bowlers,0.8367184936616903,54.444924655078495
ade90de7,S Midhun,bowl,24.0,0.2675059418491202,69.15422885572139,High-impact strike/control bowlers,2,05c2ca46,RE van der Merwe,21.0,0.6319373209381509,90.06622516556291,High-impact strike/control bowlers,0.8691639522911527,53.49985477594069
ade90de7,S Midhun,bowl,24.0,0.2675059418491202,69.15422885572139,High-impact strike/control bowlers,3,8b5b6769,Harbhajan Singh,160.0,0.6421724460207937,90.72847682119205,Economy support bowlers,1.2913178658962001,43.64300627529351
b2a55ac1,Utkarsh Singh,bowl,16.0,0.6648934474843208,91.04477611940298,High-impact strike/control bowlers,1,0c2730df,A Kumble,42.0,0.8628371721170024,97.68211920529801,High-impact strike/control bowlers,2.179858641860014,31.447938811992724
b2a55ac1,Utkarsh Singh,bowl,16.0,0.6648934474843208,91.04477611940298,High-impact strike/control bowlers,2,99b202b3,A Chandila,12.0,0.5724664618063141,86.42384105960265,High-impact strike/control bowlers,2.2013567577939694,31.236756027437952
b2a55ac1,Utkarsh Singh,bowl,16.0,0.6648934474843208,91.04477611940298,High-impact strike/control bowlers,3,76388dc8,S Badree,12.0,0.2750845931613835,68.21192052980133,High-impact strike/control bowlers,2.245985302706896,30.807286747912222
bc67cc22,Bavanaka Sandeep,bowl,21.0,-0.7652887989774643,6.467661691542288,Economy support bowlers,1,1dc12ab9,SK Raina,69.0,-0.41248063780219046,14.56953642384106,Economy support bowlers,1.3905998183487287,41.83050598116146
bc67cc22,Bavanaka Sandeep,bowl,21.0,-0.7652887989774643,6.467661691542288,Economy support bowlers,2,81049310,J Yadav,20.0,-0.3838714619871823,16.55629139072848,Economy support bowlers,1.6777856964827447,37.3442879059924
bc67cc22,Bavanaka Sandeep,bowl,21.0,-0.7652887989774643,6.467661691542288,Economy support bowlers,3,abfeb126,M Kartik,55.0,-0.18173117688081614,30.79470198675497,Economy support bowlers,1.7554530607903083,36.29167247411517
bcaf7d33,RN Gurbani,bowl,15.0,-0.40611182608106944,19.402985074626866,Economy support bowlers,1,66b30f71,AB Dinda,75.0,0.21082573179132547,62.913907284768214,Economy support bowlers,1.5289736679108135,39.54173239083587
bcaf7d33,RN Gurbani,bowl,15.0,-0.40611182608106944,19.402985074626866,Economy support bowlers,2,c38d3503,Shivam Mavi,32.0,0.05172383210700903,51.98675496688742,Attacking wicket-takers,1.8107717364355365,35.57741765498696
bcaf7d33,RN Gurbani,bowl,15.0,-0.40611182608106944,19.402985074626866,Economy support bowlers,3,b552a935,AC Thomas,15.0,0.25531385758870606,66.55629139072848,Economy support bowlers,1.8337618379721785,35.288780680157416
bee290b6,Suboth Bhati,bowl,33.0,0.29524296981320675,71.64179104477611,High-impact strike/control bowlers,1,9a158001,Azhar Mahmood,23.0,0.6063259671528087,88.41059602649007,High-impact strike/control bowlers,0.5319359880022984,65.27687891868362
bee290b6,Suboth Bhati,bowl,33.0,0.29524296981320675,71.64179104477611,High-impact strike/control bowlers,2,56ab442f,NM Coulter-Nile,38.0,0.7436541973877694,94.37086092715232,High-impact strike/control bowlers,0.5446175332859061,64.7409457972857
bee290b6,Suboth Bhati,bowl,33.0,0.29524296981320675,71.64179104477611,High-impact strike/control bowlers,3,462411b3,JJ Bumrah,157.0,0.9171348489973056,98.67549668874173,High-impact strike/control bowlers,0.694323301637237,59.02061306916411
bf6e03ea,K V Sasikanth,bowl,29.0,-0.5876975791005742,11.940298507462686,Attacking wicket-takers,1,6b8eb6e5,S Sreesanth,44.0,0.20470303116401864,62.58278145695364,Attacking wicket-takers,0.5411233975698495,64.88773070195869
bf6e03ea,K V Sasikanth,bowl,29.0,-0.5876975791005742,11.940298507462686,Attacking wicket-takers,2,2f49c897,Mohammed Siraj,121.0,0.15574401696745685,60.264900662251655,Attacking wicket-takers,0.7443425391142995,57.32818970910129
bf6e03ea,K V Sasikanth,bowl,29.0,-0.5876975791005742,11.940298507462686,Attacking wicket-takers,3,7d92277a,Mujeeb Ur Rahman,20.0,0.1760806489849738,61.258278145695364,Attacking wicket-takers,0.7505167777917735,57.12598774754226
c2ce55cb,Akash Bhandari,bowl,16.0,0.01406397178929337,51.243781094527364,Economy support bowlers,1,d7c6af50,DL Vettori,34.0,0.4071356083960558,76.82119205298014,Economy support bowlers,0.9629001170619949,50.94502727407075
c2ce55cb,Akash Bhandari,bowl,16.0,0.01406397178929337,51.243781094527364,Economy support bowlers,2,99b202b3,A Chandila,12.0,0.5724664618063141,86.42384105960265,High-impact strike/control bowlers,1.1870164074303418,45.724394046726
c2ce55cb,Akash Bhandari,bowl,16.0,0.01406397178929337,51.243781094527364,Economy support bowlers,3,ee7d0c82,GD McGrath,14.0,0.38271283734683975,75.82781456953643,Economy support bowlers,1.2266255553139653,44.911008840864355
c2ed5822,Lalhruai Ralte,bowl,22.0,-1.345194865456791,1.9900497512437811,Low-wicket expensive group,1,2e11c706,BCJ Cutting,17.0,-0.43247199810149023,12.91390728476821,Low-wicket expensive group,0.7708151352630805,56.471168564494754
c2ed5822,Lalhruai Ralte,bowl,22.0,-1.345194865456791,1.9900497512437811,Low-wicket expensive group,2,2498e163,JR Hopes,20.0,-0.32192380821018257,20.52980132450331,Attacking wicket-takers,1.1754201637523622,45.96813142869418
c2ed5822,Lalhruai Ralte,bowl,22.0,-1.345194865456791,1.9900497512437811,Low-wicket expensive group,3,ad427b5c,Lalit Yadav,19.0,-0.42876498540888885,13.57615894039735,Low-wicket expensive group,1.2030162921407628,45.392310695453745
c69a7b5c,AS Raut,bowl,18.0,-0.46189010937956004,16.91542288557214,Economy support bowlers,1,7c503806,J Botha,34.0,0.2916527017618539,69.20529801324503,Economy support bowlers,1.0636099564424935,48.458769879358584
c69a7b5c,AS Raut,bowl,18.0,-0.46189010937956004,16.91542288557214,Economy support bowlers,2,abfeb126,M Kartik,55.0,-0.18173117688081614,30.79470198675497,Economy support bowlers,1.073178064728361,48.235123504985836
c69a7b5c,AS Raut,bowl,18.0,-0.46189010937956004,16.91542288557214,Economy support bowlers,3,ea0cdc12,BAW Mendis,10.0,0.07880904735378713,54.63576158940398,Economy support bowlers,1.3350738418778902,42.82519816143329
c8f697bd,SM Fallah,bowl,28.0,-0.11789792472515036,38.80597014925373,Economy support bowlers,1,b552a935,AC Thomas,15.0,0.25531385758870606,66.55629139072848,Economy support bowlers,0.8219725248441104,54.88556969790534
c8f697bd,SM Fallah,bowl,28.0,-0.11789792472515036,38.80597014925373,Economy support bowlers,2,4ba44e19,M Muralitharan,66.0,0.726732321340656,93.04635761589404,High-impact strike/control bowlers,1.091009430848071,47.823791956520274
c8f697bd,SM Fallah,bowl,28.0,-0.11789792472515036,38.80597014925373,Economy support bowlers,3,57efa3be,SB Styris,11.0,0.04850819838986117,51.65562913907284,Economy support bowlers,1.1068614423557561,47.46396606327679
cb461421,Divyang Hinganekar,bowl,19.0,0.27505695781145134,69.65174129353234,High-impact strike/control bowlers,1,5d9a1a73,R Sharma,44.0,0.5385734822839184,84.43708609271523,Economy support bowlers,1.0234755286482895,49.4199206188579
cb461421,Divyang Hinganekar,bowl,19.0,0.27505695781145134,69.65174129353234,High-impact strike/control bowlers,2,9d430b40,SP Narine,198.0,0.8849675586027738,98.01324503311258,High-impact strike/control bowlers,1.0480850541676365,48.82609723483435
cb461421,Divyang Hinganekar,bowl,19.0,0.27505695781145134,69.65174129353234,High-impact strike/control bowlers,3,5f547c8b,Rashid Khan,149.0,0.9048310367553145,98.34437086092716,High-impact strike/control bowlers,1.0972398640238663,47.68171810740577
cb4f31e2,Bandaru Ayyappa,bowl,23.0,0.18548213299988064,61.19402985074627,High-impact strike/control bowlers,1,96fd40ae,A Nehra,88.0,0.7296611555112904,93.37748344370861,High-impact strike/control bowlers,0.5162485294932524,65.95224862867379
cb4f31e2,Bandaru Ayyappa,bowl,23.0,0.18548213299988064,61.19402985074627,High-impact strike/control bowlers,2,5b7ab5a9,CV Varun,92.0,0.7459472153885671,94.70198675496688,High-impact strike/control bowlers,0.5820621613284885,63.208641508768565
cb4f31e2,Bandaru Ayyappa,bowl,23.0,0.18548213299988064,61.19402985074627,High-impact strike/control bowlers,3,57ee1fde,YS Chahal,183.0,0.7672636056202558,95.69536423841059,High-impact strike/control bowlers,0.7592462898995735,56.842524309491935
ccae927b,Azim Kazi,bowl,27.0,0.0016957947084545342,49.75124378109453,Economy support bowlers,1,5d9a1a73,R Sharma,44.0,0.5385734822839184,84.43708609271523,Economy support bowlers,0.5664949846623497,63.836782740517044
ccae927b,Azim Kazi,bowl,27.0,0.0016957947084545342,49.75124378109453,Economy support bowlers,2,8b5b6769,Harbhajan Singh,160.0,0.6421724460207937,90.72847682119205,Economy support bowlers,0.6528811751708806,60.500416788679104
ccae927b,Azim Kazi,bowl,27.0,0.0016957947084545342,49.75124378109453,Economy support bowlers,3,0dc00542,Shahid Afridi,10.0,0.2768310815313643,68.54304635761589,Economy support bowlers,0.7097428828436472,58.488326521751524
cd8d2859,DG Nalkande,bowl,26.0,0.7646334689694183,94.02985074626866,High-impact strike/control bowlers,1,342d8ade,CRD Fernando,10.0,0.7835636684980737,96.68874172185431,High-impact strike/control bowlers,1.450205409121065,40.81290475800227
cd8d2859,DG Nalkande,bowl,26.0,0.7646334689694183,94.02985074626866,High-impact strike/control bowlers,2,a12e1d51,SL Malinga,122.0,1.239342678898772,99.66887417218543,High-impact strike/control bowlers,1.7914291088959025,35.82394397239525
cd8d2859,DG Nalkande,bowl,26.0,0.7646334689694183,94.02985074626866,High-impact strike/control bowlers,3,ab89348d,MF Maharoof,20.0,0.8071890407484594,97.01986754966887,High-impact strike/control bowlers,1.8373203261349773,35.244522473858595
ce2b42ae,Darshan Misal,bowl,33.0,-0.5730666974681021,12.935323383084576,Economy support bowlers,1,57efa3be,SB Styris,11.0,0.04850819838986117,51.65562913907284,Economy support bowlers,0.9400948551095226,51.54387154660785
ce2b42ae,Darshan Misal,bowl,33.0,-0.5730666974681021,12.935323383084576,Economy support bowlers,2,ea0cdc12,BAW Mendis,10.0,0.07880904735378713,54.63576158940398,Economy support bowlers,1.0416229784955204,48.980639938570036
ce2b42ae,Darshan Misal,bowl,33.0,-0.5730666974681021,12.935323383084576,Economy support bowlers,3,9d80c5e1,S Nadeem,70.0,0.013175944212783168,48.01324503311258,Economy support bowlers,1.210944138343415,45.229546177013134
d2550980,Anand Singh,bowl,15.0,-0.8120535924975683,4.975124378109453,Attacking wicket-takers,1,db584dad,CH Gayle,38.0,-0.30830740874329665,22.185430463576157,Economy support bowlers,1.5777667571256635,38.79326929931586
d2550980,Anand Singh,bowl,15.0,-0.8120535924975683,4.975124378109453,Attacking wicket-takers,2,e4cdf230,AS Roy,20.0,-0.17160725786188927,31.456953642384107,Attacking wicket-takers,2.0302005576225266,33.001115965228145
d2550980,Anand Singh,bowl,15.0,-0.8120535924975683,4.975124378109453,Attacking wicket-takers,3,7ca5e05d,RS Bopara,14.0,0.037651376404707865,50.331125827814574,Attacking wicket-takers,2.177264255054775,31.47361754405789
d330f9b9,Dharmendrasinh Jadeja,bowl,38.0,-0.4002159613824678,19.900497512437813,Economy support bowlers,1,3c6ffae8,YK Pathan,82.0,-0.04468734732150991,42.71523178807947,Economy support bowlers,0.7942080856761462,55.734895410592834
d330f9b9,Dharmendrasinh Jadeja,bowl,38.0,-0.4002159613824678,19.900497512437813,Economy support bowlers,2,ea0cdc12,BAW Mendis,10.0,0.07880904735378713,54.63576158940398,Economy support bowlers,0.801919467174423,55.49637584903241
d330f9b9,Dharmendrasinh Jadeja,bowl,38.0,-0.4002159613824678,19.900497512437813,Economy support bowlers,3,495d42a5,R Ashwin,217.0,0.45875315489368745,80.79470198675497,Economy support bowlers,0.8796468831103419,53.20148209674638
d3611425,LI Meriwala,bowl,40.0,0.8012086915556351,94.5273631840796,High-impact strike/control bowlers,1,3edb58fc,AD Mascarenhas,13.0,0.8544295955987674,97.35099337748345,High-impact strike/control bowlers,1.4494364653514529,40.82571702289558
d3611425,LI Meriwala,bowl,40.0,0.8012086915556351,94.5273631840796,High-impact strike/control bowlers,2,9a158001,Azhar Mahmood,23.0,0.6063259671528087,88.41059602649007,High-impact strike/control bowlers,1.632459501727652,37.98728904827261
d3611425,LI Meriwala,bowl,40.0,0.8012086915556351,94.5273631840796,High-impact strike/control bowlers,3,5f547c8b,Rashid Khan,149.0,0.9048310367553145,98.34437086092716,High-impact strike/control bowlers,1.6932650165356466,37.129654670460255
d4b8ea98,Sayan Ghosh,bowl,25.0,0.321372886961586,73.6318407960199,High-impact strike/control bowlers,1,557153ca,KK Cooper,25.0,0.6721104849611725,91.72185430463577,High-impact strike/control bowlers,0.5875092110819388,62.991760489910334
d4b8ea98,Sayan Ghosh,bowl,25.0,0.321372886961586,73.6318407960199,High-impact strike/control bowlers,2,a12e1d51,SL Malinga,122.0,1.239342678898772,99.66887417218543,High-impact strike/control bowlers,0.5909590359004239,62.855169582291424
d4b8ea98,Sayan Ghosh,bowl,25.0,0.321372886961586,73.6318407960199,High-impact strike/control bowlers,3,12eddf28,RJ Harris,37.0,0.7310990355447311,93.70860927152319,High-impact strike/control bowlers,0.7975643558574255,55.63083161620698
d6ac52e8,Akhilesh Sahani,bowl,20.0,0.0899248875781741,56.21890547263681,Attacking wicket-takers,1,51a3c5ef,MJ McClenaghan,56.0,0.5330169532750783,83.77483443708608,Attacking wicket-takers,1.5454209156844654,39.28623332346192
d6ac52e8,Akhilesh Sahani,bowl,20.0,0.0899248875781741,56.21890547263681,Attacking wicket-takers,2,a818c1be,TA Boult,124.0,0.43842596894082597,79.80132450331125,Attacking wicket-takers,1.5513864298415387,39.194376371364015
d6ac52e8,Akhilesh Sahani,bowl,20.0,0.0899248875781741,56.21890547263681,Attacking wicket-takers,3,aa8d28ae,D Wiese,15.0,0.13126677336816436,58.27814569536424,Attacking wicket-takers,1.751554854282557,36.34308792512664
d7b3a420,Jaskaran Singh,bowl,16.0,0.2442820106047833,67.16417910447761,High-impact strike/control bowlers,1,462411b3,JJ Bumrah,157.0,0.9171348489973056,98.67549668874173,High-impact strike/control bowlers,0.9509889843925888,51.25605567226383
d7b3a420,Jaskaran Singh,bowl,16.0,0.2442820106047833,67.16417910447761,High-impact strike/control bowlers,2,4ba44e19,M Muralitharan,66.0,0.726732321340656,93.04635761589404,High-impact strike/control bowlers,1.116386672022017,47.25034480795468
d7b3a420,Jaskaran Singh,bowl,16.0,0.2442820106047833,67.16417910447761,High-impact strike/control bowlers,3,9d430b40,SP Narine,198.0,0.8849675586027738,98.01324503311258,High-impact strike/control bowlers,1.2141728168023904,45.16359303173793
dddca1d6,SB Wagh,bowl,23.0,0.6683560575337093,91.54228855721394,High-impact strike/control bowlers,1,45c2196c,DE Bollinger,27.0,0.9606110440049032,99.33774834437085,High-impact strike/control bowlers,2.4477671151293787,29.004279193099578
dddca1d6,SB Wagh,bowl,23.0,0.6683560575337093,91.54228855721394,High-impact strike/control bowlers,2,d68e7f48,R Rampaul,12.0,0.7420577499872134,94.03973509933775,High-impact strike/control bowlers,2.881169267378812,25.765431268483695
dddca1d6,SB Wagh,bowl,23.0,0.6683560575337093,91.54228855721394,High-impact strike/control bowlers,3,64d43928,Sohail Tanvir,11.0,1.279345149282983,100.0,High-impact strike/control bowlers,3.149344935472884,24.100189681772843
de00b96c,Mayank Mishra,bowl,16.0,0.2868073008561719,70.64676616915423,High-impact strike/control bowlers,1,f0f628c7,MM Patel,63.0,0.7768913163690101,96.35761589403974,High-impact strike/control bowlers,0.7375848966906221,57.55114480475658
de00b96c,Mayank Mishra,bowl,16.0,0.2868073008561719,70.64676616915423,High-impact strike/control bowlers,2,3edb58fc,AD Mascarenhas,13.0,0.8544295955987674,97.35099337748345,High-impact strike/control bowlers,1.3627199726392012,42.32410152621606
de00b96c,Mayank Mishra,bowl,16.0,0.2868073008561719,70.64676616915423,High-impact strike/control bowlers,3,d68e7f48,R Rampaul,12.0,0.7420577499872134,94.03973509933775,High-impact strike/control bowlers,1.4178738654382366,41.35865043641353
de4b0555,R Shukla,bowl,20.0,-0.32332965555730225,23.383084577114428,Attacking wicket-takers,1,808f425a,JP Faulkner,60.0,0.1633860760454711,60.59602649006622,Attacking wicket-takers,0.7092087183765194,58.50660538110544
de4b0555,R Shukla,bowl,20.0,-0.32332965555730225,23.383084577114428,Attacking wicket-takers,2,1a0c3177,P Awana,33.0,0.4508006971853922,80.13245033112582,High-impact strike/control bowlers,0.8040653306717751,55.43036513137984
de4b0555,R Shukla,bowl,20.0,-0.32332965555730225,23.383084577114428,Attacking wicket-takers,3,cc1e8c68,UT Yadav,147.0,0.194193518810625,61.920529801324506,Attacking wicket-takers,0.8176690853923759,55.015514542028555
e1e7f950,Akshay Karnewar,bowl,43.0,0.6562239726586778,90.04975124378109,High-impact strike/control bowlers,1,9d430b40,SP Narine,198.0,0.8849675586027738,98.01324503311258,High-impact strike/control bowlers,1.3798950235237293,42.01866007179494
e1e7f950,Akshay Karnewar,bowl,43.0,0.6562239726586778,90.04975124378109,High-impact strike/control bowlers,2,05c2ca46,RE van der Merwe,21.0,0.6319373209381509,90.06622516556291,High-impact strike/control bowlers,1.587547500990957,38.64663352526006
e1e7f950,Akshay Karnewar,bowl,43.0,0.6562239726586778,90.04975124378109,High-impact strike/control bowlers,3,4ba44e19,M Muralitharan,66.0,0.726732321340656,93.04635761589404,High-impact strike/control bowlers,1.6043071438076706,38.39792869200264
e342d310,Pritam Das,bowl,21.0,-0.3100918965948474,23.88059701492537,Economy support bowlers,1,dc4686e6,BA Bhatt,15.0,0.053935359162730255,52.64900662251656,Economy support bowlers,0.565156113086185,63.89139023507333
e342d310,Pritam Das,bowl,21.0,-0.3100918965948474,23.88059701492537,Economy support bowlers,2,f846de6a,MN Samuels,11.0,0.08878404566621192,54.966887417218544,Economy support bowlers,0.647864008633507,60.68461928659095
e342d310,Pritam Das,bowl,21.0,-0.3100918965948474,23.88059701492537,Economy support bowlers,3,41eb4a4f,R Vinay Kumar,104.0,0.27491479590656065,67.88079470198676,Economy support bowlers,0.7676791868920733,56.57135114874528
e4072aa1,AH Hooda,bowl,24.0,-0.21952724957651756,32.33830845771145,Attacking wicket-takers,1,5ffc0565,V Nigam,18.0,-0.3909415693418692,15.894039735099339,Attacking wicket-takers,3.2227930508594267,23.68100894256419
e4072aa1,AH Hooda,bowl,24.0,-0.21952724957651756,32.33830845771145,Attacking wicket-takers,2,50c6bc2b,LS Livingstone,27.0,-0.46016083908677985,11.589403973509933,Economy support bowlers,3.445837490303979,22.49294991508172
e4072aa1,AH Hooda,bowl,24.0,-0.21952724957651756,32.33830845771145,Attacking wicket-takers,3,83c3e8e3,SH Johnson,11.0,-0.6884154128628345,8.27814569536424,Attacking wicket-takers,3.7196710140293616,21.18791748466091
ec9fc54b,Akshay Wakhare,bowl,40.0,0.12645429735453062,58.2089552238806,Economy support bowlers,1,0c2730df,A Kumble,42.0,0.8628371721170024,97.68211920529801,High-impact strike/control bowlers,0.8022797121805987,55.4852830690797
ec9fc54b,Akshay Wakhare,bowl,40.0,0.12645429735453062,58.2089552238806,Economy support bowlers,2,ee7d0c82,GD McGrath,14.0,0.38271283734683975,75.82781456953643,Economy support bowlers,1.1133431633711697,47.318391888841035
ec9fc54b,Akshay Wakhare,bowl,40.0,0.12645429735453062,58.2089552238806,Economy support bowlers,3,4ba44e19,M Muralitharan,66.0,0.726732321340656,93.04635761589404,High-impact strike/control bowlers,1.270930363537407,44.03481568859334
ed5a5510,P Dubey,bowl,17.0,0.20842389928984886,64.17910447761194,High-impact strike/control bowlers,1,33a364a6,R Bhatia,91.0,0.33228325479586723,72.84768211920529,Economy support bowlers,2.0594372103141776,32.68575006634337
ed5a5510,P Dubey,bowl,17.0,0.20842389928984886,64.17910447761194,High-impact strike/control bowlers,2,05c2ca46,RE van der Merwe,21.0,0.6319373209381509,90.06622516556291,High-impact strike/control bowlers,2.1036857804097426,32.21975646864554
ed5a5510,P Dubey,bowl,17.0,0.20842389928984886,64.17910447761194,High-impact strike/control bowlers,3,bb18be76,SK Warne,54.0,0.6663832870814933,91.3907284768212,High-impact strike/control bowlers,2.3892983747040253,29.504631621207626
f1809c03,Tanay Thyagarajan,bowl,16.0,-0.4567019126739117,17.412935323383085,Economy support bowlers,1,81049310,J Yadav,20.0,-0.3838714619871823,16.55629139072848,Economy support bowlers,2.2303424457634344,30.956470305849187
f1809c03,Tanay Thyagarajan,bowl,16.0,-0.4567019126739117,17.412935323383085,Economy support bowlers,2,7c503806,J Botha,34.0,0.2916527017618539,69.20529801324503,Economy support bowlers,2.383408311083784,29.555995258511288
f1809c03,Tanay Thyagarajan,bowl,16.0,-0.4567019126739117,17.412935323383085,Economy support bowlers,3,1dc12ab9,SK Raina,69.0,-0.41248063780219046,14.56953642384106,Economy support bowlers,2.5983517746804425,27.790501391121122
f3ba1bdc,Rex Rajkumar,bowl,16.0,-0.8202641074810929,4.477611940298507,Low-wicket expensive group,1,91ffa6c6,JD Ryder,16.0,-0.15195987546276468,34.105960264900666,Economy support bowlers,0.9789232200107857,50.53253152462124
f3ba1bdc,Rex Rajkumar,bowl,16.0,-0.8202641074810929,4.477611940298507,Low-wicket expensive group,2,90de905a,K Gowtham,35.0,-0.23909848401514666,27.483443708609272,Economy support bowlers,1.2701355584814176,44.05023287106869
f3ba1bdc,Rex Rajkumar,bowl,16.0,-0.8202641074810929,4.477611940298507,Low-wicket expensive group,3,29d72eb2,AA Chavan,13.0,-0.13295130761551302,35.099337748344375,Low-wicket expensive group,1.3424168421727154,42.69094987689924
f4ef0fd7,Sumit Ruikar,bowl,19.0,-0.2524030979224725,26.865671641791046,Economy support bowlers,1,d7c6af50,DL Vettori,34.0,0.4071356083960558,76.82119205298014,Economy support bowlers,0.6022549737203593,62.41203905755698
f4ef0fd7,Sumit Ruikar,bowl,19.0,-0.2524030979224725,26.865671641791046,Economy support bowlers,2,5d9a1a73,R Sharma,44.0,0.5385734822839184,84.43708609271523,Economy support bowlers,0.7627851463397588,56.728410837610966
f4ef0fd7,Sumit Ruikar,bowl,19.0,-0.2524030979224725,26.865671641791046,Economy support bowlers,3,2e171977,AR Patel,172.0,0.2946724573705856,69.86754966887418,Economy support bowlers,0.8585694513047991,53.80482280594654
f6cb1703,Vasuki Koushik,bowl,24.0,0.043206323652888304,54.22885572139303,High-impact strike/control bowlers,1,dfc4d8b5,KW Richardson,15.0,0.3905236754937131,76.49006622516556,Attacking wicket-takers,0.7534609509677636,57.03006955747054
f6cb1703,Vasuki Koushik,bowl,24.0,0.043206323652888304,54.22885572139303,High-impact strike/control bowlers,2,2e81a32d,B Kumar,203.0,0.6489419791159536,91.05960264900662,High-impact strike/control bowlers,0.7868621810945524,55.96402512629398
f6cb1703,Vasuki Koushik,bowl,24.0,0.043206323652888304,54.22885572139303,High-impact strike/control bowlers,3,ce820073,Sandeep Sharma,142.0,0.4125096738379745,77.81456953642383,High-impact strike/control bowlers,0.8439326810884542,54.231914768694836
f705d984,Fabid Ahmed,bowl,26.0,-0.08058225898768655,42.28855721393035,Economy support bowlers,1,d7c6af50,DL Vettori,34.0,0.4071356083960558,76.82119205298014,Economy support bowlers,0.9050467044309369,52.492151382646206
f705d984,Fabid Ahmed,bowl,26.0,-0.08058225898768655,42.28855721393035,Economy support bowlers,2,99b202b3,A Chandila,12.0,0.5724664618063141,86.42384105960265,High-impact strike/control bowlers,0.9245924983851542,51.95905111544696
f705d984,Fabid Ahmed,bowl,26.0,-0.08058225898768655,42.28855721393035,Economy support bowlers,3,88fccd6c,SM Pollock,13.0,0.4104016108571919,77.48344370860927,Economy support bowlers,0.9446821425413845,51.422285324899526
fa73f373,Vikas Yadav,bowl,20.0,0.21462787031794964,64.6766169154229,High-impact strike/control bowlers,1,99b202b3,A Chandila,12.0,0.5724664618063141,86.42384105960265,High-impact strike/control bowlers,0.7975468847451258,55.63137231559833
fa73f373,Vikas Yadav,bowl,20.0,0.21462787031794964,64.6766169154229,High-impact strike/control bowlers,2,0c2730df,A Kumble,42.0,0.8628371721170024,97.68211920529801,High-impact strike/control bowlers,1.3754720797409201,42.096895540404105
fa73f373,Vikas Yadav,bowl,20.0,0.21462787031794964,64.6766169154229,High-impact strike/control bowlers,3,9d430b40,SP Narine,198.0,0.8849675586027738,98.01324503311258,High-impact strike/control bowlers,1.4470830556649938,40.864979947656515
fb24e76c,Monu Kumar,bowl,19.0,0.588210796012005,87.56218905472637,High-impact strike/control bowlers,1,45c2196c,DE Bollinger,27.0,0.9606110440049032,99.33774834437085,High-impact strike/control bowlers,1.3368561452513452,42.79253569082846
fb24e76c,Monu Kumar,bowl,19.0,0.588210796012005,87.56218905472637,High-impact strike/control bowlers,2,d68e7f48,R Rampaul,12.0,0.7420577499872134,94.03973509933775,High-impact strike/control bowlers,2.127257413975771,31.97690076713805
fb24e76c,Monu Kumar,bowl,19.0,0.588210796012005,87.56218905472637,High-impact strike/control bowlers,3,ab89348d,MF Maharoof,20.0,0.8071890407484594,97.01986754966887,High-impact strike/control bowlers,2.2311016555096383,30.949196485192942
fcd1dd35,Ayush Jamwal,bowl,20.0,-0.17843377795544535,34.32835820895522,Economy support bowlers,1,d7c6af50,DL Vettori,34.0,0.4071356083960558,76.82119205298014,Economy support bowlers,1.585788514128765,38.672922960868355
fcd1dd35,Ayush Jamwal,bowl,20.0,-0.17843377795544535,34.32835820895522,Economy support bowlers,2,7c503806,J Botha,34.0,0.2916527017618539,69.20529801324503,Economy support bowlers,1.6964750147508676,37.08545395486974
fcd1dd35,Ayush Jamwal,bowl,20.0,-0.17843377795544535,34.32835820895522,Economy support bowlers,3,abfeb126,M Kartik,55.0,-0.18173117688081614,30.79470198675497,Economy support bowlers,1.8349369199356729,35.27415347297008
fdf7491e,IC Porel,bowl,21.0,0.5558140079192158,86.56716417910447,High-impact strike/control bowlers,1,0c2730df,A Kumble,42.0,0.8628371721170024,97.68211920529801,High-impact strike/control bowlers,1.0268778138555827,49.33696511768376
fdf7491e,IC Porel,bowl,21.0,0.5558140079192158,86.56716417910447,High-impact strike/control bowlers,2,f708a0bc,GB Hogg,21.0,0.5324953014180992,83.44370860927152,High-impact strike/control bowlers,1.1623795968601804,46.245349403593174
fdf7491e,IC Porel,bowl,21.0,0.5558140079192158,86.56716417910447,High-impact strike/control bowlers,3,462411b3,JJ Bumrah,157.0,0.9171348489973056,98.67549668874173,High-impact strike/control bowlers,1.1745021871019643,45.98753709844436
fe473dc2,Ishwar Chaudhary,bowl,16.0,-0.7470264748484688,7.462686567164178,Attacking wicket-takers,1,d8b2f218,BB Sran,24.0,-0.4003641852679802,15.562913907284766,Attacking wicket-takers,0.9968550079588966,50.0787486329395
fe473dc2,Ishwar Chaudhary,bowl,16.0,-0.7470264748484688,7.462686567164178,Attacking wicket-takers,2,5bb1a1c4,I Sharma,117.0,-0.03072022565386279,45.033112582781456,Attacking wicket-takers,1.4010199309263909,41.64896705435376
fe473dc2,Ishwar Chaudhary,bowl,16.0,-0.7470264748484688,7.462686567164178,Attacking wicket-takers,3,c654af19,R McLaren,18.0,-0.4183637083398317,14.23841059602649,Attacking wicket-takers,1.43849324140512,41.00893055679643
fe5f2e48,RL Jangid,bowl,20.0,-0.0812838980811688,41.7910447761194,Economy support bowlers,1,4ba44e19,M Muralitharan,66.0,0.726732321340656,93.04635761589404,High-impact strike/control bowlers,0.8992461303662584,52.65247005174395
fe5f2e48,RL Jangid,bowl,20.0,-0.0812838980811688,41.7910447761194,Economy support bowlers,2,8b5b6769,Harbhajan Singh,160.0,0.6421724460207937,90.72847682119205,Economy support bowlers,1.1057454246302492,47.48912134882551
fe5f2e48,RL Jangid,bowl,20.0,-0.0812838980811688,41.7910447761194,Economy support bowlers,3,495d42a5,R Ashwin,217.0,0.45875315489368745,80.79470198675497,Economy support bowlers,1.1104118318496627,47.38411645103191
