player_key,player_id,player_name,competition,role,seasons,first_season,last_season,bat_innings,runs,balls,fours,sixes,bat_pp_runs,bat_pp_balls,bat_mid_runs,bat_mid_balls,bat_death_runs,bat_death_balls,sample,strike_rate,runs_per_innings,boundary_pct,bat_pp_sr,bat_mid_sr,bat_death_sr,bowl_innings,runs_conceded,balls_bowled,wickets,bowl_pp_runs,bowl_pp_balls,bowl_mid_runs,bowl_mid_balls,bowl_death_runs,bowl_death_balls,wides,noballs,economy,bowling_sr,wickets_per_innings,wide_rate,noball_rate,bowl_pp_economy,bowl_mid_economy,bowl_death_economy,min_sample,impact_raw,impact_reliability,impact_score,impact_percentile,cluster,profile_type
00ea847a,00ea847a,MA Agarwal,SMA,bat,6,2016,2023,35.0,804.0,631.0,88.0,23.0,445.0,357.0,315.0,248.0,44.0,26.0,35.0,127.41679873217116,22.97142857142857,17.591125198098258,124.64985994397759,127.01612903225808,169.23076923076923,,,,,,,,,,,,,,,,,,,,,15,0.25985043819524795,0.7777777777777778,0.2021058963740817,63.829787234042556,2,Run accumulators
0494fa6e,0494fa6e,Vishnu Vinod,SMA,bat,5,2018,2023,27.0,768.0,532.0,62.0,39.0,376.0,258.0,253.0,195.0,139.0,79.0,27.0,144.36090225563908,28.444444444444443,18.984962406015036,145.73643410852713,129.74358974358975,175.9493670886076,,,,,,,,,,,,,,,,,,,,,15,0.9920127205825442,0.7297297297297297,0.7239011744791537,88.08510638297872,2,Run accumulators
04a418e8,04a418e8,R Parag,SMA,bat,4,2019,2023,26.0,874.0,611.0,56.0,51.0,103.0,92.0,566.0,399.0,205.0,120.0,26.0,143.0441898527005,33.61538461538461,17.51227495908347,111.95652173913044,141.8546365914787,170.83333333333331,,,,,,,,,,,,,,,,,,,,,15,1.1798150884166585,0.7222222222222222,0.8520886749675866,92.76595744680851,2,Run accumulators
0861a8d6,0861a8d6,Rajesh Dhuper,SMA,bat,3,2018,2021,19.0,392.0,383.0,34.0,10.0,197.0,202.0,159.0,153.0,36.0,28.0,19.0,102.34986945169713,20.63157894736842,11.488250652741515,97.52475247524752,103.921568627451,128.57142857142858,,,,,,,,,,,,,,,,,,,,,15,-0.7045069846703197,0.6551724137931034,-0.46157354168055437,16.170212765957448,3,Balanced batting group
0994d0ae,0994d0ae,V Shankar,SMA,bat,5,2016,2023,25.0,625.0,487.0,43.0,26.0,40.0,62.0,404.0,314.0,181.0,111.0,25.0,128.33675564681727,25.0,14.168377823408623,64.51612903225806,128.6624203821656,163.06306306306305,,,,,,,,,,,,,,,,,,,,,15,0.22025748740939483,0.7142857142857143,0.15732677672099624,59.57446808510638,3,Balanced batting group
0a509d6b,0a509d6b,RK Singh,SMA,bat,6,2018,2024,35.0,910.0,570.0,76.0,43.0,53.0,43.0,349.0,294.0,508.0,233.0,35.0,159.64912280701756,26.0,20.87719298245614,123.25581395348837,118.70748299319729,218.02575107296138,,,,,,,,,,,,,,,,,,,,,15,1.2710834944780598,0.7777777777777778,0.9886204957051576,97.02127659574468,2,Run accumulators
0af3426f,0af3426f,SS Mundhe,SMA,bat,5,2016,2022,26.0,598.0,461.0,56.0,19.0,75.0,104.0,361.0,260.0,162.0,97.0,26.0,129.7180043383948,23.0,16.268980477223426,72.11538461538461,138.84615384615384,167.01030927835052,,,,,,,,,,,,,,,,,,,,,15,0.2430722886791558,0.7222222222222222,0.17555220849050135,62.12765957446808,3,Balanced batting group
0c94f480,0c94f480,UBT Chand,SMA,bat,3,2016,2019,20.0,516.0,392.0,35.0,29.0,286.0,235.0,193.0,143.0,37.0,14.0,20.0,131.6326530612245,25.8,16.3265306122449,121.70212765957447,134.96503496503496,264.2857142857143,,,,,,,,,,,,,,,,,,,,,15,0.44296428451174685,0.6666666666666666,0.29530952300783114,68.51063829787233,2,Run accumulators
0cb8626f,0cb8626f,Sudip Chatterjee,SMA,bat,5,2016,2023,21.0,399.0,348.0,44.0,3.0,165.0,143.0,177.0,161.0,57.0,44.0,21.0,114.65517241379311,19.0,13.505747126436782,115.38461538461537,109.93788819875776,129.54545454545453,,,,,,,,,,,,,,,,,,,,,15,-0.4361480356969375,0.6774193548387096,-0.29545512095598997,26.382978723404253,3,Balanced batting group
0ed1a112,0ed1a112,Ganesh Satish,SMA,bat,5,2016,2023,30.0,530.0,540.0,46.0,6.0,184.0,209.0,325.0,308.0,21.0,23.0,30.0,98.14814814814815,17.666666666666668,9.62962962962963,88.03827751196172,105.51948051948052,91.30434782608695,,,,,,,,,,,,,,,,,,,,,15,-1.0523778196751503,0.75,-0.7892833647563628,8.085106382978724,1,Low-output batting group
0edcb652,0edcb652,Subhransu Senapati,SMA,bat,4,2018,2024,20.0,492.0,382.0,36.0,22.0,198.0,140.0,256.0,221.0,38.0,21.0,20.0,128.7958115183246,24.6,15.18324607329843,141.42857142857144,115.8371040723982,180.95238095238096,,,,,,,,,,,,,,,,,,,,,15,0.2586307093106461,0.6666666666666666,0.17242047287376397,61.702127659574465,2,Run accumulators
10b58586,10b58586,AR Easwaran,SMA,bat,3,2019,2023,20.0,569.0,439.0,48.0,15.0,163.0,140.0,333.0,253.0,73.0,46.0,20.0,129.6127562642369,28.45,14.350797266514807,116.42857142857143,131.62055335968378,158.69565217391303,,,,,,,,,,,,,,,,,,,,,15,0.44945838461470766,0.6666666666666666,0.2996389230764717,68.93617021276596,2,Run accumulators
119678fd,119678fd,KV Sharma,SMA,bat,6,2016,2023,34.0,530.0,382.0,44.0,24.0,42.0,36.0,189.0,163.0,299.0,183.0,34.0,138.7434554973822,15.588235294117647,17.801047120418847,116.66666666666667,115.95092024539878,163.38797814207652,,,,,,,,,,,,,,,,,,,,,15,0.0944118657107812,0.7727272727272727,0.07295462350378541,56.17021276595745,3,Balanced batting group
1399b39c,1399b39c,Anmolpreet Singh,SMA,bat,5,2018,2023,33.0,954.0,678.0,85.0,37.0,201.0,177.0,498.0,384.0,255.0,117.0,33.0,140.7079646017699,28.90909090909091,17.99410029498525,113.55932203389831,129.6875,217.94871794871793,,,,,,,,,,,,,,,,,,,,,15,0.8914893090644584,0.7674418604651163,0.684166213933189,85.95744680851064,2,Run accumulators
145903a5,145903a5,Arjit Gupta,SMA,bat,3,2019,2022,15.0,252.0,184.0,17.0,18.0,24.0,18.0,152.0,115.0,76.0,51.0,15.0,136.95652173913044,16.8,19.021739130434785,133.33333333333331,132.17391304347825,149.01960784313727,,,,,,,,,,,,,,,,,,,,,15,0.18633735434381768,0.6,0.11180241260629051,57.87234042553191,2,Run accumulators
145c2a1f,145c2a1f,Govinda Poddar,SMA,bat,4,2016,2021,19.0,438.0,347.0,39.0,16.0,127.0,136.0,245.0,176.0,66.0,35.0,19.0,126.22478386167147,23.05263157894737,15.85014409221902,93.38235294117648,139.20454545454547,188.57142857142856,,,,,,,,,,,,,,,,,,,,,15,0.1516512844310635,0.6551724137931034,0.09935773807552427,57.02127659574469,2,Run accumulators
15bbe51b,15bbe51b,Lalhmangaiha,SMA,bat,3,2019,2022,20.0,240.0,338.0,32.0,2.0,145.0,201.0,69.0,114.0,26.0,23.0,20.0,71.00591715976331,12.0,10.059171597633137,72.13930348258707,60.526315789473685,113.04347826086956,,,,,,,,,,,,,,,,,,,,,15,-1.917357495180301,0.6666666666666666,-1.2782383301202005,2.9787234042553195,1,Low-output batting group
1ac746c8,1ac746c8,Atharva Taide,SMA,bat,4,2019,2024,25.0,631.0,505.0,70.0,18.0,453.0,361.0,178.0,144.0,0.0,0.0,25.0,124.95049504950495,25.24,17.425742574257423,125.48476454293629,123.61111111111111,,,,,,,,,,,,,,,,,,,,,,15,0.32686283427908625,0.7142857142857143,0.2334734530564901,66.38297872340425,2,Run accumulators
1b7c4d69,1b7c4d69,M Mohammed,SMA,bat,3,2018,2021,16.0,110.0,63.0,8.0,7.0,14.0,8.0,0.0,0.0,96.0,55.0,16.0,174.6031746031746,6.875,23.809523809523807,175.0,,174.54545454545453,,,,,,,,,,,,,,,,,,,,,15,0.6612327144860094,0.6153846153846154,0.406912439683698,76.59574468085107,0,High-impact power hitters
1c17e270,1c17e270,RV Uthappa,SMA,bat,4,2016,2021,29.0,766.0,584.0,69.0,34.0,326.0,257.0,327.0,249.0,113.0,78.0,29.0,131.16438356164383,26.413793103448278,17.636986301369863,126.84824902723734,131.32530120481925,144.87179487179486,,,,,,,,,,,,,,,,,,,,,15,0.5335742214925118,0.7435897435897436,0.39676031854571386,75.74468085106383,2,Run accumulators
1dc12ab9,1dc12ab9,SK Raina,SMA,bat,4,2016,2021,23.0,630.0,465.0,53.0,25.0,203.0,136.0,331.0,267.0,96.0,62.0,23.0,135.48387096774192,27.391304347826086,16.7741935483871,149.26470588235296,123.97003745318351,154.83870967741936,,,,,,,,,,,,,,,,,,,,,15,0.6354286693562035,0.696969696969697,0.4428745271270509,77.4468085106383,2,Run accumulators
1e66c162,1e66c162,JD Unadkat,SMA,bat,6,2016,2024,23.0,282.0,180.0,19.0,17.0,0.0,0.0,66.0,57.0,216.0,123.0,23.0,156.66666666666666,12.26086956521739,20.0,,115.78947368421053,175.609756097561,,,,,,,,,,,,,,,,,,,,,15,0.3947468514342456,0.696969696969697,0.2751265934238681,68.08510638297872,2,Run accumulators
1f0b8f44,1f0b8f44,Prashanth Kumar,SMA,bat,4,2016,2021,19.0,281.0,274.0,22.0,9.0,71.0,102.0,158.0,146.0,52.0,26.0,19.0,102.55474452554745,14.789473684210526,11.313868613138686,69.6078431372549,108.21917808219179,200.0,,,,,,,,,,,,,,,,,,,,,15,-1.0362364927520638,0.6551724137931034,-0.6789135642168694,8.51063829787234,3,Balanced batting group
1f3febed,1f3febed,Dikshanshu Negi,SMA,bat,3,2019,2022,17.0,318.0,282.0,31.0,7.0,39.0,38.0,173.0,173.0,106.0,71.0,17.0,112.7659574468085,18.705882352941178,13.47517730496454,102.63157894736842,100.0,149.29577464788733,,,,,,,,,,,,,,,,,,,,,15,-0.4937834868416575,0.6296296296296297,-0.31090071393734003,24.25531914893617,3,Balanced batting group
239f7526,239f7526,Parth Sahani,SMA,bat,6,2016,2023,34.0,743.0,598.0,51.0,30.0,38.0,66.0,474.0,384.0,231.0,148.0,34.0,124.24749163879598,21.852941176470587,13.54515050167224,57.57575757575758,123.4375,156.08108108108107,,,,,,,,,,,,,,,,,,,,,15,-0.07319122458971922,0.7727272727272727,-0.05655685536478309,44.25531914893617,3,Balanced batting group
2461eef2,2461eef2,PA Reddy,SMA,bat,3,2016,2019,20.0,532.0,393.0,47.0,20.0,296.0,234.0,198.0,138.0,38.0,21.0,20.0,135.36895674300254,26.6,17.048346055979643,126.49572649572649,143.47826086956522,180.95238095238096,,,,,,,,,,,,,,,,,,,,,15,0.6025128240852065,0.6666666666666666,0.40167521605680423,76.17021276595744,2,Run accumulators
26989d80,26989d80,Shashank Singh,SMA,bat,6,2016,2023,24.0,366.0,297.0,29.0,13.0,65.0,54.0,161.0,164.0,140.0,79.0,24.0,123.23232323232322,15.25,14.14141414141414,120.37037037037037,98.17073170731707,177.2151898734177,,,,,,,,,,,,,,,,,,,,,15,-0.43428213440093133,0.7058823529411765,-0.30655209487124574,25.106382978723403,3,Balanced batting group
26a85969,26a85969,R Dhawan,SMA,bat,4,2018,2022,25.0,413.0,315.0,39.0,13.0,7.0,9.0,174.0,162.0,232.0,144.0,25.0,131.11111111111111,16.52,16.507936507936506,77.77777777777779,107.40740740740742,161.11111111111111,,,,,,,,,,,,,,,,,,,,,15,-0.0786355918761483,0.7142857142857143,-0.05616827991153457,45.1063829787234,3,Balanced batting group
26d76ad9,26d76ad9,Virat Singh,SMA,bat,4,2016,2021,36.0,1236.0,948.0,112.0,40.0,333.0,292.0,605.0,503.0,298.0,153.0,36.0,130.37974683544306,34.333333333333336,16.033755274261605,114.04109589041096,120.27833001988071,194.77124183006535,,,,,,,,,,,,,,,,,,,,,15,0.8799142380915306,0.782608695652174,0.6886285341585892,86.38297872340426,2,Run accumulators
26e5cabf,26e5cabf,MK Tiwary,SMA,bat,4,2016,2021,27.0,506.0,442.0,31.0,18.0,53.0,68.0,336.0,285.0,117.0,89.0,27.0,114.47963800904976,18.74074074074074,11.085972850678733,77.94117647058823,117.89473684210525,131.46067415730337,,,,,,,,,,,,,,,,,,,,,15,-0.5763128898100615,0.7297297297297297,-0.42055264932085573,17.872340425531917,3,Balanced batting group
271f83cd,271f83cd,SA Yadav,SMA,bat,5,2016,2024,40.0,1124.0,726.0,117.0,44.0,122.0,117.0,648.0,400.0,354.0,209.0,40.0,154.82093663911846,28.1,22.176308539944902,104.27350427350429,162.0,169.377990430622,,,,,,,,,,,,,,,,,,,,,15,1.3529345535889585,0.8,1.082347642871167,98.72340425531915,2,Run accumulators
2728e7e9,2728e7e9,P Dogra,SMA,bat,5,2016,2022,31.0,943.0,722.0,59.0,52.0,133.0,126.0,647.0,508.0,163.0,88.0,31.0,130.6094182825485,30.419354838709676,15.373961218836566,105.55555555555556,127.36220472440945,185.22727272727272,,,,,,,,,,,,,,,,,,,,,15,0.6322401626615258,0.7560975609756098,0.4780352449392024,78.29787234042553,2,Run accumulators
28c78fb3,28c78fb3,Harpreet Singh,SMA,bat,7,2016,2024,34.0,1181.0,899.0,102.0,42.0,222.0,230.0,691.0,548.0,268.0,121.0,34.0,131.36818687430477,34.73529411764706,16.017797552836484,96.52173913043478,126.09489051094891,221.48760330578514,,,,,,,,,,,,,,,,,,,,,15,0.9223544717567459,0.7727272727272727,0.7127284554483945,87.2340425531915,2,Run accumulators
297b26da,297b26da,Yashpal Singh,SMA,bat,3,2016,2019,20.0,547.0,463.0,57.0,10.0,78.0,70.0,307.0,284.0,162.0,109.0,20.0,118.1425485961123,27.35,14.47084233261339,111.42857142857143,108.09859154929578,148.62385321100916,,,,,,,,,,,,,,,,,,,,,15,0.1533439388977878,0.6666666666666666,0.10222929259852512,57.446808510638306,3,Balanced batting group
29e95537,29e95537,AM Rahane,SMA,bat,5,2019,2024,20.0,682.0,489.0,73.0,19.0,314.0,232.0,310.0,215.0,58.0,42.0,20.0,139.46830265848672,34.1,18.813905930470348,135.3448275862069,144.1860465116279,138.0952380952381,,,,,,,,,,,,,,,,,,,,,15,1.19757242576313,0.6666666666666666,0.7983816171754198,91.06382978723404,2,Run accumulators
2bbab579,2bbab579,Arpit Vasavada,SMA,bat,4,2016,2021,20.0,395.0,318.0,36.0,10.0,84.0,67.0,205.0,181.0,106.0,70.0,20.0,124.21383647798743,19.75,14.465408805031446,125.37313432835822,113.2596685082873,151.42857142857142,,,,,,,,,,,,,,,,,,,,,15,-0.14530726984869347,0.6666666666666666,-0.09687151323246239,40.85106382978723,3,Balanced batting group
2c25d4f5,2c25d4f5,D Padikkal,SMA,bat,3,2019,2023,24.0,780.0,553.0,82.0,35.0,392.0,293.0,350.0,239.0,38.0,21.0,24.0,141.0488245931284,32.5,21.15732368896926,133.78839590443684,146.44351464435147,180.95238095238096,,,,,,,,,,,,,,,,,,,,,15,1.2592101173087693,0.7058823529411765,0.8888542004532489,94.8936170212766,2,Run accumulators
2e171977,2e171977,AR Patel,SMA,bat,3,2018,2021,18.0,484.0,378.0,39.0,15.0,28.0,26.0,327.0,269.0,129.0,83.0,18.0,128.04232804232805,26.88888888888889,14.285714285714285,107.6923076923077,121.56133828996283,155.42168674698794,,,,,,,,,,,,,,,,,,,,,15,0.3258001449670834,0.6428571428571429,0.20944295033598215,64.25531914893618,3,Balanced batting group
2e802011,2e802011,Vishnu Solanki,SMA,bat,6,2018,2024,39.0,834.0,703.0,66.0,28.0,150.0,181.0,399.0,368.0,285.0,154.0,39.0,118.63442389758178,21.384615384615383,13.371266002844951,82.87292817679558,108.42391304347827,185.06493506493507,,,,,,,,,,,,,,,,,,,,,15,-0.22590367222489052,0.7959183673469388,-0.17980088197491292,34.04255319148936,3,Balanced batting group
2f48362d,2f48362d,Amit Sinha,SMA,bat,4,2016,2021,18.0,318.0,303.0,18.0,13.0,13.0,29.0,170.0,187.0,135.0,87.0,18.0,104.95049504950495,17.666666666666668,10.231023102310232,44.827586206896555,90.9090909090909,155.17241379310346,,,,,,,,,,,,,,,,,,,,,15,-0.8794093813994,0.6428571428571429,-0.5653346023281859,12.340425531914894,3,Balanced batting group
2fcb040c,2fcb040c,Rajat Paliwal,SMA,bat,4,2016,2021,27.0,521.0,446.0,42.0,3.0,42.0,40.0,373.0,331.0,106.0,75.0,27.0,116.81614349775784,19.296296296296298,10.089686098654708,105.0,112.68882175226587,141.33333333333334,,,,,,,,,,,,,,,,,,,,,15,-0.5464085958923535,0.7297297297297297,-0.3987305970025283,20.0,3,Balanced batting group
310bddc0,310bddc0,Punit Bisht,SMA,bat,2,2019,2021,20.0,487.0,305.0,52.0,23.0,143.0,109.0,208.0,143.0,136.0,53.0,20.0,159.67213114754097,24.35,24.59016393442623,131.1926605504587,145.45454545454547,256.60377358490564,,,,,,,,,,,,,,,,,,,,,15,1.3662850373166724,0.6666666666666666,0.9108566915444481,95.31914893617022,2,Run accumulators
31ee319e,31ee319e,Ajay Mandal,SMA,bat,5,2018,2023,20.0,217.0,188.0,17.0,8.0,3.0,4.0,50.0,83.0,164.0,101.0,20.0,115.42553191489363,10.85,13.297872340425531,75.0,60.24096385542169,162.3762376237624,,,,,,,,,,,,,,,,,,,,,15,-0.8869797688826109,0.6666666666666666,-0.5913198459217407,11.48936170212766,3,Balanced batting group
33ffc3dd,33ffc3dd,R Sanjay Yadav,SMA,bat,4,2018,2023,23.0,483.0,392.0,26.0,26.0,17.0,21.0,289.0,245.0,177.0,126.0,23.0,123.21428571428572,21.0,13.26530612244898,80.95238095238095,117.95918367346938,140.47619047619045,,,,,,,,,,,,,,,,,,,,,15,-0.1567403062041685,0.696969696969697,-0.10924324371805692,40.0,3,Balanced batting group
34819e70,34819e70,Samarth Vyas,SMA,bat,4,2019,2023,22.0,512.0,352.0,45.0,30.0,162.0,117.0,270.0,191.0,80.0,44.0,22.0,145.45454545454547,23.272727272727273,21.306818181818183,138.46153846153845,141.36125654450262,181.8181818181818,,,,,,,,,,,,,,,,,,,,,15,0.8422885029985366,0.6875,0.5790733458114938,82.12765957446808,2,Run accumulators
35eb75af,35eb75af,Chirag Gandhi,SMA,bat,6,2016,2023,35.0,735.0,615.0,53.0,22.0,59.0,75.0,349.0,333.0,327.0,207.0,35.0,119.51219512195121,21.0,12.195121951219512,78.66666666666666,104.8048048048048,157.97101449275362,,,,,,,,,,,,,,,,,,,,,15,-0.28831901798699167,0.7777777777777778,-0.22424812510099357,31.48936170212766,3,Balanced batting group
37fec668,37fec668,Damodaran Rohit,SMA,bat,3,2019,2022,25.0,405.0,408.0,49.0,10.0,274.0,284.0,128.0,120.0,3.0,4.0,25.0,99.26470588235294,16.2,14.460784313725492,96.47887323943662,106.66666666666667,75.0,,,,,,,,,,,,,,,,,,,,,15,-0.8676147635600322,0.7142857142857143,-0.6197248311143089,9.787234042553191,1,Low-output batting group
38c0d699,38c0d699,Nakul Verma,SMA,bat,5,2016,2023,24.0,495.0,463.0,51.0,4.0,319.0,280.0,172.0,172.0,4.0,11.0,24.0,106.91144708423326,20.625,11.879049676025918,113.92857142857142,100.0,36.36363636363637,,,,,,,,,,,,,,,,,,,,,15,-0.5895142536951629,0.7058823529411765,-0.4161277084907033,18.72340425531915,1,Low-output batting group
39a2dfa8,39a2dfa8,R Tewatia,SMA,bat,5,2018,2023,29.0,593.0,371.0,61.0,23.0,1.0,1.0,187.0,145.0,405.0,225.0,29.0,159.83827493261455,20.448275862068964,22.641509433962266,100.0,128.9655172413793,180.0,,,,,,,,,,,,,,,,,,,,,15,1.0530038853186117,0.7435897435897436,0.7830028890830701,90.2127659574468,2,Run accumulators
3a0dc16e,3a0dc16e,Snehal Kauthankar,SMA,bat,4,2016,2022,20.0,392.0,365.0,39.0,5.0,130.0,139.0,219.0,196.0,43.0,30.0,20.0,107.3972602739726,19.6,12.054794520547945,93.5251798561151,111.73469387755102,143.33333333333334,,,,,,,,,,,,,,,,,,,,,15,-0.6278818697873575,0.6666666666666666,-0.4185879131915717,18.29787234042553,3,Balanced batting group
3b30b8c4,3b30b8c4,Amit Verma,SMA,bat,3,2016,2021,21.0,446.0,344.0,28.0,24.0,65.0,68.0,259.0,217.0,122.0,59.0,21.0,129.6511627906977,21.238095238095237,15.11627906976744,95.58823529411765,119.35483870967742,206.77966101694915,,,,,,,,,,,,,,,,,,,,,15,0.08488151035550921,0.6774193548387096,0.057500377982764216,54.46808510638298,2,Run accumulators
3bc10d5b,3bc10d5b,Pankaj Jaswal,SMA,bat,5,2016,2022,21.0,191.0,110.0,8.0,17.0,0.0,0.0,22.0,22.0,169.0,88.0,21.0,173.63636363636363,9.095238095238095,22.727272727272727,,100.0,192.04545454545453,,,,,,,,,,,,,,,,,,,,,15,0.7107727010545163,0.6774193548387096,0.4814911845853174,78.72340425531915,2,Run accumulators
3c6ffae8,3c6ffae8,YK Pathan,SMA,bat,2,2016,2019,23.0,354.0,353.0,22.0,11.0,1.0,4.0,169.0,229.0,184.0,120.0,23.0,100.28328611898016,15.391304347826088,9.34844192634561,25.0,73.7991266375546,153.33333333333334,,,,,,,,,,,,,,,,,,,,,15,-1.149223772516508,0.696969696969697,-0.8009741444812027,7.659574468085106,1,Low-output batting group
3d8348d0,3d8348d0,Sibsankar Roy,SMA,bat,4,2016,2023,20.0,528.0,423.0,58.0,11.0,194.0,175.0,285.0,212.0,49.0,36.0,20.0,124.822695035461,26.4,16.312056737588655,110.85714285714286,134.43396226415095,136.11111111111111,,,,,,,,,,,,,,,,,,,,,15,0.33302628753812274,0.6666666666666666,0.22201752502541508,64.68085106382979,3,Balanced batting group
40c1eeeb,40c1eeeb,Aniruddha Joshi,SMA,bat,3,2016,2021,17.0,370.0,284.0,28.0,13.0,9.0,13.0,117.0,132.0,244.0,139.0,17.0,130.2816901408451,21.764705882352942,14.43661971830986,69.23076923076923,88.63636363636364,175.53956834532374,,,,,,,,,,,,,,,,,,,,,15,0.09334585447059726,0.6296296296296297,0.05877331577778337,54.8936170212766,3,Balanced batting group
40caa465,40caa465,T Kohli,SMA,bat,3,2019,2022,26.0,812.0,722.0,85.0,16.0,366.0,363.0,335.0,282.0,111.0,77.0,26.0,112.46537396121883,31.23076923076923,13.988919667590027,100.82644628099173,118.79432624113475,144.15584415584414,,,,,,,,,,,,,,,,,,,,,15,0.22736942759068657,0.7222222222222222,0.16421125325994024,60.851063829787236,3,Balanced batting group
4125d931,4125d931,J Suchith,SMA,bat,3,2016,2021,20.0,204.0,153.0,17.0,7.0,0.0,0.0,41.0,45.0,163.0,108.0,20.0,133.33333333333331,10.2,15.686274509803921,,91.11111111111111,150.92592592592592,,,,,,,,,,,,,,,,,,,,,15,-0.4274506413436506,0.6666666666666666,-0.28496709422910044,26.80851063829787,3,Balanced batting group
41eb4a4f,41eb4a4f,R Vinay Kumar,SMA,bat,3,2016,2019,18.0,261.0,207.0,17.0,13.0,5.0,4.0,79.0,79.0,177.0,124.0,18.0,126.08695652173914,14.5,14.492753623188406,125.0,100.0,142.74193548387098,,,,,,,,,,,,,,,,,,,,,15,-0.3987174498515863,0.6428571428571429,-0.25631836061887703,29.78723404255319,3,Balanced batting group
4312e8f9,4312e8f9,A Sheth,SMA,bat,6,2018,2024,24.0,215.0,168.0,18.0,7.0,13.0,10.0,20.0,35.0,182.0,123.0,24.0,127.97619047619047,8.958333333333334,14.880952380952381,130.0,57.14285714285714,147.96747967479675,,,,,,,,,,,,,,,,,,,,,15,-0.649939193754023,0.7058823529411765,-0.458780607355781,16.595744680851062,3,Balanced batting group
44a89551,44a89551,KS Bharat,SMA,bat,6,2016,2023,32.0,524.0,481.0,47.0,21.0,293.0,304.0,207.0,163.0,24.0,14.0,32.0,108.93970893970895,16.375,14.137214137214137,96.38157894736842,126.99386503067484,171.42857142857142,,,,,,,,,,,,,,,,,,,,,15,-0.6712194508304419,0.7619047619047619,-0.511405295870813,13.617021276595745,3,Balanced batting group
45a43fe2,45a43fe2,RD Gaikwad,SMA,bat,3,2018,2021,34.0,1132.0,816.0,113.0,39.0,601.0,460.0,485.0,325.0,46.0,31.0,34.0,138.72549019607843,33.294117647058826,18.627450980392158,130.65217391304347,149.23076923076923,148.38709677419354,,,,,,,,,,,,,,,,,,,,,15,1.1274563457379436,0.7727272727272727,0.8712162671611381,93.61702127659575,2,Run accumulators
4948a916,4948a916,Ashutosh Aman,SMA,bat,3,2019,2022,16.0,102.0,131.0,4.0,2.0,0.0,0.0,32.0,52.0,70.0,79.0,16.0,77.86259541984732,6.375,4.580152671755725,,61.53846153846154,88.60759493670885,,,,,,,,,,,,,,,,,,,,,15,-2.3647909009771264,0.6153846153846154,-1.455255939062847,1.702127659574468,1,Low-output batting group
4a15018a,4a15018a,Harsh Tyagi,SMA,bat,5,2019,2024,20.0,276.0,207.0,21.0,14.0,0.0,0.0,96.0,84.0,180.0,123.0,20.0,133.33333333333331,13.8,16.908212560386474,,114.28571428571428,146.34146341463415,,,,,,,,,,,,,,,,,,,,,15,-0.16421379269280778,0.6666666666666666,-0.10947586179520527,39.57446808510638,3,Balanced batting group
4ae89f36,4ae89f36,Mohammed Azharuddeen,SMA,bat,4,2016,2022,27.0,436.0,384.0,35.0,18.0,198.0,198.0,138.0,111.0,100.0,75.0,27.0,113.54166666666667,16.14814814814815,13.802083333333334,100.0,124.32432432432432,133.33333333333331,,,,,,,,,,,,,,,,,,,,,15,-0.6043064875723166,0.7297297297297297,-0.4409804098500689,17.4468085106383,3,Balanced batting group
4af886ed,4af886ed,Lakshay Garg,SMA,bat,5,2016,2022,23.0,171.0,142.0,13.0,9.0,50.0,31.0,28.0,36.0,93.0,75.0,23.0,120.4225352112676,7.434782608695652,15.492957746478872,161.29032258064515,77.77777777777779,124.0,,,,,,,,,,,,,,,,,,,,,15,-0.8628455249540573,0.696969696969697,-0.6013771840588886,10.638297872340425,3,Balanced batting group
4c450aee,4c450aee,Narsingh Yadav,SMA,bat,2,2019,2021,16.0,168.0,212.0,13.0,5.0,84.0,124.0,82.0,82.0,2.0,6.0,16.0,79.24528301886792,10.5,8.49056603773585,67.74193548387096,100.0,33.33333333333333,,,,,,,,,,,,,,,,,,,,,15,-1.907644952130237,0.6153846153846154,-1.173935355157069,4.25531914893617,1,Low-output batting group
4cfda770,4cfda770,Lalhruaizela,SMA,bat,4,2019,2023,24.0,207.0,370.0,12.0,3.0,47.0,111.0,85.0,170.0,75.0,89.0,24.0,55.945945945945944,8.625,4.054054054054054,42.34234234234234,50.0,84.26966292134831,,,,,,,,,,,,,,,,,,,,,15,-2.7249069661736094,0.7058823529411765,-1.9234637408284303,0.425531914893617,1,Low-output batting group
4d5a1617,4d5a1617,R Bishnoi,SMA,bat,4,2016,2021,21.0,326.0,270.0,21.0,20.0,84.0,63.0,163.0,154.0,79.0,53.0,21.0,120.74074074074075,15.523809523809524,15.185185185185185,133.33333333333331,105.84415584415585,149.0566037735849,,,,,,,,,,,,,,,,,,,,,15,-0.41858969820921765,0.6774193548387096,-0.28356076330301844,27.23404255319149,3,Balanced batting group
4ed49d3d,4ed49d3d,AA Herwadkar,SMA,bat,4,2016,2022,17.0,465.0,414.0,48.0,10.0,284.0,244.0,134.0,140.0,47.0,30.0,17.0,112.31884057971016,27.352941176470587,14.009661835748794,116.39344262295081,95.71428571428572,156.66666666666666,,,,,,,,,,,,,,,,,,,,,15,0.008131016668531221,0.6296296296296297,0.005119529013519565,48.93617021276596,3,Balanced batting group
52cb36a0,52cb36a0,Manisankar Murasingh,SMA,bat,6,2016,2023,32.0,535.0,373.0,32.0,31.0,35.0,24.0,226.0,213.0,274.0,136.0,32.0,143.43163538873995,16.71875,16.890080428954423,145.83333333333331,106.10328638497653,201.47058823529412,,,,,,,,,,,,,,,,,,,,,15,0.21014063007331138,0.7619047619047619,0.16010714672252288,60.42553191489362,2,Run accumulators
53f27a35,53f27a35,BB Samantray,SMA,bat,4,2016,2021,19.0,396.0,309.0,30.0,17.0,64.0,67.0,188.0,169.0,144.0,73.0,19.0,128.15533980582526,20.842105263157894,15.210355987055015,95.52238805970148,111.24260355029585,197.26027397260273,,,,,,,,,,,,,,,,,,,,,15,0.036072392121601335,0.6551724137931034,0.023633636217600788,50.638297872340424,3,Balanced batting group
541f85c9,541f85c9,SP Goswami,SMA,bat,5,2016,2022,35.0,1131.0,799.0,136.0,24.0,630.0,447.0,437.0,303.0,64.0,49.0,35.0,141.55193992490612,32.31428571428572,20.02503128911139,140.93959731543623,144.22442244224422,130.6122448979592,,,,,,,,,,,,,,,,,,,,,15,1.2022889532124068,0.7777777777777778,0.9351136302763164,96.17021276595744,2,Run accumulators
5663eaa5,5663eaa5,N A Sharma,SMA,bat,3,2019,2022,15.0,211.0,171.0,15.0,9.0,18.0,20.0,131.0,99.0,62.0,52.0,15.0,123.39181286549707,14.066666666666666,14.035087719298245,90.0,132.32323232323233,119.23076923076923,,,,,,,,,,,,,,,,,,,,,15,-0.5025790956424538,0.6,-0.3015474573854724,25.53191489361702,3,Balanced batting group
5708d0b6,5708d0b6,AV Wankhade,SMA,bat,6,2016,2024,32.0,835.0,612.0,45.0,40.0,18.0,21.0,371.0,324.0,446.0,267.0,32.0,136.43790849673204,26.09375,13.88888888888889,85.71428571428571,114.50617283950618,167.04119850187266,,,,,,,,,,,,,,,,,,,,,15,0.43733064606392924,0.7619047619047619,0.33320430176299365,71.06382978723404,3,Balanced batting group
58588e5a,58588e5a,Shubham Chaubey,SMA,bat,4,2016,2023,15.0,182.0,151.0,10.0,9.0,24.0,23.0,71.0,80.0,87.0,48.0,15.0,120.52980132450331,12.133333333333333,12.582781456953644,104.34782608695652,88.75,181.25,,,,,,,,,,,,,,,,,,,,,15,-0.7440924373398752,0.6,-0.4464554624039252,17.02127659574468,3,Balanced batting group
59da1e8a,59da1e8a,Kangabam Singh,SMA,bat,4,2019,2023,17.0,217.0,290.0,17.0,5.0,41.0,70.0,110.0,154.0,66.0,66.0,17.0,74.82758620689656,12.764705882352942,7.586206896551724,58.57142857142858,71.42857142857143,100.0,,,,,,,,,,,,,,,,,,,,,15,-1.919019094548671,0.6296296296296297,-1.208271281752867,3.404255319148936,1,Low-output batting group
5b627626,5b627626,B Aparajith,SMA,bat,5,2016,2023,27.0,580.0,530.0,38.0,18.0,150.0,159.0,353.0,314.0,77.0,57.0,27.0,109.43396226415094,21.48148148148148,10.566037735849058,94.33962264150944,112.4203821656051,135.08771929824562,,,,,,,,,,,,,,,,,,,,,15,-0.5548166914208819,0.7297297297297297,-0.40486623428010304,19.574468085106382,3,Balanced batting group
5b8c830e,5b8c830e,KH Pandya,SMA,bat,6,2018,2024,28.0,598.0,482.0,55.0,15.0,75.0,93.0,311.0,275.0,212.0,114.0,28.0,124.06639004149378,21.357142857142858,14.522821576763487,80.64516129032258,113.0909090909091,185.96491228070175,,,,,,,,,,,,,,,,,,,,,15,-0.05548402658367013,0.7368421052631579,-0.04088296695638858,45.95744680851064,3,Balanced batting group
5f39537c,5f39537c,Ravi Teja,SMA,bat,4,2018,2022,16.0,155.0,128.0,11.0,6.0,9.0,11.0,38.0,41.0,108.0,76.0,16.0,121.09375,9.6875,13.28125,81.81818181818183,92.6829268292683,142.10526315789474,,,,,,,,,,,,,,,,,,,,,15,-0.8340609508164933,0.6153846153846154,-0.5132682774255345,13.191489361702127,3,Balanced batting group
6033d30a,6033d30a,Ritwik Roy Chowdhury,SMA,bat,4,2019,2024,16.0,237.0,184.0,23.0,7.0,31.0,19.0,115.0,99.0,91.0,66.0,16.0,128.80434782608697,14.8125,16.304347826086957,163.1578947368421,116.16161616161615,137.87878787878788,,,,,,,,,,,,,,,,,,,,,15,-0.23291677861477642,0.6153846153846154,-0.14333340222447788,37.4468085106383,3,Balanced batting group
60500956,60500956,RV Patel,SMA,bat,4,2019,2023,17.0,295.0,198.0,22.0,17.0,51.0,29.0,57.0,78.0,187.0,91.0,17.0,148.989898989899,17.352941176470587,19.696969696969695,175.86206896551724,73.07692307692307,205.49450549450546,,,,,,,,,,,,,,,,,,,,,15,0.5037032673096615,0.6296296296296297,0.31714650163941643,70.2127659574468,2,Run accumulators
60c6038a,60c6038a,Ashish Thapa,SMA,bat,2,2019,2021,18.0,170.0,291.0,10.0,1.0,89.0,148.0,69.0,128.0,12.0,15.0,18.0,58.4192439862543,9.444444444444445,3.7800687285223367,60.13513513513513,53.90625,80.0,,,,,,,,,,,,,,,,,,,,,15,-2.640947081754066,0.6428571428571429,-1.6977516954133283,0.851063829787234,1,Low-output batting group
61a3c20c,61a3c20c,Palzor Tamang,SMA,bat,2,2019,2021,18.0,107.0,166.0,13.0,1.0,0.0,5.0,43.0,94.0,64.0,67.0,18.0,64.45783132530121,5.944444444444445,8.433734939759036,0.0,45.744680851063826,95.52238805970148,,,,,,,,,,,,,,,,,,,,,15,-2.475800492863717,0.6428571428571429,-1.5915860311266754,1.276595744680851,1,Low-output batting group
62dad180,62dad180,KB Pawan,SMA,bat,2,2019,2021,20.0,473.0,418.0,35.0,17.0,72.0,65.0,279.0,273.0,122.0,80.0,20.0,113.1578947368421,23.65,12.440191387559809,110.76923076923077,102.19780219780219,152.5,,,,,,,,,,,,,,,,,,,,,15,-0.26079185631673363,0.6666666666666666,-0.17386123754448915,34.46808510638298,3,Balanced batting group
62e07f92,62e07f92,KH Devdhar,SMA,bat,4,2016,2021,45.0,1432.0,1175.0,165.0,31.0,777.0,660.0,499.0,430.0,156.0,85.0,45.0,121.87234042553192,31.822222222222223,16.680851063829788,117.72727272727272,116.04651162790698,183.52941176470588,,,,,,,,,,,,,,,,,,,,,15,0.5934579914779864,0.8181818181818182,0.4855565384819888,79.57446808510639,2,Run accumulators
645eaa96,645eaa96,Wasiqur Rahman,SMA,bat,4,2016,2022,15.0,95.0,112.0,3.0,4.0,3.0,17.0,35.0,47.0,57.0,48.0,15.0,84.82142857142857,6.333333333333333,6.25,17.647058823529413,74.46808510638297,118.75,,,,,,,,,,,,,,,,,,,,,15,-2.1370223135004447,0.6,-1.2822133881002669,2.553191489361702,1,Low-output batting group
663b5e34,663b5e34,PN Mankad,SMA,bat,6,2016,2024,29.0,681.0,478.0,68.0,24.0,80.0,57.0,382.0,300.0,219.0,121.0,29.0,142.46861924686192,23.482758620689655,19.246861924686193,140.35087719298244,127.33333333333334,180.99173553719007,,,,,,,,,,,,,,,,,,,,,15,0.6876070554262865,0.7435897435897436,0.5112975540349309,80.42553191489363,2,Run accumulators
673314ef,673314ef,Rohan Kadam,SMA,bat,2,2019,2021,25.0,995.0,761.0,112.0,27.0,438.0,362.0,448.0,342.0,109.0,57.0,25.0,130.74901445466492,39.8,18.265440210249672,120.99447513812154,130.99415204678363,191.2280701754386,,,,,,,,,,,,,,,,,,,,,15,1.3063471456844624,0.7142857142857143,0.9331051040603302,95.74468085106383,2,Run accumulators
69cbffb8,69cbffb8,Rajjakuddin Ahmed,SMA,bat,4,2018,2022,25.0,342.0,233.0,29.0,18.0,14.0,4.0,162.0,121.0,166.0,108.0,25.0,146.78111587982832,13.68,20.171673819742487,350.0,133.88429752066116,153.7037037037037,,,,,,,,,,,,,,,,,,,,,15,0.275572959177001,0.7142857142857143,0.19683782798357205,62.97872340425532,0,High-impact power hitters
6c19c6e5,6c19c6e5,YBK Jaiswal,SMA,bat,3,2021,2023,16.0,349.0,270.0,45.0,11.0,215.0,175.0,121.0,86.0,13.0,9.0,16.0,129.25925925925924,21.8125,20.74074074074074,122.85714285714286,140.69767441860466,144.44444444444443,,,,,,,,,,,,,,,,,,,,,15,0.3923214148439273,0.6153846153846154,0.24142856298087825,67.23404255319149,2,Run accumulators
6c6cc94c,6c6cc94c,Amandeep Khare,SMA,bat,5,2018,2023,28.0,758.0,654.0,54.0,23.0,161.0,177.0,356.0,341.0,241.0,136.0,28.0,115.90214067278288,27.071428571428573,11.773700305810397,90.96045197740112,104.39882697947213,177.20588235294116,,,,,,,,,,,,,,,,,,,,,15,-0.04518652795261202,0.7368421052631579,-0.03329533638613524,46.38297872340426,3,Balanced batting group
6eb146d2,6eb146d2,Gurkeerat Singh,SMA,bat,4,2018,2023,29.0,675.0,518.0,54.0,34.0,69.0,49.0,477.0,379.0,129.0,90.0,29.0,130.3088803088803,23.275862068965516,16.988416988416986,140.81632653061226,125.85751978891821,143.33333333333334,,,,,,,,,,,,,,,,,,,,,15,0.3071770560969049,0.7435897435897436,0.22841370837974972,65.95744680851064,2,Run accumulators
709b0bac,709b0bac,SS Tiwary,SMA,bat,4,2016,2021,31.0,656.0,514.0,51.0,25.0,105.0,77.0,361.0,331.0,190.0,106.0,31.0,127.62645914396886,21.161290322580644,14.785992217898833,136.36363636363635,109.06344410876132,179.24528301886792,,,,,,,,,,,,,,,,,,,,,15,0.021470727327972512,0.7560975609756098,0.016233964565052324,49.361702127659576,3,Balanced batting group
70a9b353,70a9b353,Rahul Buddhi,SMA,bat,3,2021,2023,15.0,237.0,188.0,22.0,6.0,8.0,3.0,105.0,107.0,124.0,78.0,15.0,126.06382978723406,15.8,14.893617021276595,266.66666666666663,98.13084112149532,158.97435897435898,,,,,,,,,,,,,,,,,,,,,15,-0.3061805463972579,0.6,-0.18370832783835483,33.61702127659574,0,High-impact power hitters
70d205c9,70d205c9,AT Rayudu,SMA,bat,4,2018,2022,24.0,555.0,434.0,38.0,23.0,102.0,84.0,293.0,256.0,160.0,94.0,24.0,127.88018433179724,23.125,14.055299539170507,121.42857142857142,114.453125,170.2127659574468,,,,,,,,,,,,,,,,,,,,,15,0.09995767024768783,0.7058823529411765,0.07055835546895604,55.74468085106383,3,Balanced batting group
73ad96ed,73ad96ed,DJ Hooda,SMA,bat,4,2016,2021,34.0,858.0,629.0,65.0,34.0,140.0,126.0,566.0,425.0,152.0,78.0,34.0,136.40699523052464,25.235294117647058,15.73926868044515,111.11111111111111,133.1764705882353,194.87179487179486,,,,,,,,,,,,,,,,,,,,,15,0.48186012976764414,0.7727272727272727,0.37234646391136134,73.19148936170212,2,Run accumulators
74bace71,74bace71,Hiten Dalal,SMA,bat,3,2019,2022,23.0,516.0,363.0,50.0,32.0,315.0,245.0,201.0,118.0,0.0,0.0,23.0,142.1487603305785,22.434782608695652,22.58953168044077,128.57142857142858,170.33898305084745,,,,,,,,,,,,,,,,,,,,,,15,0.7906756244956619,0.696969696969697,0.5510769504060673,81.27659574468085,2,Run accumulators
752f7486,752f7486,Ishan Kishan,SMA,bat,3,2018,2021,23.0,767.0,531.0,87.0,33.0,410.0,326.0,317.0,186.0,40.0,19.0,23.0,144.44444444444443,33.34782608695652,22.598870056497177,125.76687116564418,170.43010752688173,210.52631578947367,,,,,,,,,,,,,,,,,,,,,15,1.4505687452342446,0.696969696969697,1.0110024587996251,97.44680851063829,2,Run accumulators
77255a9e,77255a9e,RA Tripathi,SMA,bat,5,2016,2023,29.0,721.0,570.0,73.0,22.0,383.0,306.0,232.0,213.0,106.0,51.0,29.0,126.49122807017544,24.862068965517242,16.666666666666664,125.16339869281046,108.92018779342723,207.843137254902,,,,,,,,,,,,,,,,,,,,,15,0.2997464449116778,0.7435897435897436,0.22288838211381165,65.1063829787234,2,Run accumulators
783e6111,783e6111,Chirag Jani,SMA,bat,7,2016,2024,24.0,422.0,311.0,36.0,16.0,1.0,2.0,203.0,167.0,218.0,142.0,24.0,135.69131832797427,17.583333333333332,16.720257234726688,50.0,121.55688622754491,153.52112676056336,,,,,,,,,,,,,,,,,,,,,15,0.087681715871404,0.7058823529411765,0.06189297590922628,55.319148936170215,3,Balanced batting group
7b5b6311,7b5b6311,CV Milind,SMA,bat,4,2016,2022,21.0,175.0,129.0,15.0,7.0,19.0,17.0,33.0,39.0,123.0,73.0,21.0,135.65891472868216,8.333333333333334,17.05426356589147,111.76470588235294,84.61538461538461,168.49315068493152,,,,,,,,,,,,,,,,,,,,,15,-0.4142883039126076,0.6774193548387096,-0.28064691555370197,28.085106382978726,3,Balanced batting group
7ba6ef29,7ba6ef29,MN Singh,SMA,bat,3,2016,2021,17.0,218.0,200.0,17.0,9.0,170.0,165.0,48.0,35.0,0.0,0.0,17.0,109.00000000000001,12.823529411764707,13.0,103.03030303030303,137.14285714285714,,,,,,,,,,,,,,,,,,,,,,15,-0.9262033300599775,0.6296296296296297,-0.5831650596673933,11.914893617021278,3,Balanced batting group
7daedf2f,7daedf2f,KB Arun Karthik,SMA,bat,5,2016,2022,30.0,509.0,431.0,43.0,14.0,177.0,149.0,254.0,233.0,78.0,49.0,30.0,118.09744779582367,16.966666666666665,13.225058004640372,118.79194630872483,109.01287553648069,159.18367346938774,,,,,,,,,,,,,,,,,,,,,15,-0.49199903159245084,0.75,-0.3689992736943382,21.70212765957447,3,Balanced batting group
7dcb9bc9,7dcb9bc9,M Shahrukh Khan,SMA,bat,4,2016,2023,24.0,379.0,257.0,29.0,24.0,85.0,73.0,86.0,63.0,208.0,121.0,24.0,147.47081712062257,15.791666666666666,20.622568093385212,116.43835616438356,136.5079365079365,171.900826446281,,,,,,,,,,,,,,,,,,,,,15,0.43104506363103695,0.7058823529411765,0.30426710373955546,69.36170212765957,2,Run accumulators
800d2d97,800d2d97,JM Sharma,SMA,bat,6,2016,2024,41.0,979.0,670.0,100.0,43.0,423.0,343.0,311.0,212.0,245.0,115.0,41.0,146.11940298507463,23.878048780487806,21.343283582089555,123.32361516034986,146.69811320754718,213.0434782608696,,,,,,,,,,,,,,,,,,,,,15,0.8919758343955937,0.803921568627451,0.7170786119650852,87.65957446808511,2,Run accumulators
805b89d7,805b89d7,RP Sharma,SMA,bat,5,2016,2023,21.0,309.0,244.0,26.0,8.0,9.0,13.0,177.0,151.0,123.0,80.0,21.0,126.63934426229508,14.714285714285714,13.934426229508196,69.23076923076923,117.21854304635761,153.75,,,,,,,,,,,,,,,,,,,,,15,-0.40327086854620353,0.6774193548387096,-0.27318349159581534,28.510638297872344,3,Balanced batting group
80ffea17,80ffea17,Upendra Yadav,SMA,bat,4,2019,2023,23.0,537.0,449.0,46.0,19.0,168.0,156.0,221.0,212.0,148.0,81.0,23.0,119.59910913140313,23.347826086956523,14.476614699331849,107.6923076923077,104.24528301886792,182.71604938271605,,,,,,,,,,,,,,,,,,,,,15,-0.03999437823387164,0.696969696969697,-0.02787486967815304,46.808510638297875,3,Balanced batting group
8291f939,8291f939,AL Menaria,SMA,bat,3,2016,2022,15.0,232.0,208.0,27.0,5.0,121.0,97.0,91.0,94.0,20.0,17.0,15.0,111.53846153846155,15.466666666666667,15.384615384615385,124.74226804123711,96.80851063829788,117.64705882352942,,,,,,,,,,,,,,,,,,,,,15,-0.6047264893900149,0.6,-0.3628358936340091,22.5531914893617,3,Balanced batting group
839b6d2e,839b6d2e,Saurabh Rawat,SMA,bat,2,2019,2021,19.0,300.0,265.0,20.0,11.0,60.0,59.0,179.0,178.0,61.0,28.0,19.0,113.20754716981132,15.789473684210526,11.69811320754717,101.69491525423729,100.56179775280899,217.85714285714283,,,,,,,,,,,,,,,,,,,,,15,-0.7374485661185035,0.6551724137931034,-0.48315595711212306,15.319148936170212,3,Balanced batting group
84085032,84085032,Eknath Kerkar,SMA,bat,5,2018,2023,16.0,239.0,212.0,18.0,6.0,65.0,76.0,104.0,97.0,70.0,39.0,16.0,112.73584905660377,14.9375,11.320754716981133,85.52631578947368,107.21649484536083,179.4871794871795,,,,,,,,,,,,,,,,,,,,,15,-0.8140825758319109,0.6153846153846154,-0.5009738928196377,14.468085106382977,3,Balanced batting group
855a210c,855a210c,AP Tare,SMA,bat,5,2016,2022,42.0,1009.0,755.0,111.0,25.0,364.0,278.0,502.0,379.0,143.0,98.0,42.0,133.64238410596025,24.023809523809526,18.013245033112582,130.93525179856115,132.4538258575198,145.91836734693877,,,,,,,,,,,,,,,,,,,,,15,0.47063499378396983,0.8076923076923077,0.3801282642101294,74.46808510638297,2,Run accumulators
85e6ccde,85e6ccde,Babul Kumar,SMA,bat,3,2019,2022,22.0,461.0,403.0,54.0,9.0,220.0,183.0,193.0,184.0,48.0,36.0,22.0,114.39205955334988,20.954545454545453,15.632754342431761,120.21857923497268,104.8913043478261,133.33333333333331,,,,,,,,,,,,,,,,,,,,,15,-0.22497948400710596,0.6875,-0.15467339525488544,36.59574468085106,3,Balanced batting group
85ec8e33,85ec8e33,SS Iyer,SMA,bat,5,2016,2024,34.0,1213.0,821.0,101.0,64.0,355.0,270.0,664.0,456.0,194.0,95.0,34.0,147.7466504263094,35.6764705882353,20.09744214372716,131.4814814814815,145.61403508771932,204.21052631578948,,,,,,,,,,,,,,,,,,,,,15,1.5241802105026923,0.7727272727272727,1.1777756172066258,99.14893617021276,2,Run accumulators
86a98b15,86a98b15,Shubham Pundir,SMA,bat,4,2018,2023,21.0,452.0,401.0,42.0,12.0,53.0,68.0,284.0,262.0,115.0,71.0,21.0,112.71820448877806,21.523809523809526,13.466334164588527,77.94117647058823,108.3969465648855,161.9718309859155,,,,,,,,,,,,,,,,,,,,,15,-0.33738864069484586,0.6774193548387096,-0.22855359530941177,31.06382978723404,3,Balanced batting group
8812869d,8812869d,Nikhil Gangta,SMA,bat,5,2016,2022,15.0,370.0,293.0,37.0,8.0,30.0,23.0,240.0,189.0,100.0,81.0,15.0,126.27986348122866,24.666666666666668,15.358361774744028,130.43478260869566,126.98412698412697,123.45679012345678,,,,,,,,,,,,,,,,,,,,,15,0.21842735218086606,0.6,0.13105641130851953,58.29787234042553,3,Balanced batting group
890946a0,890946a0,NV Ojha,SMA,bat,3,2016,2019,21.0,443.0,365.0,43.0,19.0,276.0,235.0,159.0,120.0,8.0,10.0,21.0,121.36986301369863,21.095238095238095,16.986301369863014,117.44680851063829,132.5,80.0,,,,,,,,,,,,,,,,,,,,,15,-0.0025406513822941734,0.6774193548387096,-0.0017210864202638753,48.51063829787234,3,Balanced batting group
8963ee49,8963ee49,Rishav Das,SMA,bat,5,2018,2023,17.0,353.0,319.0,41.0,2.0,202.0,162.0,139.0,149.0,12.0,8.0,17.0,110.65830721003134,20.764705882352942,13.479623824451412,124.69135802469135,93.28859060402685,150.0,,,,,,,,,,,,,,,,,,,,,15,-0.42243848996156386,0.6296296296296297,-0.2659797899757996,29.361702127659573,3,Balanced batting group
8998a68f,8998a68f,Sumit Kumar,SMA,bat,4,2019,2023,27.0,422.0,311.0,37.0,19.0,34.0,26.0,151.0,138.0,237.0,147.0,27.0,135.69131832797427,15.62962962962963,18.006430868167204,130.76923076923077,109.42028985507247,161.22448979591837,,,,,,,,,,,,,,,,,,,,,15,0.04307367442510336,0.7297297297297297,0.031432140796696977,52.34042553191489,3,Balanced batting group
8a0ae9da,8a0ae9da,EC Sen,SMA,bat,3,2019,2022,17.0,351.0,280.0,30.0,16.0,58.0,65.0,205.0,161.0,88.0,54.0,17.0,125.35714285714286,20.647058823529413,16.428571428571427,89.23076923076924,127.32919254658385,162.96296296296296,,,,,,,,,,,,,,,,,,,,,15,0.027864674193831658,0.6296296296296297,0.017544424492412433,49.787234042553195,3,Balanced batting group
8a58cc2a,8a58cc2a,Sagun Kamat,SMA,bat,3,2016,2019,16.0,400.0,389.0,43.0,9.0,149.0,167.0,232.0,205.0,19.0,17.0,16.0,102.82776349614396,25.0,13.367609254498714,89.22155688622755,113.17073170731706,111.76470588235294,,,,,,,,,,,,,,,,,,,,,15,-0.35507056353750294,0.6153846153846154,-0.21850496217692497,32.340425531914896,3,Balanced batting group
8ac93ca2,8ac93ca2,P Chopra,SMA,bat,5,2016,2022,33.0,1118.0,951.0,107.0,24.0,492.0,472.0,480.0,379.0,146.0,100.0,33.0,117.56046267087277,33.878787878787875,13.774973711882229,104.23728813559323,126.6490765171504,146.0,,,,,,,,,,,,,,,,,,,,,15,0.47176378133698527,0.7674418604651163,0.36205127404931425,71.91489361702128,2,Run accumulators
8b3e9c7c,8b3e9c7c,PP Shaw,SMA,bat,4,2019,2024,25.0,718.0,442.0,67.0,46.0,436.0,273.0,234.0,143.0,48.0,26.0,25.0,162.44343891402715,28.72,25.565610859728505,159.7069597069597,163.63636363636365,184.6153846153846,,,,,,,,,,,,,,,,,,,,,15,1.7183477562030625,0.7142857142857143,1.227391254430759,100.0,0,High-impact power hitters
8e02f42b,8e02f42b,Aditya Garhwal,SMA,bat,3,2018,2021,17.0,263.0,235.0,34.0,5.0,201.0,164.0,61.0,66.0,1.0,5.0,17.0,111.91489361702128,15.470588235294118,16.595744680851062,122.5609756097561,92.42424242424242,20.0,,,,,,,,,,,,,,,,,,,,,15,-0.5355690043905765,0.6296296296296297,-0.33721011387554833,22.97872340425532,1,Low-output batting group
8e48d9a3,8e48d9a3,Himalay Agarwal,SMA,bat,3,2016,2021,16.0,218.0,226.0,12.0,7.0,29.0,37.0,145.0,157.0,44.0,32.0,16.0,96.46017699115043,13.625,8.4070796460177,78.37837837837837,92.35668789808918,137.5,,,,,,,,,,,,,,,,,,,,,15,-1.3757844899389897,0.6153846153846154,-0.8466366091932246,7.234042553191489,1,Low-output batting group
8e514b4c,8e514b4c,Abdul Samad,SMA,bat,3,2019,2023,16.0,428.0,308.0,30.0,25.0,83.0,70.0,207.0,168.0,138.0,70.0,16.0,138.96103896103895,26.75,17.857142857142858,118.57142857142857,123.21428571428572,197.14285714285717,,,,,,,,,,,,,,,,,,,,,15,0.727012040242287,0.6153846153846154,0.44739202476448425,77.87234042553192,2,Run accumulators
8f607eea,8f607eea,NA Rathva,SMA,bat,5,2018,2023,18.0,276.0,225.0,34.0,6.0,116.0,74.0,100.0,106.0,60.0,45.0,18.0,122.66666666666666,15.333333333333334,17.77777777777778,156.75675675675674,94.33962264150944,133.33333333333331,,,,,,,,,,,,,,,,,,,,,15,-0.2581969761968224,0.6428571428571429,-0.16598377041224308,35.74468085106383,3,Balanced batting group
904585d1,904585d1,Vikas Hathwala,SMA,bat,4,2016,2021,22.0,364.0,315.0,32.0,10.0,24.0,27.0,207.0,197.0,133.0,91.0,22.0,115.55555555555554,16.545454545454547,13.333333333333334,88.88888888888889,105.0761421319797,146.15384615384613,,,,,,,,,,,,,,,,,,,,,15,-0.5634431833164754,0.6875,-0.38736718853007684,20.425531914893615,3,Balanced batting group
90a3c0dc,90a3c0dc,Ankit Lamba,SMA,bat,4,2016,2021,26.0,744.0,695.0,73.0,18.0,340.0,313.0,342.0,336.0,62.0,46.0,26.0,107.05035971223023,28.615384615384617,13.093525179856117,108.62619808306708,101.78571428571428,134.7826086956522,,,,,,,,,,,,,,,,,,,,,15,-0.07781939712846866,0.7222222222222222,-0.056202897926116324,44.680851063829785,3,Balanced batting group
90de905a,90de905a,K Gowtham,SMA,bat,5,2018,2023,18.0,229.0,161.0,18.0,12.0,46.0,36.0,56.0,41.0,127.0,84.0,18.0,142.23602484472048,12.722222222222221,18.633540372670808,127.77777777777777,136.58536585365854,151.19047619047618,,,,,,,,,,,,,,,,,,,,,15,0.04908096522562075,0.6428571428571429,0.03155204907361325,52.76595744680851,3,Balanced batting group
911d04ad,911d04ad,Gurinder Singh,SMA,bat,4,2016,2021,20.0,439.0,351.0,21.0,24.0,3.0,5.0,154.0,170.0,282.0,176.0,20.0,125.07122507122507,21.95,12.82051282051282,60.0,90.58823529411765,160.22727272727272,,,,,,,,,,,,,,,,,,,,,15,-0.08700272418897533,0.6666666666666666,-0.05800181612598363,43.829787234042556,3,Balanced batting group
9170ff49,9170ff49,Parvez Rasool,SMA,bat,4,2016,2021,20.0,362.0,305.0,29.0,11.0,23.0,24.0,228.0,205.0,111.0,76.0,20.0,118.68852459016392,18.1,13.114754098360656,95.83333333333334,111.21951219512196,146.05263157894737,,,,,,,,,,,,,,,,,,,,,15,-0.4216806818414631,0.6666666666666666,-0.28112045456097545,27.659574468085108,3,Balanced batting group
92d07362,92d07362,Rohan Prem,SMA,bat,3,2016,2019,15.0,394.0,348.0,37.0,11.0,125.0,124.0,233.0,191.0,36.0,33.0,15.0,113.2183908045977,26.266666666666666,13.793103448275861,100.80645161290323,121.98952879581151,109.09090909090908,,,,,,,,,,,,,,,,,,,,,15,-0.04476490420918998,0.6,-0.026858942525514087,47.23404255319149,3,Balanced batting group
9385de2e,9385de2e,SS Prabhudessai,SMA,bat,4,2019,2023,22.0,466.0,323.0,39.0,21.0,39.0,29.0,229.0,178.0,198.0,116.0,22.0,144.27244582043343,21.181818181818183,18.575851393188856,134.48275862068965,128.65168539325842,170.68965517241378,,,,,,,,,,,,,,,,,,,,,15,0.5627323416337383,0.6875,0.38687848487319504,74.8936170212766,2,Run accumulators
93b4fc78,93b4fc78,MK Pandey,SMA,bat,5,2018,2023,33.0,1000.0,734.0,70.0,49.0,172.0,151.0,560.0,445.0,268.0,138.0,33.0,136.23978201634876,30.303030303030305,16.212534059945504,113.90728476821192,125.84269662921348,194.20289855072463,,,,,,,,,,,,,,,,,,,,,15,0.7860686655160054,0.7674418604651163,0.6032619991169343,83.82978723404256,2,Run accumulators
9418198b,9418198b,P Simran Singh,SMA,bat,4,2019,2023,35.0,1002.0,710.0,99.0,50.0,567.0,435.0,392.0,249.0,43.0,26.0,35.0,141.12676056338026,28.62857142857143,20.985915492957748,130.3448275862069,157.429718875502,165.3846153846154,,,,,,,,,,,,,,,,,,,,,15,1.0353529032564814,0.7777777777777778,0.8052744803105967,91.48936170212765,2,Run accumulators
94253925,94253925,GH Vihari,SMA,bat,6,2016,2023,25.0,574.0,455.0,65.0,14.0,302.0,246.0,244.0,190.0,28.0,19.0,25.0,126.15384615384615,22.96,17.36263736263736,122.76422764227641,128.42105263157896,147.36842105263156,,,,,,,,,,,,,,,,,,,,,15,0.22120773007704614,0.7142857142857143,0.1580055214836043,60.0,2,Run accumulators
944533a5,944533a5,KK Nair,SMA,bat,5,2016,2024,45.0,1202.0,830.0,109.0,51.0,404.0,271.0,605.0,447.0,193.0,112.0,45.0,144.81927710843374,26.711111111111112,19.27710843373494,149.07749077490774,135.3467561521253,172.32142857142858,,,,,,,,,,,,,,,,,,,,,15,0.9192602892113446,0.8181818181818182,0.752122054809282,88.93617021276596,2,Run accumulators
9601c534,9601c534,SD Lad,SMA,bat,5,2016,2022,36.0,764.0,630.0,66.0,27.0,143.0,129.0,476.0,403.0,145.0,98.0,36.0,121.26984126984127,21.22222222222222,14.761904761904763,110.85271317829456,118.11414392059554,147.9591836734694,,,,,,,,,,,,,,,,,,,,,15,-0.10963958880672972,0.782608695652174,-0.08580489558787549,42.12765957446808,3,Balanced batting group
96477053,96477053,Hokaito Zhimomi,SMA,bat,4,2019,2023,15.0,119.0,155.0,8.0,3.0,1.0,3.0,35.0,86.0,83.0,66.0,15.0,76.77419354838709,7.933333333333334,7.096774193548387,33.33333333333333,40.69767441860465,125.75757575757575,,,,,,,,,,,,,,,,,,,,,15,-2.173485965173046,0.6,-1.3040915791038274,2.127659574468085,1,Low-output batting group
97c06e86,97c06e86,Mangal Mahrour,SMA,bat,3,2019,2022,17.0,342.0,346.0,33.0,9.0,131.0,168.0,133.0,130.0,78.0,48.0,17.0,98.84393063583815,20.11764705882353,12.138728323699421,77.97619047619048,102.30769230769229,162.5,,,,,,,,,,,,,,,,,,,,,15,-0.7740343142776609,0.6296296296296297,-0.4873549386192681,14.893617021276595,3,Balanced batting group
983f2f61,983f2f61,Swapnil Singh,SMA,bat,5,2016,2022,29.0,534.0,432.0,35.0,24.0,34.0,28.0,304.0,262.0,196.0,142.0,29.0,123.61111111111111,18.413793103448278,13.657407407407407,121.42857142857142,116.03053435114504,138.0281690140845,,,,,,,,,,,,,,,,,,,,,15,-0.27351803738952274,0.7435897435897436,-0.20338520728964518,33.191489361702125,3,Balanced batting group
9889da93,9889da93,Samarth Singh,SMA,bat,3,2016,2019,25.0,609.0,532.0,59.0,19.0,323.0,312.0,186.0,158.0,100.0,62.0,25.0,114.4736842105263,24.36,14.661654135338345,103.52564102564104,117.72151898734178,161.29032258064515,,,,,,,,,,,,,,,,,,,,,15,-0.08146161239062771,0.7142857142857143,-0.05818686599330558,43.40425531914894,3,Balanced batting group
98ae73b1,98ae73b1,PP Chawla,SMA,bat,6,2016,2023,29.0,364.0,271.0,31.0,17.0,0.0,1.0,167.0,139.0,197.0,131.0,29.0,134.31734317343174,12.551724137931034,17.712177121771216,0.0,120.14388489208633,150.38167938931298,,,,,,,,,,,,,,,,,,,,,15,-0.17297627249302105,0.7435897435897436,-0.1286233821101952,38.297872340425535,3,Balanced batting group
99d63244,99d63244,KM Jadhav,SMA,bat,3,2016,2021,23.0,679.0,518.0,68.0,22.0,180.0,167.0,364.0,276.0,135.0,75.0,23.0,131.08108108108107,29.52173913043478,17.374517374517374,107.78443113772455,131.8840579710145,180.0,,,,,,,,,,,,,,,,,,,,,15,0.6926852516074176,0.696969696969697,0.4827806299082001,79.14893617021276,2,Run accumulators
9a2d95ac,9a2d95ac,Aditya Kaushik,SMA,bat,4,2016,2022,24.0,567.0,512.0,46.0,16.0,272.0,266.0,254.0,211.0,41.0,35.0,24.0,110.7421875,23.625,12.109375,102.25563909774435,120.37914691943128,117.14285714285715,,,,,,,,,,,,,,,,,,,,,15,-0.32952757478832795,0.7058823529411765,-0.23260769985058452,30.638297872340424,3,Balanced batting group
9c20688d,9c20688d,Shashank Chandrakar,SMA,bat,4,2018,2023,27.0,614.0,450.0,60.0,25.0,392.0,293.0,204.0,142.0,18.0,15.0,27.0,136.44444444444443,22.74074074074074,18.88888888888889,133.78839590443684,143.66197183098592,120.0,,,,,,,,,,,,,,,,,,,,,15,0.5016640858743359,0.7297297297297297,0.366079197800191,72.3404255319149,2,Run accumulators
9c86350f,9c86350f,H Desai,SMA,bat,5,2019,2024,21.0,345.0,288.0,50.0,8.0,292.0,242.0,53.0,46.0,0.0,0.0,21.0,119.79166666666667,16.428571428571427,20.13888888888889,120.66115702479338,115.21739130434783,,,,,,,,,,,,,,,,,,,,,,15,-0.13813772981187022,0.6774193548387096,-0.09357717180804119,41.27659574468085,3,Balanced batting group
9d3940b3,9d3940b3,Himanshu Rana,SMA,bat,5,2016,2023,32.0,808.0,658.0,93.0,19.0,320.0,275.0,398.0,337.0,90.0,46.0,32.0,122.79635258358664,25.25,17.02127659574468,116.36363636363636,118.10089020771512,195.65217391304347,,,,,,,,,,,,,,,,,,,,,15,0.2618609646367791,0.7619047619047619,0.19951311591373638,63.40425531914894,2,Run accumulators
9e62632a,9e62632a,Karanveer Kaushal,SMA,bat,2,2019,2021,16.0,397.0,320.0,36.0,25.0,262.0,210.0,112.0,96.0,23.0,14.0,16.0,124.06250000000001,24.8125,19.0625,124.76190476190476,116.66666666666667,164.28571428571428,,,,,,,,,,,,,,,,,,,,,15,0.3667901829218698,0.6153846153846154,0.22571703564422751,65.53191489361701,2,Run accumulators
9ed95736,9ed95736,Naushad Shaikh,SMA,bat,3,2018,2021,32.0,732.0,609.0,60.0,16.0,88.0,97.0,485.0,412.0,159.0,100.0,32.0,120.19704433497537,22.875,12.479474548440066,90.72164948453609,117.71844660194175,159.0,,,,,,,,,,,,,,,,,,,,,15,-0.15459924302722047,0.7619047619047619,-0.11778989944931088,39.148936170212764,3,Balanced batting group
a1765140,a1765140,Mrunal Devdhar,SMA,bat,3,2016,2021,34.0,766.0,622.0,86.0,20.0,541.0,415.0,212.0,194.0,13.0,13.0,34.0,123.15112540192925,22.529411764705884,17.041800643086816,130.36144578313252,109.27835051546391,100.0,,,,,,,,,,,,,,,,,,,,,15,0.117945893917696,0.7727272727272727,0.0911400089364014,56.59574468085107,3,Balanced batting group
a24be938,a24be938,VR Iyer,SMA,bat,7,2016,2024,33.0,901.0,655.0,87.0,33.0,227.0,159.0,356.0,317.0,318.0,179.0,33.0,137.55725190839695,27.303030303030305,18.3206106870229,142.76729559748426,112.30283911671923,177.6536312849162,,,,,,,,,,,,,,,,,,,,,15,0.7519090983628447,0.7674418604651163,0.5770465173482295,81.70212765957446,2,Run accumulators
a446c7be,a446c7be,Vivek Singh,SMA,bat,6,2016,2023,42.0,1056.0,775.0,102.0,49.0,595.0,428.0,326.0,262.0,135.0,85.0,42.0,136.25806451612902,25.142857142857142,19.483870967741936,139.01869158878503,124.42748091603053,158.8235294117647,,,,,,,,,,,,,,,,,,,,,15,0.6622946852878684,0.8076923076923077,0.5349303227325091,80.85106382978722,2,Run accumulators
a4cc73aa,a4cc73aa,SV Samson,SMA,bat,6,2016,2023,31.0,946.0,704.0,85.0,41.0,294.0,247.0,500.0,375.0,152.0,82.0,31.0,134.375,30.516129032258064,17.897727272727273,119.02834008097165,133.33333333333331,185.3658536585366,,,,,,,,,,,,,,,,,,,,,15,0.8438345548774557,0.7560975609756098,0.6380212488097835,85.1063829787234,2,Run accumulators
a4e37e47,a4e37e47,S Dube,SMA,bat,7,2016,2024,35.0,574.0,423.0,35.0,32.0,4.0,13.0,239.0,220.0,331.0,190.0,35.0,135.69739952718675,16.4,15.839243498817968,30.76923076923077,108.63636363636364,174.21052631578948,,,,,,,,,,,,,,,,,,,,,15,-0.022878309855323634,0.7777777777777778,-0.017794240998585106,47.65957446808511,3,Balanced batting group
a63563c0,a63563c0,Diwesh Pathania,SMA,bat,3,2018,2021,15.0,182.0,133.0,11.0,10.0,0.0,0.0,26.0,23.0,156.0,110.0,15.0,136.8421052631579,12.133333333333333,15.789473684210526,,113.04347826086956,141.8181818181818,,,,,,,,,,,,,,,,,,,,,15,-0.24037137111146997,0.6,-0.14422282266688208,37.02127659574468,3,Balanced batting group
a64608ec,a64608ec,Rishabh Chouhan,SMA,bat,3,2019,2023,16.0,225.0,190.0,17.0,9.0,0.0,9.0,90.0,83.0,135.0,98.0,16.0,118.42105263157893,14.0625,13.684210526315791,0.0,108.43373493975903,137.75510204081633,,,,,,,,,,,,,,,,,,,,,15,-0.624742851175363,0.6153846153846154,-0.38445713918483887,21.27659574468085,3,Balanced batting group
acc1aeda,acc1aeda,SP Jackson,SMA,bat,6,2016,2023,37.0,1069.0,822.0,94.0,47.0,216.0,220.0,559.0,426.0,294.0,176.0,37.0,130.04866180048663,28.89189189189189,17.153284671532848,98.18181818181819,131.2206572769953,167.04545454545453,,,,,,,,,,,,,,,,,,,,,15,0.6246030923872562,0.7872340425531915,0.4917088174112442,80.0,2,Run accumulators
ad427b5c,ad427b5c,Lalit Yadav,SMA,bat,5,2018,2023,27.0,529.0,345.0,55.0,21.0,2.0,3.0,175.0,147.0,352.0,195.0,27.0,153.33333333333334,19.59259259259259,22.028985507246375,66.66666666666666,119.04761904761905,180.51282051282053,,,,,,,,,,,,,,,,,,,,,15,0.8377817207614007,0.7297297297297297,0.6113542286637247,84.25531914893617,2,Run accumulators
adf454e9,adf454e9,Rahul Singh,SMA,bat,4,2018,2023,24.0,613.0,407.0,66.0,22.0,260.0,160.0,275.0,207.0,78.0,40.0,24.0,150.61425061425064,25.541666666666668,21.62162162162162,162.5,132.8502415458937,195.0,,,,,,,,,,,,,,,,,,,,,15,1.0934544624491696,0.7058823529411765,0.771850208787649,89.7872340425532,2,Run accumulators
aedc3b7c,aedc3b7c,NS Naik,SMA,bat,4,2016,2021,26.0,487.0,363.0,35.0,20.0,35.0,32.0,259.0,201.0,193.0,130.0,26.0,134.15977961432506,18.73076923076923,15.151515151515152,109.375,128.85572139303483,148.46153846153845,,,,,,,,,,,,,,,,,,,,,15,0.04076681639121972,0.7222222222222222,0.02944270072699195,51.48936170212765,3,Balanced batting group
af863475,af863475,Bhanu Pania,SMA,bat,4,2021,2024,18.0,216.0,195.0,14.0,10.0,16.0,19.0,67.0,86.0,133.0,90.0,18.0,110.76923076923077,12.0,12.307692307692308,84.21052631578947,77.90697674418605,147.77777777777777,,,,,,,,,,,,,,,,,,,,,15,-0.9701220056756077,0.6428571428571429,-0.6236498607914622,9.361702127659575,3,Balanced batting group
b0482a1d,b0482a1d,Tilak Varma,SMA,bat,4,2019,2023,18.0,520.0,360.0,39.0,25.0,183.0,140.0,244.0,178.0,93.0,42.0,18.0,144.44444444444443,28.88888888888889,17.77777777777778,130.71428571428572,137.07865168539325,221.42857142857144,,,,,,,,,,,,,,,,,,,,,15,0.9578150694797605,0.6428571428571429,0.6157382589512745,84.68085106382979,2,Run accumulators
b11d8647,b11d8647,Ashwin Hebbar,SMA,bat,6,2016,2023,35.0,934.0,734.0,95.0,34.0,539.0,398.0,355.0,316.0,40.0,20.0,35.0,127.24795640326975,26.685714285714287,17.574931880108995,135.42713567839195,112.34177215189874,200.0,,,,,,,,,,,,,,,,,,,,,15,0.46354356426786136,0.7777777777777778,0.3605338833194477,71.48936170212767,2,Run accumulators
b4296080,b4296080,Milind Kumar,SMA,bat,4,2016,2021,26.0,681.0,578.0,62.0,17.0,75.0,79.0,374.0,345.0,232.0,154.0,26.0,117.82006920415225,26.192307692307693,13.667820069204154,94.9367088607595,108.40579710144928,150.64935064935065,,,,,,,,,,,,,,,,,,,,,15,0.04126060315854478,0.7222222222222222,0.029799324503393385,51.91489361702127,3,Balanced batting group
b4b99816,b4b99816,Shubman Gill,SMA,bat,3,2019,2022,18.0,635.0,455.0,63.0,25.0,293.0,251.0,290.0,187.0,52.0,17.0,18.0,139.56043956043956,35.27777777777778,19.340659340659343,116.73306772908367,155.0802139037433,305.88235294117646,,,,,,,,,,,,,,,,,,,,,15,1.2920256240527024,0.6428571428571429,0.8305879011767372,91.91489361702128,2,Run accumulators
b5da6c24,b5da6c24,PA Patel,SMA,bat,2,2016,2019,15.0,407.0,264.0,56.0,10.0,322.0,204.0,85.0,60.0,0.0,0.0,15.0,154.16666666666669,27.133333333333333,25.0,157.84313725490196,141.66666666666669,,,,,,,,,,,,,,,,,,,,,,15,1.4273868001049754,0.6,0.8564320800629851,93.19148936170212,0,High-impact power hitters
b63e358a,b63e358a,RK Bhui,SMA,bat,5,2018,2023,28.0,926.0,600.0,52.0,62.0,78.0,88.0,470.0,353.0,378.0,159.0,28.0,154.33333333333331,33.07142857142857,19.0,88.63636363636364,133.1444759206799,237.73584905660377,,,,,,,,,,,,,,,,,,,,,15,1.4610834400884478,0.7368421052631579,1.0765877979599088,98.29787234042553,2,Run accumulators
b720a5d6,b720a5d6,DB Ravi Teja,SMA,bat,3,2018,2021,23.0,530.0,510.0,51.0,9.0,81.0,124.0,340.0,311.0,109.0,75.0,23.0,103.921568627451,23.043478260869566,11.76470588235294,65.32258064516128,109.32475884244373,145.33333333333334,,,,,,,,,,,,,,,,,,,,,15,-0.5225128552756226,0.696969696969697,-0.3641756264042219,22.127659574468083,3,Balanced batting group
b93a5d0b,b93a5d0b,Kolla Sumanth,SMA,bat,4,2016,2021,18.0,164.0,151.0,10.0,3.0,13.0,14.0,69.0,67.0,82.0,70.0,18.0,108.6092715231788,9.11111111111111,8.609271523178808,92.85714285714286,102.98507462686568,117.14285714285715,,,,,,,,,,,,,,,,,,,,,15,-1.3636448908684442,0.6428571428571429,-0.8766288584154286,6.808510638297872,1,Low-output batting group
bb965e9a,bb965e9a,PK Garg,SMA,bat,4,2019,2024,17.0,322.0,257.0,31.0,10.0,75.0,78.0,157.0,121.0,90.0,58.0,17.0,125.29182879377431,18.941176470588236,15.953307392996107,96.15384615384616,129.75206611570246,155.17241379310346,,,,,,,,,,,,,,,,,,,,,15,-0.09301182935150985,0.6296296296296297,-0.058563003665765556,42.97872340425532,3,Balanced batting group
bc67cc22,bc67cc22,Bavanaka Sandeep,SMA,bat,4,2016,2021,29.0,696.0,589.0,37.0,26.0,56.0,71.0,434.0,395.0,206.0,123.0,29.0,118.16638370118847,24.0,10.69609507640068,78.87323943661971,109.87341772151899,167.47967479674796,,,,,,,,,,,,,,,,,,,,,15,-0.22405646908581772,0.7435897435897436,-0.16660609239714658,35.319148936170215,3,Balanced batting group
bc6d8229,bc6d8229,Kumar Deobrat,SMA,bat,4,2016,2021,28.0,474.0,367.0,43.0,23.0,89.0,80.0,195.0,166.0,190.0,121.0,28.0,129.15531335149865,16.928571428571427,17.983651226158038,111.25,117.46987951807229,157.02479338842977,,,,,,,,,,,,,,,,,,,,,15,-0.022387490414188596,0.7368421052631579,-0.016496045568349556,48.08510638297872,3,Balanced batting group
bd17b45f,bd17b45f,STR Binny,SMA,bat,4,2016,2021,23.0,388.0,316.0,25.0,15.0,13.0,15.0,176.0,185.0,199.0,116.0,23.0,122.78481012658229,16.869565217391305,12.658227848101266,86.66666666666667,95.13513513513514,171.55172413793102,,,,,,,,,,,,,,,,,,,,,15,-0.4277053303475866,0.696969696969697,-0.2980976544846817,25.957446808510635,3,Balanced batting group
bd54eef5,bd54eef5,N Jagadeesan,SMA,bat,4,2018,2023,32.0,795.0,664.0,65.0,29.0,244.0,248.0,379.0,300.0,172.0,116.0,32.0,119.7289156626506,24.84375,14.156626506024098,98.38709677419355,126.33333333333334,148.27586206896552,,,,,,,,,,,,,,,,,,,,,15,0.030391794469247335,0.7619047619047619,0.02315565292895029,50.212765957446805,3,Balanced batting group
be24ead0,be24ead0,Ramandeep Singh,SMA,bat,3,2021,2023,15.0,169.0,114.0,11.0,10.0,7.0,5.0,47.0,35.0,115.0,74.0,15.0,148.24561403508773,11.266666666666667,18.421052631578945,140.0,134.28571428571428,155.4054054054054,,,,,,,,,,,,,,,,,,,,,15,0.0828718358015916,0.6,0.049723101480954865,54.04255319148936,2,Run accumulators
bee290b6,bee290b6,Suboth Bhati,SMA,bat,4,2016,2021,17.0,122.0,88.0,11.0,9.0,25.0,19.0,6.0,19.0,91.0,50.0,17.0,138.63636363636365,7.176470588235294,22.727272727272727,131.57894736842107,31.57894736842105,182.0,,,,,,,,,,,,,,,,,,,,,15,-0.13071474693690088,0.6296296296296297,-0.08230187770101177,42.5531914893617,3,Balanced batting group
bf6e03ea,bf6e03ea,K V Sasikanth,SMA,bat,5,2016,2022,17.0,205.0,178.0,13.0,9.0,0.0,0.0,23.0,43.0,182.0,135.0,17.0,115.1685393258427,12.058823529411764,12.359550561797752,,53.48837209302325,134.8148148148148,,,,,,,,,,,,,,,,,,,,,15,-0.8719522225528562,0.6296296296296297,-0.5490069549406874,12.76595744680851,1,Low-output batting group
c03e2850,c03e2850,M Vohra,SMA,bat,5,2016,2024,30.0,1010.0,772.0,90.0,44.0,521.0,425.0,414.0,307.0,75.0,40.0,30.0,130.82901554404145,33.666666666666664,17.357512953367877,122.58823529411764,134.85342019543972,187.5,,,,,,,,,,,,,,,,,,,,,15,0.9187139262383106,0.75,0.6890354446787329,86.80851063829788,2,Run accumulators
c03f1114,c03f1114,KD Karthik,SMA,bat,4,2016,2021,23.0,746.0,517.0,75.0,27.0,131.0,107.0,499.0,347.0,116.0,63.0,23.0,144.29400386847195,32.43478260869565,19.729206963249517,122.42990654205607,143.80403458213254,184.12698412698413,,,,,,,,,,,,,,,,,,,,,15,1.2516340803987729,0.696969696969697,0.872351025732478,94.04255319148936,2,Run accumulators
c15e2193,c15e2193,FY Fazal,SMA,bat,3,2016,2019,21.0,448.0,419.0,39.0,6.0,247.0,248.0,195.0,162.0,6.0,9.0,21.0,106.92124105011933,21.333333333333332,10.739856801909307,99.59677419354838,120.37037037037037,66.66666666666666,,,,,,,,,,,,,,,,,,,,,15,-0.6070502635416732,0.6774193548387096,-0.411227597883069,19.148936170212767,3,Balanced batting group
c18496e1,c18496e1,Bipul Sharma,SMA,bat,4,2016,2021,16.0,363.0,288.0,25.0,17.0,22.0,11.0,249.0,216.0,92.0,61.0,16.0,126.04166666666667,22.6875,14.583333333333334,200.0,115.27777777777777,150.81967213114754,,,,,,,,,,,,,,,,,,,,,15,0.06350884306701993,0.6153846153846154,0.03908236496431986,53.61702127659574,2,Run accumulators
c2294408,c2294408,Pallav Kumar Das,SMA,bat,5,2016,2023,31.0,581.0,412.0,66.0,24.0,468.0,315.0,111.0,91.0,2.0,6.0,31.0,141.01941747572815,18.741935483870968,21.844660194174757,148.57142857142858,121.97802197802199,33.33333333333333,,,,,,,,,,,,,,,,,,,,,15,0.522598939029544,0.7560975609756098,0.3951357831686796,75.31914893617021,3,Balanced batting group
c2dd89ea,c2dd89ea,BR Sharath,SMA,bat,4,2018,2023,21.0,287.0,255.0,27.0,9.0,103.0,103.0,108.0,112.0,76.0,40.0,21.0,112.54901960784314,13.666666666666666,14.117647058823529,100.0,96.42857142857143,190.0,,,,,,,,,,,,,,,,,,,,,15,-0.7482154692731758,0.6774193548387096,-0.5068556404753772,14.042553191489363,3,Balanced batting group
c3a96caf,c3a96caf,Mandeep Singh,SMA,bat,6,2016,2023,37.0,1124.0,776.0,112.0,37.0,356.0,265.0,479.0,358.0,289.0,153.0,37.0,144.84536082474227,30.37837837837838,19.201030927835053,134.33962264150944,133.79888268156424,188.88888888888889,,,,,,,,,,,,,,,,,,,,,15,1.121389397309494,0.7872340425531915,0.8827959085202399,94.46808510638299,2,Run accumulators
c3f37533,c3f37533,Hari Nishaanth,SMA,bat,3,2019,2023,26.0,688.0,541.0,63.0,30.0,439.0,363.0,228.0,159.0,21.0,19.0,26.0,127.17190388170056,26.46153846153846,17.190388170055453,120.9366391184573,143.39622641509433,110.5263157894737,,,,,,,,,,,,,,,,,,,,,15,0.43000994518602537,0.7222222222222222,0.31056273818990715,69.7872340425532,2,Run accumulators
c6272773,c6272773,Shivam Chauhan,SMA,bat,3,2018,2021,22.0,627.0,509.0,69.0,12.0,162.0,134.0,400.0,326.0,65.0,49.0,22.0,123.1827111984283,28.5,15.913555992141454,120.89552238805969,122.69938650306749,132.6530612244898,,,,,,,,,,,,,,,,,,,,,15,0.3961761307114715,0.6875,0.2723710898641366,67.65957446808511,3,Balanced batting group
c740ea83,c740ea83,RM Patidar,SMA,bat,6,2018,2024,33.0,1132.0,742.0,96.0,55.0,350.0,289.0,615.0,379.0,167.0,74.0,33.0,152.56064690026955,34.303030303030305,20.350404312668463,121.10726643598615,162.26912928759893,225.67567567567565,,,,,,,,,,,,,,,,,,,,,15,1.5609566266392954,0.7674418604651163,1.1979434576534127,99.57446808510639,2,Run accumulators
c88c8a7d,c88c8a7d,Akshay Wadkar,SMA,bat,4,2018,2022,18.0,360.0,362.0,30.0,2.0,101.0,116.0,225.0,216.0,34.0,30.0,18.0,99.4475138121547,20.0,8.83977900552486,87.06896551724138,104.16666666666667,113.33333333333333,,,,,,,,,,,,,,,,,,,,,15,-0.9342397470020334,0.6428571428571429,-0.6005826945013073,11.063829787234042,3,Balanced batting group
c8f5f961,c8f5f961,Anuj Rawat,SMA,bat,5,2019,2024,26.0,585.0,463.0,51.0,29.0,178.0,195.0,249.0,176.0,158.0,92.0,26.0,126.3498920086393,22.5,17.278617710583152,91.28205128205128,141.47727272727272,171.73913043478262,,,,,,,,,,,,,,,,,,,,,15,0.1953181691371571,0.7222222222222222,0.14106312215461342,58.723404255319146,2,Run accumulators
cb932841,cb932841,AKS Bains,SMA,bat,5,2016,2022,23.0,433.0,362.0,54.0,9.0,312.0,245.0,115.0,111.0,6.0,6.0,23.0,119.61325966850829,18.82608695652174,17.403314917127073,127.3469387755102,103.60360360360362,100.0,,,,,,,,,,,,,,,,,,,,,15,-0.1454644691497908,0.696969696969697,-0.10138432698318761,40.42553191489361,3,Balanced batting group
cc8531c2,cc8531c2,Vishal Kushwah,SMA,bat,3,2018,2021,18.0,309.0,189.0,16.0,26.0,20.0,8.0,78.0,79.0,211.0,102.0,18.0,163.4920634920635,17.166666666666668,22.22222222222222,250.0,98.73417721518987,206.86274509803923,,,,,,,,,,,,,,,,,,,,,15,0.9246827341884065,0.6428571428571429,0.5944389005496898,83.40425531914893,0,High-impact power hitters
ccae927b,ccae927b,Azim Kazi,SMA,bat,2,2019,2021,21.0,408.0,332.0,24.0,20.0,3.0,6.0,221.0,201.0,184.0,125.0,21.0,122.89156626506023,19.428571428571427,13.253012048192772,50.0,109.95024875621891,147.2,,,,,,,,,,,,,,,,,,,,,15,-0.252149183693249,0.6774193548387096,-0.1708107373405881,34.8936170212766,3,Balanced batting group
ccc04a61,ccc04a61,Rajat Dey,SMA,bat,5,2016,2023,21.0,488.0,357.0,29.0,25.0,60.0,49.0,224.0,189.0,204.0,119.0,21.0,136.69467787114846,23.238095238095237,15.126050420168067,122.44897959183673,118.5185185185185,171.42857142857142,,,,,,,,,,,,,,,,,,,,,15,0.34511573843317866,0.6774193548387096,0.23378808087408867,66.80851063829788,2,Run accumulators
ce2b42ae,ce2b42ae,Darshan Misal,SMA,bat,6,2016,2023,29.0,337.0,332.0,18.0,13.0,2.0,7.0,176.0,214.0,159.0,111.0,29.0,101.50602409638554,11.620689655172415,9.33734939759036,28.57142857142857,82.2429906542056,143.24324324324326,,,,,,,,,,,,,,,,,,,,,15,-1.3353453311680141,0.7435897435897436,-0.992949092406985,5.531914893617021,1,Low-output batting group
cf59b3f0,cf59b3f0,Urvil Patel,SMA,bat,5,2018,2023,31.0,611.0,401.0,84.0,16.0,416.0,261.0,185.0,130.0,10.0,10.0,31.0,152.36907730673317,19.70967741935484,24.93765586034913,159.3869731800766,142.30769230769232,100.0,,,,,,,,,,,,,,,,,,,,,15,0.9707208698068457,0.7560975609756098,0.7339596820490784,88.51063829787233,0,High-impact power hitters
cf9d3356,cf9d3356,Chetan Bist,SMA,bat,4,2018,2022,19.0,466.0,405.0,33.0,16.0,99.0,85.0,229.0,223.0,138.0,97.0,19.0,115.06172839506172,24.526315789473685,12.098765432098766,116.47058823529413,102.69058295964126,142.2680412371134,,,,,,,,,,,,,,,,,,,,,15,-0.18898820614696937,0.6551724137931034,-0.12381985919973863,38.72340425531915,3,Balanced batting group
d2550980,d2550980,Anand Singh,SMA,bat,3,2016,2021,19.0,541.0,449.0,73.0,12.0,310.0,249.0,197.0,174.0,34.0,26.0,19.0,120.48997772828507,28.473684210526315,18.93095768374165,124.49799196787149,113.2183908045977,130.76923076923077,,,,,,,,,,,,,,,,,,,,,15,0.4903140271384928,0.6551724137931034,0.32124022467694346,70.63829787234043,2,Run accumulators
d28a7a2a,d28a7a2a,U U Bose,SMA,bat,4,2016,2021,24.0,434.0,376.0,47.0,17.0,297.0,249.0,120.0,118.0,17.0,9.0,24.0,115.42553191489363,18.083333333333332,17.02127659574468,119.27710843373494,101.69491525423729,188.88888888888889,,,,,,,,,,,,,,,,,,,,,15,-0.29414811948505204,0.7058823529411765,-0.20763396669533093,32.76595744680851,3,Balanced batting group
d30c6f81,d30c6f81,Vishvaraj Jadeja,SMA,bat,5,2018,2024,18.0,315.0,266.0,30.0,7.0,93.0,93.0,130.0,116.0,92.0,57.0,18.0,118.42105263157893,17.5,13.909774436090224,100.0,112.06896551724137,161.4035087719298,,,,,,,,,,,,,,,,,,,,,15,-0.4208274931830047,0.6428571428571429,-0.2705319599033603,28.936170212765955,3,Balanced batting group
d3c1f849,d3c1f849,Deepraj Gaonkar,SMA,bat,5,2016,2023,19.0,283.0,255.0,25.0,10.0,29.0,33.0,176.0,157.0,78.0,65.0,19.0,110.98039215686275,14.894736842105264,13.725490196078432,87.87878787878788,112.10191082802548,120.0,,,,,,,,,,,,,,,,,,,,,15,-0.7320892735031461,0.6551724137931034,-0.4796446964330958,15.74468085106383,3,Balanced batting group
d4753890,d4753890,Rongsen Jonathan,SMA,bat,4,2019,2023,21.0,493.0,474.0,44.0,14.0,174.0,188.0,263.0,236.0,56.0,50.0,21.0,104.00843881856541,23.476190476190474,12.236286919831224,92.5531914893617,111.44067796610169,112.00000000000001,,,,,,,,,,,,,,,,,,,,,15,-0.4726846543553648,0.6774193548387096,-0.3202057335955697,23.404255319148938,3,Balanced batting group
d4f9dbd4,d4f9dbd4,CA Pujara,SMA,bat,3,2016,2022,16.0,623.0,495.0,70.0,16.0,196.0,208.0,334.0,229.0,93.0,58.0,16.0,125.85858585858587,38.9375,17.373737373737374,94.23076923076923,145.85152838427948,160.3448275862069,,,,,,,,,,,,,,,,,,,,,15,1.110531093915243,0.6153846153846154,0.683403750101688,85.53191489361703,2,Run accumulators
d6ac52e8,d6ac52e8,Akhilesh Sahani,SMA,bat,2,2019,2021,18.0,221.0,205.0,15.0,9.0,42.0,44.0,36.0,56.0,143.0,105.0,18.0,107.8048780487805,12.277777777777779,11.707317073170733,95.45454545454545,64.28571428571429,136.1904761904762,,,,,,,,,,,,,,,,,,,,,15,-1.046990436482805,0.6428571428571429,-0.6730652805960892,8.936170212765958,1,Low-output batting group
d8a90827,d8a90827,Shubham Khajuria,SMA,bat,5,2016,2023,19.0,322.0,275.0,26.0,12.0,170.0,165.0,149.0,108.0,3.0,2.0,19.0,117.0909090909091,16.94736842105263,13.818181818181818,103.03030303030303,137.96296296296296,150.0,,,,,,,,,,,,,,,,,,,,,15,-0.4842941987637369,0.6551724137931034,-0.31729619919003466,23.829787234042556,3,Balanced batting group
da934ee8,da934ee8,MK Lomror,SMA,bat,4,2018,2022,31.0,814.0,665.0,71.0,28.0,193.0,174.0,425.0,381.0,196.0,110.0,31.0,122.40601503759399,26.258064516129032,14.887218045112782,110.91954022988506,111.54855643044618,178.1818181818182,,,,,,,,,,,,,,,,,,,,,15,0.20257923977671125,0.7560975609756098,0.15316966909946456,59.148936170212764,3,Balanced batting group
dc9dd038,dc9dd038,Sachin Baby,SMA,bat,5,2016,2022,35.0,1111.0,831.0,86.0,40.0,64.0,73.0,723.0,570.0,324.0,188.0,35.0,133.69434416365823,31.742857142857144,15.162454873646208,87.67123287671232,126.84210526315789,172.3404255319149,,,,,,,,,,,,,,,,,,,,,15,0.7604100640509491,0.7777777777777778,0.5914300498174049,82.97872340425532,2,Run accumulators
dde809f3,dde809f3,Techi Doria,SMA,bat,3,2019,2023,16.0,242.0,304.0,27.0,2.0,163.0,175.0,62.0,117.0,17.0,12.0,16.0,79.60526315789474,15.125,9.539473684210527,93.14285714285714,52.991452991452995,141.66666666666669,,,,,,,,,,,,,,,,,,,,,15,-1.5881659253086509,0.6153846153846154,-0.9773328771130161,5.957446808510639,1,Low-output batting group
dded65e7,dded65e7,IR Jaggi,SMA,bat,4,2016,2021,19.0,596.0,418.0,68.0,14.0,113.0,92.0,355.0,235.0,128.0,91.0,19.0,142.58373205741626,31.36842105263158,19.617224880382775,122.82608695652173,151.06382978723406,140.65934065934067,,,,,,,,,,,,,,,,,,,,,15,1.1503919324473184,0.6551724137931034,0.7537050591896223,89.36170212765957,2,Run accumulators
e1e7f950,e1e7f950,Akshay Karnewar,SMA,bat,5,2016,2022,29.0,314.0,250.0,29.0,12.0,10.0,5.0,148.0,135.0,156.0,110.0,29.0,125.6,10.827586206896552,16.400000000000002,200.0,109.62962962962963,141.8181818181818,,,,,,,,,,,,,,,,,,,,,15,-0.5185054780766725,0.7435897435897436,-0.38555535549291037,20.851063829787233,3,Balanced batting group
e4cdf230,e4cdf230,AS Roy,SMA,bat,2,2019,2021,17.0,250.0,144.0,14.0,16.0,9.0,3.0,44.0,44.0,197.0,97.0,17.0,173.61111111111111,14.705882352941176,20.833333333333336,300.0,100.0,203.0927835051546,,,,,,,,,,,,,,,,,,,,,15,0.9290566302940364,0.6296296296296297,0.5849615820369858,82.5531914893617,0,High-impact power hitters
e53af640,e53af640,Shivam Chaudhary,SMA,bat,4,2018,2023,23.0,586.0,502.0,62.0,14.0,269.0,229.0,251.0,224.0,66.0,49.0,23.0,116.73306772908367,25.47826086956522,15.139442231075698,117.46724890829694,112.05357142857142,134.6938775510204,,,,,,,,,,,,,,,,,,,,,15,0.05264079177066222,0.696969696969697,0.03668903668864329,53.191489361702125,3,Balanced batting group
e635a5dd,e635a5dd,Dhruv Raval,SMA,bat,3,2018,2021,17.0,384.0,283.0,52.0,8.0,283.0,204.0,91.0,70.0,10.0,9.0,17.0,135.68904593639576,22.58823529411765,21.20141342756184,138.72549019607843,130.0,111.11111111111111,,,,,,,,,,,,,,,,,,,,,15,0.5938356702573313,0.6296296296296297,0.3738965331249863,73.61702127659574,2,Run accumulators
e6e9b619,e6e9b619,Tanmay Agarwal,SMA,bat,6,2016,2023,36.0,925.0,747.0,96.0,22.0,569.0,477.0,311.0,246.0,45.0,24.0,36.0,123.82864792503348,25.694444444444443,15.796519410977242,119.28721174004193,126.42276422764228,187.5,,,,,,,,,,,,,,,,,,,,,15,0.246674615047937,0.782608695652174,0.19304969873316805,62.5531914893617,2,Run accumulators
e793a8ed,e793a8ed,Chaitanya Bishnoi,SMA,bat,5,2016,2022,32.0,755.0,643.0,78.0,17.0,373.0,324.0,329.0,282.0,53.0,37.0,32.0,117.41835147744946,23.59375,14.774494556765164,115.12345679012346,116.66666666666667,143.24324324324326,,,,,,,,,,,,,,,,,,,,,15,-0.056939819554962745,0.7619047619047619,-0.04338271966092406,45.53191489361702,3,Balanced batting group
e9cb8d60,e9cb8d60,Nitesh Sedai,SMA,bat,4,2019,2023,17.0,203.0,221.0,21.0,2.0,91.0,89.0,85.0,106.0,27.0,26.0,17.0,91.8552036199095,11.941176470588236,10.407239819004525,102.24719101123596,80.18867924528303,103.84615384615385,,,,,,,,,,,,,,,,,,,,,15,-1.465863466523347,0.6296296296296297,-0.9229510715147001,6.382978723404255,1,Low-output batting group
ebcfef83,ebcfef83,Himmat Singh,SMA,bat,6,2018,2024,33.0,599.0,472.0,48.0,26.0,85.0,63.0,296.0,275.0,218.0,134.0,33.0,126.90677966101696,18.151515151515152,15.677966101694915,134.92063492063494,107.63636363636364,162.6865671641791,,,,,,,,,,,,,,,,,,,,,15,-0.11725299118222969,0.7674418604651163,-0.08998485369799028,41.702127659574465,3,Balanced batting group
ebf25cf2,ebf25cf2,Priyank Panchal,SMA,bat,6,2016,2023,35.0,968.0,751.0,101.0,27.0,542.0,416.0,363.0,302.0,63.0,33.0,35.0,128.8948069241012,27.65714285714286,17.0439414114514,130.28846153846155,120.19867549668875,190.9090909090909,,,,,,,,,,,,,,,,,,,,,15,0.5257309963844126,0.7777777777777778,0.40890188607676525,77.02127659574468,2,Run accumulators
ee2ac9d7,ee2ac9d7,Marimuthu Vikneshwaran,SMA,bat,3,2019,2022,21.0,161.0,175.0,12.0,5.0,25.0,29.0,57.0,71.0,79.0,75.0,21.0,92.0,7.666666666666667,9.714285714285714,86.20689655172413,80.28169014084507,105.33333333333333,,,,,,,,,,,,,,,,,,,,,15,-1.7371834809466526,0.6774193548387096,-1.1768017128993453,3.829787234042553,1,Low-output batting group
f079e8fe,f079e8fe,Jay Bista,SMA,bat,3,2018,2021,26.0,820.0,589.0,98.0,25.0,516.0,378.0,251.0,188.0,53.0,23.0,26.0,139.21901528013584,31.53846153846154,20.882852292020374,136.5079365079365,133.51063829787233,230.43478260869566,,,,,,,,,,,,,,,,,,,,,15,1.1531427781397443,0.7222222222222222,0.832825339767593,92.34042553191489,2,Run accumulators
f088b960,f088b960,SN Khan,SMA,bat,4,2018,2023,18.0,280.0,233.0,24.0,9.0,7.0,12.0,149.0,141.0,124.0,80.0,18.0,120.1716738197425,15.555555555555555,14.163090128755366,58.333333333333336,105.67375886524823,155.0,,,,,,,,,,,,,,,,,,,,,15,-0.48026148898654397,0.6428571428571429,-0.30873952863420695,24.680851063829788,3,Balanced batting group
f10e94c4,f10e94c4,AD Nath,SMA,bat,5,2016,2022,34.0,700.0,578.0,62.0,17.0,173.0,144.0,405.0,344.0,122.0,90.0,34.0,121.10726643598615,20.58823529411765,13.667820069204154,120.13888888888889,117.73255813953489,135.55555555555557,,,,,,,,,,,,,,,,,,,,,15,-0.20370500902837116,0.7727272727272727,-0.15740841606737777,36.17021276595745,3,Balanced batting group
f19ccfad,f19ccfad,Washington Sundar,SMA,bat,3,2018,2023,25.0,576.0,489.0,45.0,16.0,255.0,197.0,263.0,253.0,58.0,39.0,25.0,117.79141104294479,23.04,12.474437627811861,129.44162436548223,103.95256916996047,148.71794871794873,,,,,,,,,,,,,,,,,,,,,15,-0.1960611734744217,0.7142857142857143,-0.14004369533887273,37.87234042553192,3,Balanced batting group
f29185a1,f29185a1,Abhishek Sharma,SMA,bat,5,2018,2023,34.0,878.0,594.0,75.0,51.0,399.0,308.0,393.0,236.0,86.0,50.0,34.0,147.8114478114478,25.823529411764707,21.21212121212121,129.54545454545453,166.52542372881356,172.0,,,,,,,,,,,,,,,,,,,,,15,1.029823307575871,0.7727272727272727,0.7957725558540819,90.63829787234042,2,Run accumulators
f62772e5,f62772e5,P Negi,SMA,bat,3,2016,2019,17.0,247.0,173.0,17.0,11.0,6.0,8.0,36.0,38.0,205.0,127.0,17.0,142.77456647398844,14.529411764705882,16.184971098265898,75.0,94.73684210526315,161.41732283464566,,,,,,,,,,,,,,,,,,,,,15,0.03818926537024207,0.6296296296296297,0.024045093010893064,51.06382978723404,3,Balanced batting group
f705d984,f705d984,Fabid Ahmed,SMA,bat,4,2016,2021,22.0,218.0,225.0,8.0,8.0,11.0,15.0,53.0,83.0,154.0,127.0,22.0,96.88888888888889,9.909090909090908,7.111111111111111,73.33333333333333,63.85542168674698,121.25984251968505,,,,,,,,,,,,,,,,,,,,,15,-1.6402542726861604,0.6875,-1.1276748124717353,4.680851063829787,1,Low-output batting group
f7ce1f24,f7ce1f24,Ravi Chauhan,SMA,bat,3,2018,2021,22.0,739.0,617.0,80.0,11.0,362.0,298.0,326.0,286.0,51.0,33.0,22.0,119.77309562398703,33.59090909090909,14.748784440842789,121.47651006711409,113.98601398601397,154.54545454545453,,,,,,,,,,,,,,,,,,,,,15,0.5511234678896988,0.6875,0.37889738417416785,74.04255319148936,2,Run accumulators
f986ca1a,f986ca1a,HV Patel,SMA,bat,5,2016,2023,26.0,672.0,428.0,76.0,36.0,481.0,316.0,176.0,102.0,15.0,10.0,26.0,157.00934579439252,25.846153846153847,26.168224299065418,152.2151898734177,172.54901960784315,150.0,,,,,,,,,,,,,,,,,,,,,15,1.4737841359142847,0.7222222222222222,1.0643996537158722,97.87234042553192,0,High-impact power hitters
f9900488,f9900488,P Prafullomani,SMA,bat,4,2019,2023,15.0,197.0,261.0,17.0,5.0,86.0,127.0,81.0,103.0,30.0,31.0,15.0,75.47892720306514,13.133333333333333,8.42911877394636,67.71653543307087,78.64077669902912,96.7741935483871,,,,,,,,,,,,,,,,,,,,,15,-1.842226744495987,0.6,-1.1053360466975921,5.106382978723404,1,Low-output batting group
f9e6e7ef,f9e6e7ef,Shahbaz Ahmed,SMA,bat,4,2019,2024,18.0,294.0,235.0,18.0,13.0,6.0,3.0,155.0,142.0,133.0,90.0,18.0,125.1063829787234,16.333333333333332,13.191489361702127,200.0,109.1549295774648,147.77777777777777,,,,,,,,,,,,,,,,,,,,,15,-0.38217669798600074,0.6428571428571429,-0.2456850201338577,30.21276595744681,3,Balanced batting group
f9f21866,f9f21866,Pratham Singh,SMA,bat,4,2019,2023,32.0,877.0,686.0,91.0,25.0,443.0,384.0,355.0,263.0,79.0,39.0,32.0,127.84256559766764,27.40625,16.909620991253643,115.36458333333333,134.9809885931559,202.56410256410254,,,,,,,,,,,,,,,,,,,,,15,0.48284026022622384,0.7619047619047619,0.3678782935056943,72.76595744680851,2,Run accumulators
faa7365d,faa7365d,DR Shorey,SMA,bat,4,2016,2021,23.0,493.0,434.0,43.0,16.0,157.0,153.0,271.0,243.0,65.0,38.0,23.0,113.59447004608295,21.434782608695652,13.594470046082948,102.61437908496731,111.52263374485597,171.05263157894737,,,,,,,,,,,,,,,,,,,,,15,-0.31754023716557855,0.696969696969697,-0.2213159228729791,31.914893617021278,3,Balanced batting group
fb2d1dda,fb2d1dda,N Rana,SMA,bat,7,2016,2024,46.0,1376.0,957.0,123.0,75.0,193.0,186.0,961.0,659.0,222.0,112.0,46.0,143.78265412748172,29.91304347826087,20.689655172413794,103.76344086021506,145.82701062215477,198.21428571428572,,,,,,,,,,,,,,,,,,,,,15,1.1480672594624468,0.8214285714285714,0.9430552488441527,96.59574468085106,2,Run accumulators
fe11caa6,fe11caa6,WP Saha,SMA,bat,5,2016,2023,24.0,561.0,436.0,54.0,17.0,246.0,185.0,282.0,218.0,33.0,33.0,24.0,128.6697247706422,23.375,16.28440366972477,132.97297297297297,129.3577981651376,100.0,,,,,,,,,,,,,,,,,,,,,15,0.2428704838769951,0.7058823529411765,0.1714379886190553,61.27659574468085,3,Balanced batting group
fe5f2e48,fe5f2e48,RL Jangid,SMA,bat,3,2016,2019,19.0,235.0,203.0,16.0,5.0,0.0,1.0,176.0,159.0,59.0,43.0,19.0,115.76354679802957,12.368421052631579,10.344827586206897,0.0,110.69182389937107,137.2093023255814,,,,,,,,,,,,,,,,,,,,,15,-0.9436783965245519,0.6551724137931034,-0.6182720528953961,10.212765957446807,3,Balanced batting group
00ea847a,00ea847a,MA Agarwal,IPL,bat,15,2011,2025,125.0,2764.0,2066.0,275.0,100.0,1418.0,1158.0,1094.0,786.0,252.0,122.0,125.0,133.78509196515006,22.112,18.15101645692159,122.45250431778929,139.18575063613233,206.55737704918033,,,,,,,,,,,,,,,,,,,,,10,0.42972161383465857,0.9259259259259259,0.39789038318023945,70.85714285714285,2,Run accumulators
0184dc35,0184dc35,R Dravid,IPL,bat,6,2008,2013,82.0,2174.0,1882.0,269.0,28.0,905.0,832.0,1069.0,931.0,200.0,119.0,82.0,115.5154091392136,26.51219512195122,15.781083953241232,108.77403846153845,114.82277121374867,168.0672268907563,,,,,,,,,,,,,,,,,,,,,10,0.2589466707049894,0.8913043478260869,0.2308002934544471,60.285714285714285,3,Balanced batting group
04a418e8,04a418e8,R Parag,IPL,bat,8,2019,2026,83.0,1828.0,1276.0,131.0,104.0,177.0,130.0,1080.0,792.0,571.0,354.0,83.0,143.2601880877743,22.02409638554217,18.41692789968652,136.15384615384616,136.36363636363635,161.29943502824858,,,,,,,,,,,,,,,,,,,,,10,0.5774576339735513,0.8924731182795699,0.5153654152667179,75.71428571428571,2,Run accumulators
05c2ca46,05c2ca46,RE van der Merwe,IPL,bat,4,2009,2013,15.0,159.0,141.0,11.0,8.0,36.0,37.0,70.0,58.0,53.0,46.0,15.0,112.7659574468085,10.6,13.47517730496454,97.2972972972973,120.6896551724138,115.21739130434783,,,,,,,,,,,,,,,,,,,,,10,-0.5469274351319919,0.6,-0.328156461079195,27.142857142857142,3,Balanced batting group
063b3673,063b3673,DH Yagnik,IPL,bat,4,2011,2014,17.0,170.0,137.0,23.0,2.0,0.0,0.0,74.0,62.0,96.0,75.0,17.0,124.08759124087592,10.0,18.248175182481752,,119.35483870967742,128.0,,,,,,,,,,,,,,,,,,,,,10,-0.2306664949845289,0.6296296296296297,-0.1452344598050736,37.42857142857143,3,Balanced batting group
0890552f,0890552f,A Manohar,IPL,bat,4,2022,2025,20.0,292.0,235.0,23.0,14.0,12.0,18.0,132.0,123.0,148.0,94.0,20.0,124.25531914893617,14.6,15.74468085106383,66.66666666666666,107.31707317073172,157.4468085106383,,,,,,,,,,,,,,,,,,,,,10,-0.12159828483159996,0.6666666666666666,-0.08106552322106647,41.714285714285715,3,Balanced batting group
0994d0ae,0994d0ae,V Shankar,IPL,bat,9,2017,2025,63.0,1233.0,950.0,88.0,48.0,127.0,130.0,591.0,510.0,515.0,310.0,63.0,129.78947368421052,19.571428571428573,14.315789473684209,97.6923076923077,115.88235294117648,166.1290322580645,,,,,,,,,,,,,,,,,,,,,10,0.12255701966528984,0.863013698630137,0.10576838683442828,54.85714285714286,3,Balanced batting group
0a3d54b9,0a3d54b9,VR Aaron,IPL,bat,7,2011,2020,12.0,50.0,72.0,2.0,2.0,0.0,0.0,0.0,1.0,50.0,71.0,12.0,69.44444444444444,4.166666666666667,5.555555555555555,,0.0,70.4225352112676,,,,,,,,,,,,,,,,,,,,,10,-1.7572538318575774,0.5454545454545454,-0.9585020901041329,6.857142857142858,1,Low-output batting group
0a476045,0a476045,S Dhawan,IPL,bat,17,2008,2024,221.0,6769.0,5326.0,768.0,153.0,3415.0,2782.0,2686.0,2123.0,668.0,421.0,221.0,127.09350356740518,30.6289592760181,17.292527224934283,122.75341480948958,126.51907677814414,158.66983372921615,,,,,,,,,,,,,,,,,,,,,10,0.6632227837831421,0.9567099567099567,0.6345118407622269,82.57142857142857,2,Run accumulators
0a509d6b,0a509d6b,RK Singh,IPL,bat,8,2018,2026,60.0,1389.0,950.0,113.0,67.0,40.0,28.0,567.0,510.0,782.0,412.0,60.0,146.21052631578948,23.15,18.947368421052634,142.85714285714286,111.1764705882353,189.80582524271844,,,,,,,,,,,,,,,,,,,,,10,0.6890154011319158,0.8571428571428571,0.5905846295416423,79.14285714285715,2,Run accumulators
0bacade8,0bacade8,Rahmanullah Gurbaz,IPL,bat,3,2023,2025,18.0,363.0,269.0,34.0,22.0,252.0,195.0,111.0,73.0,0.0,1.0,18.0,134.9442379182156,20.166666666666668,20.817843866171003,129.23076923076923,152.05479452054794,0.0,,,,,,,,,,,,,,,,,,,,,10,0.46010460935340514,0.6428571428571429,0.29578153458433204,64.0,3,Balanced batting group
0c2730df,0c2730df,A Kumble,IPL,bat,3,2008,2010,15.0,35.0,47.0,3.0,0.0,0.0,0.0,1.0,5.0,34.0,42.0,15.0,74.46808510638297,2.3333333333333335,6.382978723404255,,20.0,80.95238095238095,,,,,,,,,,,,,,,,,,,,,10,-1.7306430249001097,0.6,-1.0383858149400655,4.571428571428571,1,Low-output batting group
0c94f480,0c94f480,UBT Chand,IPL,bat,6,2011,2016,20.0,300.0,300.0,32.0,9.0,120.0,142.0,150.0,140.0,30.0,18.0,20.0,100.0,15.0,13.666666666666666,84.50704225352112,107.14285714285714,166.66666666666669,,,,,,,,,,,,,,,,,,,,,10,-0.5427674894317087,0.6666666666666666,-0.3618449929544723,25.71428571428571,3,Balanced batting group
0ebfb1ad,0ebfb1ad,E Lewis,IPL,bat,4,2018,2022,26.0,654.0,477.0,62.0,36.0,420.0,286.0,202.0,170.0,32.0,21.0,26.0,137.1069182389937,25.153846153846153,20.545073375262053,146.85314685314685,118.82352941176471,152.38095238095238,,,,,,,,,,,,,,,,,,,,,10,0.6962050360524756,0.7222222222222222,0.5028147482601214,75.14285714285714,2,Run accumulators
0f12f9df,0f12f9df,NLTC Perera,IPL,bat,5,2011,2016,30.0,424.0,309.0,23.0,26.0,20.0,16.0,137.0,117.0,267.0,176.0,30.0,137.2168284789644,14.133333333333333,15.857605177993527,125.0,117.0940170940171,151.70454545454547,,,,,,,,,,,,,,,,,,,,,10,0.05660303940902655,0.75,0.04245227955677003,49.42857142857143,3,Balanced batting group
0f721006,0f721006,JO Holder,IPL,bat,7,2014,2026,32.0,317.0,255.0,15.0,21.0,12.0,18.0,85.0,69.0,220.0,168.0,32.0,124.31372549019608,9.90625,14.117647058823529,66.66666666666666,123.18840579710144,130.95238095238096,,,,,,,,,,,,,,,,,,,,,10,-0.3804943001324822,0.7619047619047619,-0.28990041914855774,30.857142857142854,3,Balanced batting group
119678fd,119678fd,KV Sharma,IPL,bat,9,2009,2025,40.0,352.0,295.0,20.0,17.0,7.0,9.0,97.0,105.0,248.0,181.0,40.0,119.3220338983051,8.8,12.54237288135593,77.77777777777779,92.38095238095238,137.01657458563537,,,,,,,,,,,,,,,,,,,,,10,-0.5595215872639379,0.8,-0.4476172698111502,22.0,3,Balanced batting group
11df3dc8,11df3dc8,MJ Lumb,IPL,bat,2,2010,2011,12.0,278.0,194.0,45.0,6.0,225.0,154.0,53.0,40.0,0.0,0.0,12.0,143.29896907216494,23.166666666666668,26.288659793814436,146.10389610389612,132.5,,,,,,,,,,,,,,,,,,,,,,10,0.9113030775336256,0.5454545454545454,0.49707440592743235,74.85714285714286,0,High-impact power hitters
12314277,12314277,Arshad Khan (2),IPL,bat,4,2023,2026,12.0,132.0,93.0,7.0,9.0,0.0,0.0,39.0,30.0,93.0,63.0,12.0,141.93548387096774,11.0,17.20430107526882,,130.0,147.61904761904762,,,,,,,,,,,,,,,,,,,,,10,0.04173341722729594,0.5454545454545454,0.02276368212397982,47.42857142857143,3,Balanced batting group
12b610c2,12b610c2,TM Head,IPL,bat,5,2016,2026,50.0,1513.0,891.0,165.0,77.0,967.0,544.0,446.0,291.0,100.0,56.0,50.0,169.80920314253646,30.26,27.160493827160494,177.75735294117646,153.2646048109966,178.57142857142858,,,,,,,,,,,,,,,,,,,,,10,1.6435590211766118,0.8333333333333334,1.3696325176471766,98.85714285714286,0,High-impact power hitters
12eddf28,12eddf28,RJ Harris,IPL,bat,5,2009,2013,21.0,117.0,112.0,6.0,3.0,0.0,0.0,20.0,25.0,97.0,87.0,21.0,104.46428571428572,5.571428571428571,8.035714285714286,,80.0,111.49425287356323,,,,,,,,,,,,,,,,,,,,,10,-1.0830682336882265,0.6774193548387096,-0.733691384111379,11.428571428571429,1,Low-output batting group
13c35c9e,13c35c9e,TG Southee,IPL,bat,8,2014,2022,19.0,120.0,107.0,8.0,4.0,0.0,0.0,14.0,27.0,106.0,80.0,19.0,112.14953271028037,6.315789473684211,11.214953271028037,,51.85185185185185,132.5,,,,,,,,,,,,,,,,,,,,,10,-0.8212633539680324,0.6551724137931034,-0.5380690939790556,17.142857142857142,1,Low-output batting group
1abb78f8,1abb78f8,SN Thakur,IPL,bat,11,2015,2026,42.0,339.0,252.0,31.0,13.0,0.0,4.0,116.0,90.0,223.0,158.0,42.0,134.52380952380955,8.071428571428571,17.46031746031746,0.0,128.88888888888889,141.13924050632912,,,,,,,,,,,,,,,,,,,,,10,-0.1854233457535852,0.8076923076923077,-0.1497650100317418,37.142857142857146,3,Balanced batting group
1ac746c8,1ac746c8,Atharva Taide,IPL,bat,3,2023,2025,10.0,260.0,177.0,30.0,8.0,157.0,103.0,103.0,74.0,0.0,0.0,10.0,146.89265536723164,26.0,21.468926553672315,152.4271844660194,139.1891891891892,,,,,,,,,,,,,,,,,,,,,,10,0.9123578447964724,0.5,0.45617892239823643,73.71428571428571,2,Run accumulators
1c17e270,1c17e270,RV Uthappa,IPL,bat,15,2008,2022,197.0,4954.0,3801.0,481.0,182.0,2037.0,1638.0,2350.0,1837.0,567.0,326.0,197.0,130.33412259931595,25.14720812182741,17.442778216258876,124.35897435897436,127.92596624931953,173.92638036809817,,,,,,,,,,,,,,,,,,,,,10,0.48243544517976716,0.9516908212560387,0.45912938502615525,74.0,2,Run accumulators
1c2a64cd,1c2a64cd,A Ashish Reddy,IPL,bat,4,2012,2016,23.0,280.0,193.0,16.0,15.0,5.0,6.0,61.0,41.0,214.0,146.0,23.0,145.0777202072539,12.173913043478262,16.06217616580311,83.33333333333334,148.78048780487805,146.57534246575344,,,,,,,,,,,,,,,,,,,,,10,0.09780580271762479,0.696969696969697,0.06816768068198108,50.857142857142854,3,Balanced batting group
1c914163,1c914163,Yuvraj Singh,IPL,bat,11,2008,2019,126.0,2754.0,2122.0,218.0,149.0,193.0,186.0,1655.0,1435.0,906.0,501.0,126.0,129.78322337417532,21.857142857142858,17.295004712535345,103.76344086021506,115.33101045296168,180.83832335329342,,,,,,,,,,,,,,,,,,,,,10,0.32795730924516053,0.9264705882352942,0.3038428012124282,64.57142857142857,2,Run accumulators
1dc12ab9,1dc12ab9,SK Raina,IPL,bat,13,2008,2021,200.0,5536.0,4046.0,506.0,204.0,1560.0,1171.0,3077.0,2348.0,899.0,527.0,200.0,136.82649530400394,27.68,17.54819574888779,133.21947053800173,131.04770017035776,170.58823529411765,,,,,,,,,,,,,,,,,,,,,10,0.6919320890150793,0.9523809523809523,0.6589829419191231,83.14285714285714,2,Run accumulators
1e66c162,1e66c162,JD Unadkat,IPL,bat,11,2013,2026,28.0,201.0,169.0,16.0,7.0,0.0,0.0,23.0,28.0,178.0,141.0,28.0,118.93491124260356,7.178571428571429,13.609467455621301,,82.14285714285714,126.24113475177306,,,,,,,,,,,,,,,,,,,,,10,-0.5962086112463512,0.7368421052631579,-0.43931160828678495,22.285714285714285,3,Balanced batting group
235c2bb6,235c2bb6,H Klaasen,IPL,bat,6,2018,2026,58.0,2035.0,1228.0,142.0,114.0,99.0,77.0,1202.0,771.0,734.0,380.0,58.0,165.71661237785017,35.08620689655172,20.846905537459286,128.57142857142858,155.90142671854736,193.1578947368421,,,,,,,,,,,,,,,,,,,,,10,1.5608880604302398,0.8529411764705882,1.3313456986022634,98.57142857142858,2,Run accumulators
23eeb873,23eeb873,DL Chahar,IPL,bat,8,2017,2026,18.0,124.0,91.0,6.0,8.0,0.0,0.0,61.0,39.0,63.0,52.0,18.0,136.26373626373626,6.888888888888889,15.384615384615385,,156.4102564102564,121.15384615384615,,,,,,,,,,,,,,,,,,,,,10,-0.28498360193221806,0.6428571428571429,-0.1832037440992829,35.714285714285715,3,Balanced batting group
244048f6,244048f6,Arshdeep Singh,IPL,bat,7,2020,2026,14.0,32.0,47.0,4.0,0.0,0.0,0.0,4.0,3.0,28.0,44.0,14.0,68.08510638297872,2.2857142857142856,8.51063829787234,,133.33333333333331,63.63636363636363,,,,,,,,,,,,,,,,,,,,,10,-1.7514175387901207,0.5833333333333334,-1.0216602309609035,5.714285714285714,1,Low-output batting group
2461eef2,2461eef2,PA Reddy,IPL,bat,2,2012,2013,10.0,164.0,160.0,15.0,2.0,103.0,104.0,46.0,51.0,15.0,5.0,10.0,102.49999999999999,16.4,10.625,99.03846153846155,90.19607843137256,300.0,,,,,,,,,,,,,,,,,,,,,10,-0.5552450028108151,0.5,-0.27762250140540734,31.142857142857146,3,Balanced batting group
2498e163,2498e163,JR Hopes,IPL,bat,2,2008,2011,19.0,417.0,306.0,49.0,11.0,167.0,133.0,187.0,128.0,63.0,45.0,19.0,136.27450980392157,21.94736842105263,19.607843137254903,125.5639097744361,146.09375,140.0,,,,,,,,,,,,,,,,,,,,,10,0.5125744678168296,0.6551724137931034,0.33582465132826783,66.57142857142857,2,Run accumulators
24d94623,24d94623,Ankit Sharma,IPL,bat,5,2012,2017,10.0,87.0,67.0,7.0,4.0,27.0,23.0,12.0,10.0,48.0,34.0,10.0,129.8507462686567,8.7,16.417910447761194,117.3913043478261,120.0,141.1764705882353,,,,,,,,,,,,,,,,,,,,,10,-0.2661409903716387,0.5,-0.1330704951858191,38.57142857142858,3,Balanced batting group
25eeb281,25eeb281,PC Valthaty,IPL,bat,4,2009,2013,23.0,505.0,418.0,61.0,20.0,312.0,278.0,147.0,118.0,46.0,22.0,23.0,120.8133971291866,21.956521739130434,19.37799043062201,112.23021582733811,124.57627118644068,209.0909090909091,,,,,,,,,,,,,,,,,,,,,10,0.27312440847717434,0.696969696969697,0.19035943621136409,58.285714285714285,2,Run accumulators
26989d80,26989d80,Shashank Singh,IPL,bat,4,2022,2026,42.0,905.0,560.0,67.0,51.0,34.0,25.0,359.0,273.0,512.0,262.0,42.0,161.60714285714286,21.547619047619047,21.071428571428573,136.0,131.5018315018315,195.41984732824426,,,,,,,,,,,,,,,,,,,,,10,0.9276939233261163,0.8076923076923077,0.7492912457634018,87.42857142857143,2,Run accumulators
26a85969,26a85969,R Dhawan,IPL,bat,6,2013,2023,22.0,210.0,187.0,18.0,7.0,0.0,0.0,42.0,55.0,168.0,132.0,22.0,112.29946524064172,9.545454545454545,13.368983957219251,,76.36363636363637,127.27272727272727,,,,,,,,,,,,,,,,,,,,,10,-0.6029080256968945,0.6875,-0.4144992676666148,23.42857142857143,1,Low-output batting group
26e5cabf,26e5cabf,MK Tiwary,IPL,bat,10,2008,2018,83.0,1695.0,1449.0,156.0,40.0,224.0,230.0,874.0,807.0,597.0,412.0,83.0,116.97722567287785,20.42168674698795,13.526570048309178,97.3913043478261,108.30235439900868,144.9029126213592,,,,,,,,,,,,,,,,,,,,,10,-0.061411096068842555,0.8924731182795699,-0.0548077524055261,43.714285714285715,3,Balanced batting group
271f83cd,271f83cd,SA Yadav,IPL,bat,14,2012,2026,162.0,4506.0,3036.0,477.0,173.0,984.0,706.0,2691.0,1867.0,831.0,463.0,162.0,148.4189723320158,27.814814814814813,21.409749670619235,139.37677053824362,144.1349758971612,179.4816414686825,,,,,,,,,,,,,,,,,,,,,10,1.0107935615963162,0.9418604651162791,0.9520264940616466,92.57142857142857,2,Run accumulators
2728e7e9,2728e7e9,P Dogra,IPL,bat,3,2010,2013,12.0,127.0,138.0,4.0,5.0,0.0,0.0,54.0,76.0,73.0,62.0,12.0,92.02898550724638,10.583333333333334,6.521739130434782,,71.05263157894737,117.74193548387098,,,,,,,,,,,,,,,,,,,,,10,-1.1093563557285624,0.5454545454545454,-0.6051034667610338,14.285714285714285,1,Low-output batting group
2815fe50,2815fe50,AA Jhunjhunwala,IPL,bat,3,2010,2012,15.0,217.0,210.0,19.0,5.0,24.0,34.0,124.0,125.0,69.0,51.0,15.0,103.33333333333334,14.466666666666667,11.428571428571429,70.58823529411765,99.2,135.29411764705884,,,,,,,,,,,,,,,,,,,,,10,-0.596530421528279,0.6,-0.3579182529169672,26.0,3,Balanced batting group
29e95537,29e95537,AM Rahane,IPL,bat,18,2008,2026,195.0,5283.0,4217.0,532.0,137.0,2714.0,2207.0,2060.0,1687.0,509.0,323.0,195.0,125.27863410007114,27.092307692307692,15.864358548731325,122.97236067059356,122.11025489033788,157.58513931888544,,,,,,,,,,,,,,,,,,,,,10,0.4330069608893936,0.9512195121951219,0.41188467011430124,71.42857142857143,2,Run accumulators
2a2e6343,2a2e6343,DT Christian,IPL,bat,6,2011,2021,41.0,460.0,398.0,23.0,19.0,3.0,8.0,148.0,167.0,309.0,223.0,41.0,115.57788944723617,11.21951219512195,10.552763819095476,37.5,88.62275449101796,138.56502242152467,,,,,,,,,,,,,,,,,,,,,10,-0.5838488080376076,0.803921568627451,-0.46936864959886093,21.142857142857142,3,Balanced batting group
2b6e6dec,2b6e6dec,AC Gilchrist,IPL,bat,6,2008,2013,80.0,2069.0,1495.0,239.0,92.0,1385.0,1033.0,621.0,430.0,63.0,32.0,80.0,138.39464882943145,25.8625,22.14046822742475,134.0755082284608,144.41860465116278,196.875,,,,,,,,,,,,,,,,,,,,,10,0.8034638152167324,0.8888888888888888,0.7141900579704288,85.71428571428571,2,Run accumulators
2be41edb,2be41edb,MJ Guptill,IPL,bat,3,2016,2019,13.0,271.0,197.0,24.0,15.0,219.0,157.0,52.0,40.0,0.0,0.0,13.0,137.56345177664974,20.846153846153847,19.796954314720814,139.4904458598726,130.0,,,,,,,,,,,,,,,,,,,,,,10,0.49155080660250294,0.5652173913043478,0.2778330646014149,62.857142857142854,2,Run accumulators
2c25d4f5,2c25d4f5,D Padikkal,IPL,bat,7,2020,2026,86.0,2218.0,1668.0,234.0,79.0,1037.0,784.0,1043.0,787.0,138.0,97.0,86.0,132.9736211031175,25.790697674418606,18.764988009592326,132.2704081632653,132.52858958068614,142.2680412371134,,,,,,,,,,,,,,,,,,,,,10,0.5972794618966647,0.8958333333333334,0.5350628512824288,77.14285714285715,2,Run accumulators
2e11c706,2e11c706,BCJ Cutting,IPL,bat,5,2014,2019,17.0,238.0,141.0,15.0,19.0,0.0,0.0,22.0,20.0,216.0,121.0,17.0,168.79432624113474,14.0,24.113475177304963,,110.00000000000001,178.51239669421489,,,,,,,,,,,,,,,,,,,,,10,0.821997325588481,0.6296296296296297,0.5175538716668217,76.0,2,Run accumulators
2e171977,2e171977,AR Patel,IPL,bat,13,2014,2026,133.0,2050.0,1537.0,143.0,98.0,79.0,72.0,975.0,816.0,996.0,649.0,133.0,133.37670787247887,15.413533834586467,15.67989590110605,109.72222222222223,119.48529411764706,153.4668721109399,,,,,,,,,,,,,,,,,,,,,10,0.04749782137258899,0.9300699300699301,0.04417629540247791,50.0,3,Balanced batting group
2e81a32d,2e81a32d,B Kumar,IPL,bat,16,2011,2026,75.0,354.0,377.0,34.0,4.0,0.0,0.0,38.0,51.0,316.0,326.0,75.0,93.89920424403184,4.72,10.079575596816976,,74.50980392156863,96.93251533742331,,,,,,,,,,,,,,,,,,,,,10,-1.2039206520097252,0.8823529411764706,-1.062282928243875,4.285714285714286,1,Low-output batting group
2e8994e7,2e8994e7,JP Duminy,IPL,bat,8,2009,2018,75.0,2029.0,1636.0,126.0,79.0,235.0,239.0,912.0,877.0,882.0,520.0,75.0,124.02200488997555,27.053333333333335,12.530562347188265,98.32635983263597,103.99087799315849,169.6153846153846,,,,,,,,,,,,,,,,,,,,,10,0.29209845122982214,0.8823529411764706,0.2577339275557255,61.142857142857146,3,Balanced batting group
2ed569a0,2ed569a0,RD Chahar,IPL,bat,7,2017,2024,22.0,129.0,124.0,13.0,5.0,0.0,0.0,4.0,16.0,125.0,108.0,22.0,104.03225806451613,5.863636363636363,14.516129032258066,,25.0,115.74074074074075,,,,,,,,,,,,,,,,,,,,,10,-0.8429445219858841,0.6875,-0.5795243588652952,15.142857142857144,1,Low-output batting group
2f49c897,2f49c897,Mohammed Siraj,IPL,bat,9,2018,2026,22.0,112.0,126.0,10.0,4.0,0.0,0.0,0.0,0.0,112.0,126.0,22.0,88.88888888888889,5.090909090909091,11.11111111111111,,,88.88888888888889,,,,,,,,,,,,,,,,,,,,,10,-1.2258094125401255,0.6875,-0.8427439711213361,8.857142857142856,1,Low-output batting group
30a2649b,30a2649b,CM Gautam,IPL,bat,3,2013,2015,13.0,169.0,150.0,17.0,6.0,68.0,62.0,46.0,44.0,55.0,44.0,13.0,112.66666666666667,13.0,15.333333333333332,109.6774193548387,104.54545454545455,125.0,,,,,,,,,,,,,,,,,,,,,10,-0.3785204386495826,0.5652173913043478,-0.21394633488889428,33.14285714285714,3,Balanced batting group
30a45b23,30a45b23,SPD Smith,IPL,bat,9,2012,2021,93.0,2495.0,1945.0,226.0,60.0,510.0,416.0,1279.0,1095.0,706.0,434.0,93.0,128.2776349614396,26.827956989247312,14.704370179948587,122.59615384615385,116.80365296803652,162.67281105990781,,,,,,,,,,,,,,,,,,,,,10,0.42469834915000904,0.9029126213592233,0.3834654997179694,69.71428571428572,2,Run accumulators
32198ae0,32198ae0,MC Henriques,IPL,bat,8,2009,2021,54.0,1000.0,788.0,87.0,28.0,161.0,140.0,504.0,445.0,335.0,203.0,54.0,126.90355329949239,18.51851851851852,14.593908629441623,114.99999999999999,113.25842696629213,165.02463054187194,,,,,,,,,,,,,,,,,,,,,10,0.04429589793971604,0.84375,0.03737466388663549,49.142857142857146,3,Balanced batting group
3241e3fd,3241e3fd,N Pooran,IPL,bat,8,2019,2026,99.0,2525.0,1536.0,169.0,186.0,226.0,146.0,1420.0,895.0,879.0,495.0,99.0,164.38802083333331,25.505050505050505,23.111979166666664,154.7945205479452,158.659217877095,177.5757575757576,,,,,,,,,,,,,,,,,,,,,10,1.2125153172232028,0.908256880733945,1.101275379863276,95.71428571428572,0,High-impact power hitters
327b58d3,327b58d3,PVD Chameera,IPL,bat,3,2022,2026,11.0,53.0,45.0,3.0,3.0,0.0,0.0,1.0,1.0,52.0,44.0,11.0,117.77777777777779,4.818181818181818,13.333333333333334,,100.0,118.18181818181819,,,,,,,,,,,,,,,,,,,,,10,-0.7245905473502875,0.5238095238095238,-0.3795474295644361,24.285714285714285,3,Balanced batting group
3355b542,3355b542,F du Plessis,IPL,bat,13,2012,2025,147.0,4773.0,3515.0,440.0,174.0,2281.0,1673.0,1924.0,1526.0,568.0,316.0,147.0,135.78947368421052,32.46938775510204,17.467994310099574,136.34190077704721,126.08125819134995,179.74683544303798,,,,,,,,,,,,,,,,,,,,,10,0.8786008505931175,0.9363057324840764,0.8226390129757215,89.14285714285714,2,Run accumulators
33a364a6,33a364a6,R Bhatia,IPL,bat,10,2008,2017,47.0,342.0,284.0,24.0,13.0,0.0,0.0,91.0,112.0,251.0,172.0,47.0,120.4225352112676,7.276595744680851,13.028169014084506,,81.25,145.93023255813952,,,,,,,,,,,,,,,,,,,,,10,-0.590730054600201,0.8245614035087719,-0.4870932029159551,20.285714285714285,3,Balanced batting group
35205dfc,35205dfc,DR Smith,IPL,bat,9,2008,2017,88.0,2385.0,1764.0,245.0,117.0,1213.0,976.0,1004.0,677.0,168.0,111.0,88.0,135.20408163265304,27.102272727272727,20.521541950113377,124.2827868852459,148.301329394387,151.35135135135135,,,,,,,,,,,,,,,,,,,,,10,0.7502963204220392,0.8979591836734694,0.6737354713993822,84.0,2,Run accumulators
3576e47e,3576e47e,S Badrinath,IPL,bat,6,2008,2013,65.0,1441.0,1212.0,154.0,28.0,182.0,237.0,837.0,697.0,422.0,278.0,65.0,118.8943894389439,22.16923076923077,15.016501650165019,76.79324894514767,120.08608321377332,151.79856115107916,,,,,,,,,,,,,,,,,,,,,10,0.09595271629591534,0.8666666666666667,0.08315902078979337,51.42857142857142,3,Balanced batting group
372455c4,372455c4,Q de Kock,IPL,bat,13,2013,2026,118.0,3444.0,2553.0,334.0,143.0,1966.0,1512.0,1238.0,924.0,240.0,117.0,118.0,134.90011750881317,29.1864406779661,18.683901292596943,130.026455026455,133.982683982684,205.1282051282051,,,,,,,,,,,,,,,,,,,,,10,0.7686167209585502,0.921875,0.7085685396336634,85.42857142857143,2,Run accumulators
378daa89,378daa89,Aman Hakim Khan,IPL,bat,2,2022,2023,10.0,115.0,104.0,8.0,6.0,4.0,5.0,52.0,58.0,59.0,41.0,10.0,110.57692307692308,11.5,13.461538461538462,80.0,89.65517241379311,143.90243902439025,,,,,,,,,,,,,,,,,,,,,10,-0.541661531306012,0.5,-0.2708307656530058,31.428571428571427,3,Balanced batting group
39a2dfa8,39a2dfa8,R Tewatia,IPL,bat,11,2014,2026,87.0,1210.0,885.0,99.0,57.0,6.0,7.0,352.0,362.0,852.0,516.0,87.0,136.72316384180792,13.908045977011493,17.627118644067796,85.71428571428571,97.23756906077348,165.11627906976744,,,,,,,,,,,,,,,,,,,,,10,0.1034795998223447,0.8969072164948454,0.09281159984065973,52.28571428571429,3,Balanced batting group
39f01cdb,39f01cdb,KP Pietersen,IPL,bat,5,2009,2016,36.0,1001.0,743.0,91.0,40.0,392.0,294.0,486.0,380.0,123.0,69.0,36.0,134.72409152086138,27.805555555555557,17.631224764468374,133.33333333333331,127.89473684210526,178.26086956521738,,,,,,,,,,,,,,,,,,,,,10,0.6688230945001016,0.782608695652174,0.5234267696087753,76.85714285714286,2,Run accumulators
3a60e0b5,3a60e0b5,WD Parnell,IPL,bat,5,2011,2023,13.0,65.0,80.0,4.0,1.0,11.0,14.0,5.0,8.0,49.0,58.0,13.0,81.25,5.0,6.25,78.57142857142857,62.5,84.48275862068965,,,,,,,,,,,,,,,,,,,,,10,-1.519688557565258,0.5652173913043478,-0.8589544021021019,8.285714285714285,1,Low-output batting group
3c6ffae8,3c6ffae8,YK Pathan,IPL,bat,12,2008,2019,153.0,3222.0,2245.0,263.0,161.0,361.0,245.0,1735.0,1299.0,1126.0,701.0,153.0,143.51893095768372,21.058823529411764,18.88641425389755,147.34693877551018,133.5642802155504,160.62767475035665,,,,,,,,,,,,,,,,,,,,,10,0.5569550363590545,0.9386503067484663,0.5227860157235297,76.57142857142857,2,Run accumulators
3d284ca3,3d284ca3,PD Salt,IPL,bat,4,2023,2026,40.0,1258.0,721.0,138.0,67.0,840.0,488.0,383.0,214.0,35.0,19.0,40.0,174.47988904299584,31.45,28.43273231622746,172.1311475409836,178.97196261682242,184.21052631578948,,,,,,,,,,,,,,,,,,,,,10,1.8104194636367061,0.8,1.448335570909365,99.42857142857143,0,High-impact power hitters
3d7e087f,3d7e087f,SK Trivedi,IPL,bat,6,2008,2013,14.0,42.0,59.0,3.0,1.0,0.0,0.0,0.0,1.0,42.0,58.0,14.0,71.1864406779661,3.0,6.779661016949152,,0.0,72.41379310344827,,,,,,,,,,,,,,,,,,,,,10,-1.7369103451522723,0.5833333333333334,-1.0131977013388254,6.0,1,Low-output batting group
3d8feaf8,3d8feaf8,MR Marsh,IPL,bat,10,2010,2026,62.0,1855.0,1249.0,155.0,111.0,839.0,537.0,776.0,555.0,240.0,157.0,62.0,148.51881505204162,29.919354838709676,21.297037630104082,156.23836126629422,139.81981981981983,152.86624203821657,,,,,,,,,,,,,,,,,,,,,10,1.0983401038982599,0.8611111111111112,0.945792867245724,92.28571428571428,2,Run accumulators
3eac9d95,3eac9d95,JDP Oram,IPL,bat,3,2008,2011,11.0,106.0,108.0,6.0,5.0,0.0,0.0,44.0,58.0,62.0,50.0,11.0,98.14814814814815,9.636363636363637,10.185185185185185,,75.86206896551724,124.0,,,,,,,,,,,,,,,,,,,,,10,-0.9259421717770441,0.5238095238095238,-0.4850173280736896,20.57142857142857,1,Low-output batting group
3edb58fc,3edb58fc,AD Mascarenhas,IPL,bat,5,2008,2013,11.0,79.0,78.0,5.0,1.0,4.0,2.0,26.0,36.0,49.0,40.0,11.0,101.28205128205127,7.181818181818182,7.6923076923076925,200.0,72.22222222222221,122.50000000000001,,,,,,,,,,,,,,,,,,,,,10,-1.074166721763194,0.5238095238095238,-0.5626587590188158,15.714285714285714,1,Low-output batting group
3fb19989,3fb19989,MA Starc,IPL,bat,5,2014,2026,22.0,111.0,121.0,11.0,0.0,0.0,0.0,37.0,35.0,74.0,86.0,22.0,91.73553719008265,5.045454545454546,9.090909090909092,,105.71428571428572,86.04651162790698,,,,,,,,,,,,,,,,,,,,,10,-1.258097767210553,0.6875,-0.8649422149572551,8.0,1,Low-output batting group
3fca55af,3fca55af,S Sohal,IPL,bat,3,2008,2011,20.0,368.0,292.0,34.0,18.0,279.0,220.0,85.0,63.0,4.0,9.0,20.0,126.02739726027397,18.4,17.80821917808219,126.81818181818181,134.92063492063494,44.44444444444444,,,,,,,,,,,,,,,,,,,,,10,0.14220438709691616,0.6666666666666666,0.0948029247312776,52.57142857142857,3,Balanced batting group
41eb4a4f,41eb4a4f,R Vinay Kumar,IPL,bat,10,2008,2018,42.0,310.0,274.0,21.0,9.0,0.0,0.0,48.0,48.0,262.0,226.0,42.0,113.13868613138686,7.380952380952381,10.948905109489052,,100.0,115.929203539823,,,,,,,,,,,,,,,,,,,,,10,-0.770446737670238,0.8076923076923077,-0.6222839035028844,14.000000000000002,1,Low-output batting group
4329fbb5,4329fbb5,SR Watson,IPL,bat,12,2008,2020,141.0,3880.0,2813.0,377.0,190.0,1421.0,1261.0,2006.0,1307.0,453.0,245.0,141.0,137.93103448275863,27.5177304964539,20.156416637042305,112.6883425852498,153.4812547819434,184.89795918367346,,,,,,,,,,,,,,,,,,,,,10,0.7957364471212826,0.9337748344370861,0.7430386691662307,86.85714285714286,2,Run accumulators
45a43fe2,45a43fe2,RD Gaikwad,IPL,bat,7,2020,2026,83.0,2823.0,2086.0,259.0,105.0,1378.0,1081.0,1149.0,836.0,296.0,169.0,83.0,135.33077660594438,34.01204819277108,17.449664429530202,127.47456059204441,137.44019138755982,175.14792899408286,,,,,,,,,,,,,,,,,,,,,10,0.9371307735293455,0.8924731182795699,0.8363640236874804,89.71428571428571,2,Run accumulators
45eda7c8,45eda7c8,CA Lynn,IPL,bat,7,2012,2021,42.0,1329.0,945.0,132.0,66.0,779.0,540.0,514.0,371.0,36.0,34.0,42.0,140.63492063492063,31.642857142857142,20.952380952380953,144.25925925925927,138.544474393531,105.88235294117648,,,,,,,,,,,,,,,,,,,,,10,1.0416300913465923,0.8076923076923077,0.8413166122414786,90.28571428571428,2,Run accumulators
462411b3,462411b3,JJ Bumrah,IPL,bat,11,2014,2026,29.0,75.0,86.0,6.0,1.0,0.0,0.0,10.0,7.0,65.0,79.0,29.0,87.20930232558139,2.586206896551724,8.13953488372093,,142.85714285714286,82.27848101265823,,,,,,,,,,,,,,,,,,,,,10,-1.4655579047613494,0.7435897435897436,-1.0897738266174135,4.0,1,Low-output batting group
46a9bea1,46a9bea1,TU Deshpande,IPL,bat,5,2020,2026,10.0,54.0,36.0,2.0,4.0,0.0,0.0,0.0,1.0,54.0,35.0,10.0,150.0,5.4,16.666666666666664,,0.0,154.2857142857143,,,,,,,,,,,,,,,,,,,,,10,-0.09672417120934806,0.5,-0.04836208560467379,44.0,1,Low-output batting group
470f446b,470f446b,V Suryavanshi,IPL,bat,2,2025,2026,20.0,831.0,367.0,68.0,77.0,570.0,250.0,261.0,117.0,0.0,0.0,20.0,226.43051771117166,41.55,39.509536784741144,227.99999999999997,223.0769230769231,,,,,,,,,,,,,,,,,,,,,,10,3.4210308242125,0.6666666666666666,2.2806872161416667,100.0,0,High-impact power hitters
48a1d7b7,48a1d7b7,SO Hetmyer,IPL,bat,8,2019,2026,85.0,1566.0,1049.0,99.0,96.0,74.0,71.0,536.0,422.0,956.0,556.0,85.0,149.28503336510963,18.423529411764704,18.589132507149667,104.22535211267605,127.01421800947867,171.94244604316546,,,,,,,,,,,,,,,,,,,,,10,0.519716625291191,0.8947368421052632,0.46500961210264463,74.57142857142857,2,Run accumulators
48fd7349,48fd7349,MEK Hussey,IPL,bat,7,2008,2015,58.0,1977.0,1612.0,198.0,52.0,828.0,767.0,888.0,709.0,261.0,136.0,58.0,122.64267990074443,34.08620689655172,15.508684863523573,107.95306388526727,125.24682651622004,191.91176470588235,,,,,,,,,,,,,,,,,,,,,10,0.6801840591104894,0.8529411764705882,0.5801569915942411,78.57142857142857,2,Run accumulators
495d42a5,495d42a5,R Ashwin,IPL,bat,16,2009,2025,93.0,833.0,705.0,64.0,29.0,78.0,73.0,279.0,276.0,476.0,356.0,93.0,118.15602836879432,8.956989247311828,13.191489361702127,106.84931506849315,101.08695652173914,133.7078651685393,,,,,,,,,,,,,,,,,,,,,10,-0.546813609364909,0.9029126213592233,-0.49372490942656827,19.714285714285715,3,Balanced batting group
4a8a2e3b,4a8a2e3b,MS Dhoni,IPL,bat,18,2008,2025,241.0,5439.0,3957.0,375.0,264.0,59.0,72.0,1912.0,1903.0,3468.0,1982.0,241.0,137.45261561789235,22.568464730290458,16.148597422289612,81.94444444444444,100.47293746715712,174.97477295660948,,,,,,,,,,,,,,,,,,,,,10,0.4318623736208967,0.9601593625498008,0.4146567013650841,71.71428571428572,3,Balanced batting group
4ae1755b,4ae1755b,HC Brook,IPL,bat,1,2023,2023,11.0,190.0,154.0,23.0,4.0,96.0,84.0,58.0,45.0,36.0,25.0,11.0,123.37662337662339,17.272727272727273,17.532467532467532,114.28571428571428,128.88888888888889,144.0,,,,,,,,,,,,,,,,,,,,,10,0.04427381582595463,0.5238095238095238,0.023191046385024085,47.714285714285715,3,Balanced batting group
4b57e452,4b57e452,M Vijay,IPL,bat,11,2009,2020,105.0,2619.0,2149.0,247.0,91.0,1574.0,1375.0,920.0,703.0,125.0,71.0,105.0,121.87063750581666,24.942857142857143,15.728245695672404,114.47272727272728,130.86770981507823,176.05633802816902,,,,,,,,,,,,,,,,,,,,,10,0.2850077653496553,0.9130434782608695,0.260224481406207,61.42857142857143,2,Run accumulators
4c5d73db,4c5d73db,CR Woakes,IPL,bat,3,2017,2021,12.0,78.0,77.0,7.0,2.0,0.0,0.0,15.0,21.0,63.0,56.0,12.0,101.29870129870129,6.5,11.688311688311687,,71.42857142857143,112.5,,,,,,,,,,,,,,,,,,,,,10,-0.9587743742445165,0.5454545454545454,-0.5229678404970087,18.0,1,Low-output batting group
4e04666c,4e04666c,YV Takawale,IPL,bat,3,2008,2014,10.0,192.0,178.0,26.0,3.0,121.0,132.0,42.0,33.0,29.0,13.0,10.0,107.86516853932584,19.2,16.292134831460675,91.66666666666666,127.27272727272727,223.0769230769231,,,,,,,,,,,,,,,,,,,,,10,-0.1502903521817525,0.5,-0.07514517609087601,42.57142857142857,3,Balanced batting group
4ec07775,4ec07775,RN ten Doeschate,IPL,bat,5,2011,2015,21.0,326.0,235.0,26.0,15.0,6.0,7.0,108.0,88.0,212.0,140.0,21.0,138.72340425531914,15.523809523809524,17.4468085106383,85.71428571428571,122.72727272727273,151.42857142857142,,,,,,,,,,,,,,,,,,,,,10,0.19611316249421054,0.6774193548387096,0.1328508520122073,55.14285714285714,3,Balanced batting group
5056011d,5056011d,GJ Bailey,IPL,bat,5,2009,2016,36.0,663.0,544.0,59.0,19.0,131.0,128.0,205.0,229.0,327.0,187.0,36.0,121.875,18.416666666666668,14.338235294117647,102.34375,89.51965065502183,174.86631016042782,,,,,,,,,,,,,,,,,,,,,10,-0.04460654300587302,0.782608695652174,-0.03490946843937878,44.285714285714285,3,Balanced batting group
508a1ea7,508a1ea7,SE Marsh,IPL,bat,9,2008,2017,69.0,2489.0,1871.0,269.0,78.0,779.0,735.0,1448.0,972.0,262.0,164.0,69.0,133.0304649919829,36.072463768115945,18.546231961517908,105.98639455782313,148.97119341563786,159.7560975609756,,,,,,,,,,,,,,,,,,,,,10,1.030524653749087,0.8734177215189873,0.9000784950466711,91.42857142857143,2,Run accumulators
50c6bc2b,50c6bc2b,LS Livingstone,IPL,bat,7,2019,2026,49.0,1066.0,687.0,70.0,76.0,179.0,135.0,542.0,393.0,345.0,159.0,49.0,155.16739446870452,21.755102040816325,21.251819505094613,132.5925925925926,137.91348600508906,216.98113207547172,,,,,,,,,,,,,,,,,,,,,10,0.8466557858873718,0.8305084745762712,0.7031548052284953,85.14285714285714,2,Run accumulators
51a3c5ef,51a3c5ef,MJ McClenaghan,IPL,bat,5,2015,2019,20.0,85.0,70.0,5.0,7.0,0.0,1.0,29.0,19.0,56.0,50.0,20.0,121.42857142857142,4.25,17.142857142857142,0.0,152.63157894736844,112.00000000000001,,,,,,,,,,,,,,,,,,,,,10,-0.5566443534420296,0.6666666666666666,-0.3710962356280195,25.428571428571427,3,Balanced batting group
541f85c9,541f85c9,SP Goswami,IPL,bat,7,2008,2020,21.0,293.0,295.0,32.0,3.0,163.0,167.0,104.0,106.0,26.0,22.0,21.0,99.32203389830508,13.952380952380953,11.864406779661017,97.60479041916167,98.11320754716981,118.18181818181819,,,,,,,,,,,,,,,,,,,,,10,-0.662882385305971,0.6774193548387096,-0.44904935778791566,21.714285714285715,1,Low-output batting group
5451a2c1,5451a2c1,B Chipli,IPL,bat,4,2008,2013,21.0,280.0,251.0,28.0,7.0,55.0,76.0,125.0,119.0,100.0,56.0,21.0,111.55378486055776,13.333333333333334,13.94422310756972,72.36842105263158,105.0420168067227,178.57142857142858,,,,,,,,,,,,,,,,,,,,,10,-0.431088528157181,0.6774193548387096,-0.2920277126226063,30.28571428571429,3,Balanced batting group
557153ca,557153ca,KK Cooper,IPL,bat,3,2012,2014,12.0,116.0,68.0,9.0,8.0,7.0,2.0,30.0,22.0,79.0,44.0,12.0,170.58823529411765,9.666666666666666,25.0,350.0,136.36363636363635,179.54545454545453,,,,,,,,,,,,,,,,,,,,,10,0.6953183807169201,0.5454545454545454,0.3792645713001384,69.42857142857143,0,High-impact power hitters
5574750c,5574750c,JC Archer,IPL,bat,6,2018,2026,37.0,283.0,201.0,16.0,18.0,0.0,4.0,50.0,44.0,233.0,153.0,37.0,140.7960199004975,7.648648648648648,16.91542288557214,0.0,113.63636363636364,152.2875816993464,,,,,,,,,,,,,,,,,,,,,10,-0.1292801530389509,0.7872340425531915,-0.10177373749874849,40.57142857142857,3,Balanced batting group
56ab442f,56ab442f,NM Coulter-Nile,IPL,bat,7,2013,2022,16.0,82.0,72.0,7.0,4.0,0.0,0.0,9.0,16.0,73.0,56.0,16.0,113.88888888888889,5.125,15.277777777777779,,56.25,130.35714285714286,,,,,,,,,,,,,,,,,,,,,10,-0.6994544637119815,0.6153846153846154,-0.43043351613045,22.857142857142858,1,Low-output batting group
57ee1fde,57ee1fde,YS Chahal,IPL,bat,8,2014,2022,17.0,37.0,86.0,0.0,0.0,0.0,0.0,4.0,23.0,33.0,63.0,17.0,43.02325581395349,2.176470588235294,0.0,,17.391304347826086,52.38095238095239,,,,,,,,,,,,,,,,,,,,,10,-2.4388264877390142,0.6296296296296297,-1.5355574182060459,0.8571428571428572,1,Low-output batting group
57efa3be,57efa3be,SB Styris,IPL,bat,3,2008,2011,10.0,131.0,133.0,10.0,3.0,8.0,13.0,83.0,93.0,40.0,27.0,10.0,98.49624060150376,13.1,9.774436090225564,61.53846153846154,89.24731182795699,148.14814814814815,,,,,,,,,,,,,,,,,,,,,10,-0.7872428700464749,0.5,-0.3936214350232372,23.714285714285715,1,Low-output batting group
5afd4539,5afd4539,MS Bisla,IPL,bat,6,2010,2015,39.0,798.0,702.0,93.0,23.0,474.0,434.0,272.0,235.0,52.0,33.0,39.0,113.67521367521367,20.46153846153846,16.524216524216524,109.21658986175116,115.74468085106382,157.57575757575756,,,,,,,,,,,,,,,,,,,,,10,-0.0008755461757367633,0.7959183673469388,-0.0006968632827291622,46.0,3,Balanced batting group
5b7ab5a9,5b7ab5a9,CV Varun,IPL,bat,6,2020,2026,12.0,26.0,48.0,2.0,0.0,0.0,0.0,0.0,3.0,26.0,45.0,12.0,54.166666666666664,2.1666666666666665,4.166666666666666,,0.0,57.77777777777777,,,,,,,,,,,,,,,,,,,,,10,-2.1218620141728746,0.5454545454545454,-1.1573792804579313,3.428571428571429,1,Low-output batting group
5b8c830e,5b8c830e,KH Pandya,IPL,bat,11,2016,2026,120.0,1897.0,1420.0,163.0,74.0,86.0,80.0,1029.0,851.0,782.0,489.0,120.0,133.59154929577466,15.808333333333334,16.690140845070424,107.5,120.9165687426557,159.91820040899796,,,,,,,,,,,,,,,,,,,,,10,0.10411294779383852,0.9230769230769231,0.09610425950200484,53.714285714285715,3,Balanced batting group
5bb1a1c4,5bb1a1c4,I Sharma,IPL,bat,8,2008,2024,21.0,57.0,69.0,4.0,2.0,0.0,0.0,12.0,14.0,45.0,55.0,21.0,82.6086956521739,2.7142857142857144,8.695652173913043,,85.71428571428571,81.81818181818183,,,,,,,,,,,,,,,,,,,,,10,-1.5088824206320637,0.6774193548387096,-1.0221461559120428,5.142857142857142,1,Low-output batting group
5bb5a915,5bb5a915,M Morkel,IPL,bat,8,2009,2016,20.0,126.0,90.0,11.0,5.0,0.0,0.0,10.0,9.0,116.0,81.0,20.0,140.0,6.3,17.77777777777778,,111.11111111111111,143.20987654320987,,,,,,,,,,,,,,,,,,,,,10,-0.16780485982615218,0.6666666666666666,-0.11186990655076795,40.0,3,Balanced batting group
5bdcdb72,5bdcdb72,TM Dilshan,IPL,bat,6,2008,2013,50.0,1153.0,1007.0,140.0,24.0,488.0,440.0,466.0,451.0,199.0,116.0,50.0,114.49851042701091,23.06,16.28599801390268,110.9090909090909,103.32594235033258,171.55172413793102,,,,,,,,,,,,,,,,,,,,,10,0.11412289217788747,0.8333333333333334,0.09510241014823964,52.85714285714286,3,Balanced batting group
5d9a1a73,5d9a1a73,R Sharma,IPL,bat,4,2010,2013,19.0,66.0,75.0,5.0,3.0,0.0,0.0,1.0,2.0,65.0,73.0,19.0,88.0,3.473684210526316,10.666666666666668,,50.0,89.04109589041096,,,,,,,,,,,,,,,,,,,,,10,-1.3244292829643036,0.6551724137931034,-0.8677295302179919,7.7142857142857135,1,Low-output batting group
5f547c8b,5f547c8b,Rashid Khan,IPL,bat,10,2017,2026,70.0,620.0,394.0,45.0,41.0,0.0,0.0,93.0,75.0,527.0,319.0,70.0,157.36040609137058,8.857142857142858,21.82741116751269,,124.0,165.2037617554859,,,,,,,,,,,,,,,,,,,,,10,0.3479597369846535,0.875,0.30446476986157184,64.85714285714286,2,Run accumulators
5fa06777,5fa06777,IK Pathan,IPL,bat,9,2008,2017,82.0,1150.0,950.0,88.0,38.0,92.0,69.0,395.0,437.0,663.0,444.0,82.0,121.05263157894737,14.024390243902438,13.263157894736842,133.33333333333331,90.38901601830663,149.32432432432432,,,,,,,,,,,,,,,,,,,,,10,-0.28384537061648657,0.8913043478260869,-0.25299261294078146,32.0,3,Balanced batting group
5ffc0565,5ffc0565,V Nigam,IPL,bat,2,2025,2026,10.0,157.0,89.0,18.0,8.0,20.0,8.0,53.0,33.0,84.0,48.0,10.0,176.40449438202248,15.7,29.213483146067414,250.0,160.6060606060606,175.0,,,,,,,,,,,,,,,,,,,,,10,1.192981636969931,0.5,0.5964908184849658,80.28571428571428,0,High-impact power hitters
626c5379,626c5379,R Sathish,IPL,bat,4,2010,2016,24.0,270.0,231.0,22.0,6.0,0.0,7.0,106.0,106.0,164.0,118.0,24.0,116.88311688311688,11.25,12.121212121212121,0.0,100.0,138.98305084745763,,,,,,,,,,,,,,,,,,,,,10,-0.5063424217753157,0.7058823529411765,-0.35741818007669335,26.285714285714285,3,Balanced batting group
62af8546,62af8546,Mohammad Nabi,IPL,bat,6,2017,2024,19.0,221.0,152.0,18.0,12.0,26.0,15.0,66.0,50.0,129.0,87.0,19.0,145.39473684210526,11.631578947368421,19.736842105263158,173.33333333333334,132.0,148.27586206896552,,,,,,,,,,,,,,,,,,,,,10,0.21206232508845613,0.6551724137931034,0.13893738540278175,55.42857142857143,0,High-impact power hitters
650d5e49,650d5e49,R Powell,IPL,bat,5,2022,2026,28.0,486.0,339.0,31.0,35.0,15.0,13.0,183.0,174.0,288.0,152.0,28.0,143.36283185840708,17.357142857142858,19.469026548672566,115.38461538461537,105.17241379310344,189.4736842105263,,,,,,,,,,,,,,,,,,,,,10,0.41714509469299044,0.7368421052631579,0.3073700697737825,65.14285714285715,2,Run accumulators
662c47a6,662c47a6,Y Nagar,IPL,bat,4,2009,2012,20.0,285.0,259.0,20.0,9.0,2.0,3.0,104.0,129.0,179.0,127.0,20.0,110.03861003861005,14.25,11.196911196911197,66.66666666666666,80.62015503875969,140.94488188976376,,,,,,,,,,,,,,,,,,,,,10,-0.5137610184613817,0.6666666666666666,-0.34250734564092095,26.571428571428573,3,Balanced batting group
66b30f71,66b30f71,AB Dinda,IPL,bat,8,2008,2017,16.0,26.0,48.0,2.0,0.0,0.0,0.0,6.0,8.0,20.0,40.0,16.0,54.166666666666664,1.625,4.166666666666666,,75.0,50.0,,,,,,,,,,,,,,,,,,,,,10,-2.1450577838606444,0.6153846153846154,-1.320035559298858,1.7142857142857144,1,Low-output batting group
68c56d09,68c56d09,KA Jamieson,IPL,bat,3,2021,2026,10.0,77.0,73.0,6.0,4.0,0.0,0.0,24.0,35.0,53.0,38.0,10.0,105.47945205479452,7.7,13.698630136986301,,68.57142857142857,139.4736842105263,,,,,,,,,,,,,,,,,,,,,10,-0.772162439234572,0.5,-0.38608121961728575,24.0,1,Low-output batting group
6a26221c,6a26221c,AK Markram,IPL,bat,6,2021,2026,66.0,1671.0,1234.0,131.0,68.0,486.0,375.0,889.0,695.0,296.0,164.0,66.0,135.41329011345218,25.318181818181817,16.12641815235008,129.6,127.91366906474819,180.4878048780488,,,,,,,,,,,,,,,,,,,,,10,0.5182721271918346,0.868421052631579,0.4500784262455406,73.14285714285714,2,Run accumulators
6afb26d6,6afb26d6,MD Mishra,IPL,bat,3,2010,2012,17.0,237.0,208.0,24.0,8.0,129.0,124.0,81.0,65.0,27.0,19.0,17.0,113.9423076923077,13.941176470588236,15.384615384615385,104.03225806451613,124.61538461538461,142.10526315789474,,,,,,,,,,,,,,,,,,,,,10,-0.31726061468451217,0.6296296296296297,-0.19975668331987786,34.85714285714286,3,Balanced batting group
6b19d823,6b19d823,A Mishra,IPL,bat,13,2008,2023,55.0,381.0,419.0,31.0,5.0,1.0,5.0,120.0,164.0,260.0,250.0,55.0,90.9307875894988,6.927272727272728,8.591885441527445,20.0,73.17073170731707,104.0,,,,,,,,,,,,,,,,,,,,,10,-1.2075896886386286,0.8461538461538461,-1.021806659617301,5.428571428571429,1,Low-output batting group
6b2ff18f,6b2ff18f,SB Dubey,IPL,bat,3,2024,2026,16.0,215.0,137.0,17.0,13.0,14.0,6.0,55.0,49.0,146.0,82.0,16.0,156.93430656934305,13.4375,21.897810218978105,233.33333333333334,112.24489795918366,178.0487804878049,,,,,,,,,,,,,,,,,,,,,10,0.5402659865688154,0.6153846153846154,0.3324713763500404,66.28571428571428,0,High-impact power hitters
6b71e6cf,6b71e6cf,KC Sangakkara,IPL,bat,6,2008,2013,68.0,1687.0,1392.0,195.0,27.0,522.0,450.0,963.0,812.0,202.0,130.0,68.0,121.19252873563218,24.808823529411764,15.948275862068966,115.99999999999999,118.59605911330048,155.3846153846154,,,,,,,,,,,,,,,,,,,,,10,0.2770607166245206,0.8717948717948718,0.2415401119290693,60.57142857142858,3,Balanced batting group
6b8eb6e5,6b8eb6e5,S Sreesanth,IPL,bat,5,2008,2013,12.0,34.0,55.0,6.0,0.0,0.0,0.0,0.0,0.0,34.0,55.0,12.0,61.81818181818181,2.8333333333333335,10.909090909090908,,,61.81818181818181,,,,,,,,,,,,,,,,,,,,,10,-1.7351828444098272,0.5454545454545454,-0.9464633696780873,7.428571428571429,1,Low-output batting group
6c19c6e5,6c19c6e5,YBK Jaiswal,IPL,bat,7,2020,2026,79.0,2536.0,1649.0,306.0,107.0,1633.0,1022.0,815.0,585.0,88.0,42.0,79.0,153.79017586416012,32.10126582278481,25.04548211036992,159.78473581213308,139.31623931623932,209.52380952380955,,,,,,,,,,,,,,,,,,,,,10,1.4061161207275994,0.8876404494382022,1.2481255453649478,96.85714285714285,2,Run accumulators
6c6591ab,6c6591ab,PP Ojha,IPL,bat,6,2008,2014,19.0,16.0,45.0,0.0,0.0,0.0,0.0,0.0,2.0,16.0,43.0,19.0,35.55555555555556,0.8421052631578947,0.0,,0.0,37.2093023255814,,,,,,,,,,,,,,,,,,,,,10,-2.607801269294941,0.6551724137931034,-1.7085594522966852,0.2857142857142857,1,Low-output batting group
6c882e9a,6c882e9a,PBB Rajapaksa,IPL,bat,2,2022,2023,13.0,277.0,191.0,22.0,15.0,77.0,48.0,194.0,135.0,6.0,8.0,13.0,145.0261780104712,21.307692307692307,19.3717277486911,160.41666666666669,143.70370370370372,75.0,,,,,,,,,,,,,,,,,,,,,10,0.6077143742135238,0.5652173913043478,0.34349073325112234,67.71428571428572,0,High-impact power hitters
6eb146d2,6eb146d2,Gurkeerat Singh,IPL,bat,6,2012,2020,32.0,511.0,422.0,55.0,11.0,35.0,37.0,225.0,223.0,251.0,162.0,32.0,121.09004739336493,15.96875,15.639810426540285,94.5945945945946,100.89686098654708,154.93827160493828,,,,,,,,,,,,,,,,,,,,,10,-0.11417425620173133,0.7619047619047619,-0.08698990948703328,41.14285714285714,3,Balanced batting group
7050a1e7,7050a1e7,DB Das,IPL,bat,3,2008,2013,22.0,304.0,261.0,23.0,16.0,58.0,53.0,129.0,111.0,117.0,97.0,22.0,116.47509578544062,13.818181818181818,14.942528735632186,109.43396226415094,116.21621621621621,120.61855670103093,,,,,,,,,,,,,,,,,,,,,10,-0.30056628449359973,0.6875,-0.20663932058934967,34.0,3,Balanced batting group
709b0bac,709b0bac,SS Tiwary,IPL,bat,11,2008,2021,73.0,1494.0,1244.0,111.0,50.0,169.0,161.0,871.0,768.0,454.0,315.0,73.0,120.09646302250805,20.465753424657535,12.942122186495178,104.96894409937889,113.41145833333333,144.12698412698413,,,,,,,,,,,,,,,,,,,,,10,-0.03392253288828953,0.8795180722891566,-0.029835480733073863,44.57142857142857,3,Balanced batting group
70d205c9,70d205c9,AT Rayudu,IPL,bat,14,2010,2023,185.0,4348.0,3409.0,359.0,173.0,777.0,732.0,2392.0,1979.0,1179.0,698.0,185.0,127.54473452625403,23.502702702702702,15.605749486652979,106.14754098360655,120.86912582112177,168.9111747851003,,,,,,,,,,,,,,,,,,,,,10,0.3038844001865488,0.9487179487179487,0.28830058479236675,63.714285714285715,3,Balanced batting group
725529bc,725529bc,SC Ganguly,IPL,bat,5,2008,2012,56.0,1349.0,1263.0,137.0,42.0,529.0,518.0,630.0,642.0,190.0,103.0,56.0,106.80918448139352,24.089285714285715,14.172604908946951,102.12355212355213,98.13084112149532,184.46601941747574,,,,,,,,,,,,,,,,,,,,,10,-0.033290638620787,0.8484848484848485,-0.028246602466122234,44.857142857142854,3,Balanced batting group
72861603,72861603,GC Smith,IPL,bat,4,2008,2011,29.0,739.0,668.0,94.0,9.0,374.0,387.0,299.0,241.0,66.0,40.0,29.0,110.62874251497006,25.482758620689655,15.419161676646706,96.64082687338501,124.06639004149378,165.0,,,,,,,,,,,,,,,,,,,,,10,0.12860930868974174,0.7435897435897436,0.09563256287185937,53.142857142857146,3,Balanced batting group
73ad96ed,73ad96ed,DJ Hooda,IPL,bat,11,2015,2025,101.0,1497.0,1173.0,98.0,62.0,164.0,164.0,867.0,689.0,466.0,320.0,101.0,127.62148337595909,14.821782178217822,13.640238704177325,100.0,125.8345428156749,145.625,,,,,,,,,,,,,,,,,,,,,10,-0.13770556302606682,0.9099099099099099,-0.12529965644714183,39.42857142857143,3,Balanced batting group
73c18486,73c18486,KR Mayers,IPL,bat,1,2023,2023,13.0,379.0,263.0,38.0,22.0,282.0,205.0,97.0,58.0,0.0,0.0,13.0,144.106463878327,29.153846153846153,22.813688212927758,137.5609756097561,167.24137931034483,,,,,,,,,,,,,,,,,,,,,,10,1.0542643852462235,0.5652173913043478,0.5958885655739525,80.0,2,Run accumulators
740742ef,740742ef,RG Sharma,IPL,bat,19,2008,2026,273.0,7316.0,5500.0,661.0,322.0,2551.0,2014.0,3238.0,2643.0,1527.0,843.0,273.0,133.0181818181818,26.7985347985348,17.872727272727275,126.66335650446871,122.51229663261445,181.1387900355872,,,,,,,,,,,,,,,,,,,,,10,0.6088758215520228,0.9646643109540636,0.5873607748540715,78.85714285714286,2,Run accumulators
752f7486,752f7486,Ishan Kishan,IPL,bat,11,2016,2026,125.0,3488.0,2451.0,337.0,160.0,1483.0,1086.0,1618.0,1160.0,387.0,205.0,125.0,142.3092615259078,27.904,20.277437780497756,136.5561694290976,139.48275862068965,188.78048780487805,,,,,,,,,,,,,,,,,,,,,10,0.8822156669237976,0.9259259259259259,0.8168663582627755,88.85714285714286,2,Run accumulators
759ac88f,759ac88f,MM Sharma,IPL,bat,10,2013,2025,30.0,125.0,136.0,9.0,4.0,0.0,0.0,36.0,47.0,89.0,89.0,30.0,91.91176470588235,4.166666666666667,9.558823529411764,,76.59574468085107,100.0,,,,,,,,,,,,,,,,,,,,,10,-1.2761893187668578,0.75,-0.9571419890751433,7.142857142857142,1,Low-output batting group
77255a9e,77255a9e,RA Tripathi,IPL,bat,9,2017,2025,98.0,2291.0,1662.0,229.0,85.0,1013.0,726.0,1059.0,785.0,219.0,151.0,98.0,137.8459687123947,23.377551020408163,18.892900120336943,139.53168044077137,134.9044585987261,145.03311258278146,,,,,,,,,,,,,,,,,,,,,10,0.5715280603112056,0.9074074074074074,0.5186087954675755,76.28571428571429,2,Run accumulators
77b1aa15,77b1aa15,Harshit Rana,IPL,bat,3,2022,2025,10.0,59.0,56.0,5.0,3.0,0.0,0.0,29.0,22.0,30.0,34.0,10.0,105.35714285714286,5.9,14.285714285714285,,131.8181818181818,88.23529411764706,,,,,,,,,,,,,,,,,,,,,10,-0.8298692337567565,0.5,-0.414934616878378,23.142857142857142,3,Balanced batting group
7a8bd078,7a8bd078,S Gopal,IPL,bat,8,2014,2022,22.0,180.0,169.0,19.0,2.0,0.0,4.0,45.0,61.0,135.0,104.0,22.0,106.50887573964498,8.181818181818182,12.42603550295858,0.0,73.77049180327869,129.80769230769232,,,,,,,,,,,,,,,,,,,,,10,-0.7820809695330511,0.6875,-0.5376806665539725,17.42857142857143,1,Low-output batting group
7b679de5,7b679de5,Kartik Sharma,IPL,bat,1,2026,2026,10.0,276.0,201.0,21.0,16.0,16.0,13.0,183.0,144.0,77.0,44.0,10.0,137.3134328358209,27.6,18.407960199004975,123.07692307692308,127.08333333333333,175.0,,,,,,,,,,,,,,,,,,,,,10,0.7268541622561263,0.5,0.3634270811280634,68.57142857142857,2,Run accumulators
7bf96684,7bf96684,OA Shah,IPL,bat,4,2010,2013,22.0,506.0,389.0,34.0,23.0,23.0,18.0,214.0,200.0,269.0,171.0,22.0,130.0771208226221,23.0,14.652956298200515,127.77777777777777,107.0,157.30994152046785,,,,,,,,,,,,,,,,,,,,,10,0.28586515566356374,0.6875,0.19653229451870022,58.857142857142854,3,Balanced batting group
7c3b3b78,7c3b3b78,VG Arora,IPL,bat,5,2022,2026,11.0,10.0,27.0,0.0,0.0,0.0,0.0,0.0,7.0,10.0,20.0,11.0,37.03703703703704,0.9090909090909091,0.0,,0.0,50.0,,,,,,,,,,,,,,,,,,,,,10,-2.5827466681723537,0.5238095238095238,-1.3528673023759945,1.4285714285714286,1,Low-output batting group
7c503806,7c503806,J Botha,IPL,bat,5,2009,2015,28.0,409.0,359.0,39.0,5.0,45.0,52.0,205.0,184.0,159.0,123.0,28.0,113.9275766016713,14.607142857142858,12.256267409470752,86.53846153846155,111.41304347826086,129.26829268292684,,,,,,,,,,,,,,,,,,,,,10,-0.40196226571917204,0.7368421052631579,-0.2961827221088635,30.0,3,Balanced batting group
7c7d63a2,7c7d63a2,AJ Tye,IPL,bat,4,2017,2020,13.0,91.0,76.0,6.0,5.0,0.0,0.0,21.0,16.0,70.0,60.0,13.0,119.73684210526316,7.0,14.473684210526317,,131.25,116.66666666666667,,,,,,,,,,,,,,,,,,,,,10,-0.5606296208224264,0.5652173913043478,-0.31687761176919726,29.142857142857142,3,Balanced batting group
7ca5e05d,7ca5e05d,RS Bopara,IPL,bat,3,2009,2015,22.0,531.0,453.0,39.0,16.0,130.0,144.0,222.0,205.0,179.0,104.0,22.0,117.21854304635761,24.136363636363637,12.141280353200882,90.27777777777779,108.29268292682927,172.1153846153846,,,,,,,,,,,,,,,,,,,,,10,0.051237902876741404,0.6875,0.03522605822775987,48.57142857142857,3,Balanced batting group
7dc35884,7dc35884,Shakib Al Hasan,IPL,bat,9,2011,2021,52.0,795.0,639.0,73.0,21.0,37.0,38.0,429.0,366.0,329.0,235.0,52.0,124.4131455399061,15.288461538461538,14.710485133020345,97.36842105263158,117.21311475409837,140.0,,,,,,,,,,,,,,,,,,,,,10,-0.12710917362224378,0.8387096774193549,-0.10660769400575276,40.285714285714285,3,Balanced batting group
7dcb9bc9,7dcb9bc9,M Shahrukh Khan,IPL,bat,6,2021,2026,53.0,775.0,524.0,49.0,52.0,23.0,21.0,354.0,263.0,398.0,240.0,53.0,147.90076335877862,14.622641509433961,19.27480916030534,109.52380952380953,134.60076045627375,165.83333333333334,,,,,,,,,,,,,,,,,,,,,10,0.36098854606318864,0.8412698412698413,0.30368877684680956,64.28571428571429,2,Run accumulators
800d2d97,800d2d97,JM Sharma,IPL,bat,5,2022,2026,57.0,1081.0,707.0,84.0,67.0,13.0,23.0,609.0,435.0,459.0,249.0,57.0,152.89957567185292,18.964912280701753,21.35785007072136,56.52173913043478,140.0,184.33734939759037,,,,,,,,,,,,,,,,,,,,,10,0.6970396022486376,0.8507462686567164,0.5930038407189903,79.42857142857143,2,Run accumulators
808f425a,808f425a,JP Faulkner,IPL,bat,6,2012,2017,45.0,527.0,390.0,36.0,23.0,14.0,20.0,74.0,86.0,439.0,284.0,45.0,135.12820512820514,11.71111111111111,15.128205128205128,70.0,86.04651162790698,154.5774647887324,,,,,,,,,,,,,,,,,,,,,10,-0.10474888529550203,0.8181818181818182,-0.08570363342359248,41.42857142857143,3,Balanced batting group
81c36ee9,81c36ee9,M Jansen,IPL,bat,6,2021,2026,25.0,192.0,174.0,9.0,9.0,0.0,0.0,36.0,38.0,156.0,136.0,25.0,110.34482758620689,7.68,10.344827586206897,,94.73684210526315,114.70588235294117,,,,,,,,,,,,,,,,,,,,,10,-0.8213003556465677,0.7142857142857143,-0.5866431111761197,14.571428571428571,1,Low-output batting group
8291f939,8291f939,AL Menaria,IPL,bat,3,2011,2013,23.0,401.0,356.0,24.0,18.0,8.0,8.0,296.0,268.0,97.0,80.0,23.0,112.64044943820224,17.434782608695652,11.797752808988763,100.0,110.44776119402985,121.24999999999999,,,,,,,,,,,,,,,,,,,,,10,-0.3167119673766936,0.696969696969697,-0.22073864392921058,32.857142857142854,3,Balanced batting group
844e79d1,844e79d1,D Brevis,IPL,bat,4,2022,2026,23.0,598.0,405.0,38.0,43.0,85.0,74.0,425.0,290.0,88.0,41.0,23.0,147.65432098765433,26.0,20.0,114.86486486486487,146.55172413793102,214.63414634146343,,,,,,,,,,,,,,,,,,,,,10,0.8707048504191786,0.696969696969697,0.6068548957467004,80.85714285714286,2,Run accumulators
84d9c311,84d9c311,Ashutosh Sharma,IPL,bat,3,2024,2026,25.0,546.0,323.0,37.0,39.0,0.0,0.0,147.0,117.0,399.0,206.0,25.0,169.04024767801857,21.84,23.52941176470588,,125.64102564102564,193.68932038834953,,,,,,,,,,,,,,,,,,,,,10,1.1403150753930023,0.7142857142857143,0.8145107681378588,88.57142857142857,2,Run accumulators
855a210c,855a210c,AP Tare,IPL,bat,6,2010,2017,27.0,339.0,273.0,40.0,11.0,226.0,202.0,73.0,45.0,40.0,26.0,27.0,124.17582417582418,12.555555555555555,18.681318681318682,111.88118811881189,162.22222222222223,153.84615384615387,,,,,,,,,,,,,,,,,,,,,10,-0.10426303706283466,0.7297297297297297,-0.076083837856663,42.285714285714285,3,Balanced batting group
85aae393,85aae393,Iqbal Abdulla,IPL,bat,8,2008,2017,13.0,88.0,84.0,9.0,1.0,0.0,0.0,18.0,25.0,70.0,59.0,13.0,104.76190476190477,6.769230769230769,11.904761904761903,,72.0,118.64406779661016,,,,,,,,,,,,,,,,,,,,,10,-0.8875631156473928,0.5652173913043478,-0.5016661088441783,18.857142857142858,1,Low-output batting group
85b3fab2,85b3fab2,T Stubbs,IPL,bat,5,2022,2026,42.0,986.0,648.0,69.0,47.0,46.0,41.0,394.0,333.0,546.0,274.0,42.0,152.1604938271605,23.476190476190474,17.901234567901234,112.19512195121952,118.31831831831832,199.27007299270073,,,,,,,,,,,,,,,,,,,,,10,0.7543005755808988,0.8076923076923077,0.6092427725845723,81.42857142857143,2,Run accumulators
85ec8e33,85ec8e33,SS Iyer,IPL,bat,11,2015,2026,143.0,4132.0,3044.0,343.0,177.0,1012.0,899.0,2329.0,1713.0,791.0,432.0,143.0,135.742444152431,28.895104895104897,17.082785808147175,112.56952169076753,135.96030356100408,183.10185185185185,,,,,,,,,,,,,,,,,,,,,10,0.7109209902349081,0.934640522875817,0.6644555660365481,83.71428571428572,2,Run accumulators
86dc8f2e,86dc8f2e,JH Kallis,IPL,bat,7,2008,2014,95.0,2427.0,2222.0,255.0,44.0,1036.0,982.0,997.0,1012.0,394.0,228.0,95.0,109.22592259225922,25.54736842105263,13.456345634563457,105.49898167006111,98.51778656126481,172.80701754385964,,,,,,,,,,,,,,,,,,,,,10,0.03946873942888107,0.9047619047619048,0.03570981186422578,48.857142857142854,3,Balanced batting group
872b03f7,872b03f7,A Badoni,IPL,bat,5,2022,2026,55.0,1135.0,818.0,91.0,44.0,82.0,83.0,515.0,408.0,538.0,327.0,55.0,138.75305623471883,20.636363636363637,16.503667481662593,98.79518072289156,126.22549019607843,164.52599388379207,,,,,,,,,,,,,,,,,,,,,10,0.3814245264794289,0.8461538461538461,0.32274383009797836,65.71428571428571,3,Balanced batting group
87e562a9,87e562a9,DJ Bravo,IPL,bat,14,2008,2022,110.0,1560.0,1204.0,120.0,66.0,123.0,110.0,528.0,572.0,909.0,522.0,110.0,129.56810631229237,14.181818181818182,15.448504983388705,111.81818181818181,92.3076923076923,174.13793103448276,,,,,,,,,,,,,,,,,,,,,10,-0.07064210900326487,0.9166666666666666,-0.06475526658632609,42.857142857142854,3,Balanced batting group
890946a0,890946a0,NV Ojha,IPL,bat,10,2009,2018,94.0,1554.0,1313.0,121.0,79.0,494.0,482.0,649.0,537.0,411.0,294.0,94.0,118.35491241431835,16.53191489361702,15.232292460015232,102.48962655601659,120.85661080074487,139.79591836734696,,,,,,,,,,,,,,,,,,,,,10,-0.14573820220979428,0.9038461538461539,-0.13172491353577553,38.857142857142854,3,Balanced batting group
896d78ad,896d78ad,AD Mathews,IPL,bat,6,2009,2017,41.0,724.0,575.0,44.0,29.0,10.0,17.0,289.0,282.0,425.0,276.0,41.0,125.91304347826086,17.658536585365855,12.695652173913045,58.82352941176471,102.4822695035461,153.9855072463768,,,,,,,,,,,,,,,,,,,,,10,-0.0759318634918165,0.803921568627451,-0.06104326280714651,43.142857142857146,3,Balanced batting group
89f64c19,89f64c19,LMP Simmons,IPL,bat,4,2014,2017,29.0,1079.0,852.0,109.0,44.0,542.0,460.0,481.0,356.0,56.0,36.0,29.0,126.6431924882629,37.206896551724135,17.95774647887324,117.82608695652175,135.1123595505618,155.55555555555557,,,,,,,,,,,,,,,,,,,,,10,0.9621943656120836,0.7435897435897436,0.7154778616089854,86.0,2,Run accumulators
8abdf100,8abdf100,CJ Anderson,IPL,bat,4,2014,2018,29.0,538.0,423.0,40.0,31.0,52.0,61.0,311.0,257.0,175.0,105.0,29.0,127.18676122931443,18.551724137931036,16.78486997635934,85.24590163934425,121.01167315175097,166.66666666666669,,,,,,,,,,,,,,,,,,,,,10,0.12909923209876,0.7435897435897436,0.09599686489394987,53.42857142857142,3,Balanced batting group
8b3e9c7c,8b3e9c7c,PP Shaw,IPL,bat,7,2018,2024,79.0,1892.0,1283.0,238.0,61.0,1347.0,919.0,515.0,343.0,30.0,21.0,79.0,147.4668745128605,23.949367088607595,23.304754481683553,146.57236126224154,150.1457725947522,142.85714285714286,,,,,,,,,,,,,,,,,,,,,10,0.8994552676486229,0.8876404494382022,0.7983928780251821,88.28571428571429,0,High-impact power hitters
8b5b6769,8b5b6769,Harbhajan Singh,IPL,bat,13,2008,2021,88.0,833.0,604.0,79.0,42.0,62.0,51.0,147.0,141.0,624.0,412.0,88.0,137.91390728476821,9.465909090909092,20.033112582781456,121.56862745098039,104.25531914893618,151.45631067961165,,,,,,,,,,,,,,,,,,,,,10,0.017993650536635125,0.8979591836734694,0.01615756374718261,46.285714285714285,3,Balanced batting group
8ba8195d,8ba8195d,V Sehwag,IPL,bat,8,2008,2015,104.0,2728.0,1755.0,334.0,106.0,1593.0,1105.0,1062.0,615.0,73.0,35.0,104.0,155.44159544159544,26.23076923076923,25.071225071225072,144.1628959276018,172.6829268292683,208.57142857142858,,,,,,,,,,,,,,,,,,,,,10,1.1803849529844583,0.9122807017543859,1.0768424132489796,95.14285714285714,0,High-impact power hitters
8cf9814c,8cf9814c,Mohammed Shami,IPL,bat,11,2013,2026,34.0,115.0,111.0,9.0,5.0,0.0,0.0,16.0,15.0,99.0,96.0,34.0,103.60360360360362,3.3823529411764706,12.612612612612612,,106.66666666666667,103.125,,,,,,,,,,,,,,,,,,,,,10,-1.0243770851019933,0.7727272727272727,-0.7915641112151766,10.285714285714285,1,Low-output batting group
8d2c70ad,8d2c70ad,Kuldeep Yadav,IPL,bat,9,2017,2026,41.0,210.0,253.0,18.0,3.0,0.0,0.0,23.0,44.0,187.0,209.0,41.0,83.00395256916995,5.121951219512195,8.300395256916996,,52.27272727272727,89.47368421052632,,,,,,,,,,,,,,,,,,,,,10,-1.414137003750316,0.803921568627451,-1.1368552383090775,3.7142857142857144,1,Low-output batting group
8e514b4c,8e514b4c,Abdul Samad,IPL,bat,7,2020,2026,57.0,822.0,558.0,52.0,52.0,2.0,2.0,304.0,249.0,516.0,307.0,57.0,147.31182795698925,14.421052631578947,18.63799283154122,100.0,122.08835341365463,168.07817589576547,,,,,,,,,,,,,,,,,,,,,10,0.3205336787820543,0.8507462686567164,0.27269283120264326,62.28571428571429,3,Balanced batting group
8ee36b18,8ee36b18,P Nissanka,IPL,bat,1,2026,2026,10.0,278.0,175.0,33.0,12.0,235.0,139.0,43.0,36.0,0.0,0.0,10.0,158.85714285714286,27.8,25.71428571428571,169.06474820143885,119.44444444444444,,,,,,,,,,,,,,,,,,,,,,10,1.321962063094134,0.5,0.6609810315470672,83.42857142857143,0,High-impact power hitters
8f6dd463,8f6dd463,Azmatullah Omarzai,IPL,bat,3,2024,2026,11.0,151.0,101.0,11.0,10.0,0.0,0.0,82.0,63.0,69.0,38.0,11.0,149.5049504950495,13.727272727272727,20.792079207920793,,130.15873015873015,181.57894736842107,,,,,,,,,,,,,,,,,,,,,10,0.40147549467711846,0.5238095238095238,0.21029668768801466,59.42857142857143,2,Run accumulators
8fd1a8f5,8fd1a8f5,DW Steyn,IPL,bat,10,2008,2020,33.0,167.0,160.0,14.0,3.0,0.0,0.0,4.0,9.0,163.0,151.0,33.0,104.375,5.0606060606060606,10.625,,44.44444444444444,107.94701986754967,,,,,,,,,,,,,,,,,,,,,10,-1.0127521549980494,0.7674418604651163,-0.7772283980217587,10.857142857142858,1,Low-output batting group
90de905a,90de905a,K Gowtham,IPL,bat,5,2018,2023,27.0,247.0,148.0,15.0,17.0,8.0,5.0,75.0,55.0,164.0,88.0,27.0,166.89189189189187,9.148148148148149,21.62162162162162,160.0,136.36363636363635,186.36363636363635,,,,,,,,,,,,,,,,,,,,,10,0.49572781952538925,0.7297297297297297,0.36174732776177065,68.28571428571428,0,High-impact power hitters
919a3be2,919a3be2,RR Pant,IPL,bat,10,2016,2026,135.0,3853.0,2622.0,348.0,181.0,490.0,414.0,2268.0,1668.0,1095.0,540.0,135.0,146.9488939740656,28.54074074074074,20.175438596491226,118.3574879227053,135.97122302158274,202.77777777777777,,,,,,,,,,,,,,,,,,,,,10,0.9752797469844384,0.9310344827586207,0.9080190747786151,91.71428571428571,2,Run accumulators
91a4a398,91a4a398,Z Khan,IPL,bat,8,2008,2017,27.0,117.0,141.0,11.0,2.0,0.0,3.0,9.0,29.0,108.0,109.0,27.0,82.97872340425532,4.333333333333333,9.219858156028367,0.0,31.03448275862069,99.08256880733946,,,,,,,,,,,,,,,,,,,,,10,-1.415073670413382,0.7297297297297297,-1.0326213270584137,4.857142857142857,1,Low-output batting group
91ffa6c6,91ffa6c6,JD Ryder,IPL,bat,3,2009,2012,29.0,604.0,458.0,69.0,19.0,440.0,326.0,119.0,104.0,45.0,28.0,29.0,131.87772925764193,20.82758620689655,19.213973799126638,134.96932515337423,114.42307692307692,160.71428571428572,,,,,,,,,,,,,,,,,,,,,10,0.38455060776517463,0.7435897435897436,0.2859478878253864,63.42857142857142,2,Run accumulators
9219eff0,9219eff0,JDS Neesham,IPL,bat,4,2014,2022,10.0,92.0,93.0,6.0,2.0,0.0,0.0,50.0,46.0,42.0,47.0,10.0,98.9247311827957,9.2,8.60215053763441,,108.69565217391303,89.36170212765957,,,,,,,,,,,,,,,,,,,,,10,-0.9901798729306606,0.5,-0.49508993646533006,19.428571428571427,1,Low-output batting group
9385de2e,9385de2e,SS Prabhudessai,IPL,bat,3,2022,2024,10.0,126.0,106.0,11.0,4.0,8.0,12.0,94.0,74.0,24.0,20.0,10.0,118.86792452830188,12.6,14.150943396226415,66.66666666666666,127.02702702702702,120.0,,,,,,,,,,,,,,,,,,,,,10,-0.3454913989565927,0.5,-0.1727456994782961,36.0,3,Balanced batting group
93b4fc78,93b4fc78,MK Pandey,IPL,bat,18,2008,2025,161.0,3951.0,3248.0,340.0,116.0,1133.0,992.0,2105.0,1785.0,713.0,471.0,161.0,121.64408866995073,24.540372670807454,14.039408866995073,114.21370967741935,117.92717086834735,151.380042462845,,,,,,,,,,,,,,,,,,,,,10,0.20337666412206964,0.9415204678362573,0.1914832919511884,58.57142857142858,3,Balanced batting group
9418198b,9418198b,P Simran Singh,IPL,bat,8,2019,2026,64.0,1796.0,1150.0,189.0,92.0,1132.0,741.0,585.0,365.0,79.0,44.0,64.0,156.17391304347825,28.0625,24.434782608695652,152.76653171390012,160.27397260273972,179.54545454545453,,,,,,,,,,,,,,,,,,,,,10,1.2468029145035384,0.8648648648648649,1.0783160341652225,95.42857142857143,0,High-impact power hitters
94253925,94253925,GH Vihari,IPL,bat,3,2013,2019,23.0,284.0,321.0,23.0,1.0,59.0,90.0,145.0,161.0,80.0,70.0,23.0,88.47352024922118,12.347826086956522,7.476635514018691,65.55555555555556,90.06211180124224,114.28571428571428,,,,,,,,,,,,,,,,,,,,,10,-1.052548780794599,0.696969696969697,-0.7335946047962356,11.714285714285715,1,Low-output batting group
944533a5,944533a5,KK Nair,IPL,bat,11,2013,2026,78.0,1712.0,1304.0,188.0,49.0,619.0,484.0,818.0,665.0,275.0,155.0,78.0,131.2883435582822,21.94871794871795,18.17484662576687,127.89256198347107,123.00751879699247,177.41935483870967,,,,,,,,,,,,,,,,,,,,,10,0.3861998563125381,0.8863636363636364,0.3423135090042952,67.42857142857143,2,Run accumulators
94d7f855,94d7f855,C de Grandhomme,IPL,bat,3,2017,2019,21.0,303.0,225.0,18.0,18.0,1.0,2.0,142.0,110.0,160.0,113.0,21.0,134.66666666666666,14.428571428571429,16.0,50.0,129.0909090909091,141.5929203539823,,,,,,,,,,,,,,,,,,,,,10,0.036199271630396074,0.6774193548387096,0.02452208723349427,48.0,3,Balanced batting group
957532de,957532de,S Aravind,IPL,bat,4,2011,2017,10.0,59.0,57.0,7.0,0.0,0.0,0.0,10.0,12.0,49.0,45.0,10.0,103.50877192982458,5.9,12.280701754385964,,83.33333333333334,108.88888888888889,,,,,,,,,,,,,,,,,,,,,10,-0.9299731685386081,0.5,-0.46498658426930384,21.428571428571427,1,Low-output batting group
95a2ea61,95a2ea61,S Anirudha,IPL,bat,6,2008,2014,12.0,136.0,113.0,9.0,7.0,26.0,28.0,34.0,33.0,76.0,52.0,12.0,120.35398230088497,11.333333333333334,14.15929203539823,92.85714285714286,103.03030303030303,146.15384615384613,,,,,,,,,,,,,,,,,,,,,10,-0.37717764108666363,0.5454545454545454,-0.20573325877454357,34.57142857142857,3,Balanced batting group
96fd40ae,96fd40ae,A Nehra,IPL,bat,7,2008,2016,17.0,41.0,62.0,3.0,1.0,0.0,0.0,0.0,0.0,41.0,62.0,17.0,66.12903225806451,2.411764705882353,6.451612903225806,,,66.12903225806451,,,,,,,,,,,,,,,,,,,,,10,-1.849687551459178,0.6296296296296297,-1.1646180879557786,3.1428571428571432,1,Low-output batting group
989889ff,989889ff,JP Inglis,IPL,bat,2,2025,2026,15.0,472.0,270.0,49.0,26.0,288.0,143.0,156.0,109.0,28.0,18.0,15.0,174.8148148148148,31.466666666666665,27.77777777777778,201.39860139860141,143.11926605504587,155.55555555555557,,,,,,,,,,,,,,,,,,,,,10,1.7924911482523902,0.6,1.0754946889514343,94.57142857142857,0,High-impact power hitters
98ae73b1,98ae73b1,PP Chawla,IPL,bat,15,2008,2024,86.0,624.0,563.0,56.0,20.0,15.0,13.0,156.0,177.0,453.0,373.0,86.0,110.8348134991119,7.255813953488372,13.49911190053286,115.38461538461537,88.13559322033898,121.44772117962465,,,,,,,,,,,,,,,,,,,,,10,-0.718190875896937,0.8958333333333334,-0.6433793263243394,13.142857142857142,1,Low-output batting group
99b75528,99b75528,JC Buttler,IPL,bat,11,2016,2026,132.0,4533.0,3035.0,449.0,205.0,1821.0,1292.0,1942.0,1346.0,770.0,397.0,132.0,149.35749588138384,34.34090909090909,21.54859967051071,140.94427244582045,144.27934621099553,193.95465994962217,,,,,,,,,,,,,,,,,,,,,10,1.309330616609831,0.9295774647887324,1.2171242351584346,96.57142857142857,2,Run accumulators
99d63244,99d63244,KM Jadhav,IPL,bat,12,2010,2023,81.0,1208.0,981.0,102.0,40.0,67.0,81.0,576.0,493.0,565.0,407.0,81.0,123.13965341488277,14.91358024691358,14.475025484199797,82.71604938271605,116.83569979716025,138.8206388206388,,,,,,,,,,,,,,,,,,,,,10,-0.1707390976191706,0.8901098901098901,-0.1519765594192617,36.857142857142854,3,Balanced batting group
9a158001,9a158001,Azhar Mahmood,IPL,bat,3,2012,2015,21.0,388.0,303.0,39.0,13.0,22.0,24.0,243.0,188.0,123.0,91.0,21.0,128.05280528052805,18.476190476190474,17.16171617161716,91.66666666666666,129.25531914893617,135.16483516483518,,,,,,,,,,,,,,,,,,,,,10,0.15244632680138467,0.6774193548387096,0.10327009234932524,54.57142857142857,3,Balanced batting group
9a46c4e5,9a46c4e5,GD Phillips,IPL,bat,3,2021,2026,13.0,132.0,109.0,7.0,8.0,4.0,12.0,52.0,51.0,76.0,46.0,13.0,121.10091743119267,10.153846153846153,13.761467889908257,33.33333333333333,101.96078431372548,165.2173913043478,,,,,,,,,,,,,,,,,,,,,10,-0.4308708563824941,0.5652173913043478,-0.24353570143358338,32.285714285714285,3,Balanced batting group
9b6e1b3f,9b6e1b3f,J Fraser-McGurk,IPL,bat,2,2024,2025,15.0,385.0,193.0,39.0,30.0,298.0,144.0,87.0,49.0,0.0,0.0,15.0,199.4818652849741,25.666666666666668,35.751295336787564,206.94444444444446,177.55102040816325,,,,,,,,,,,,,,,,,,,,,,10,2.2015349770184964,0.6,1.320920986211098,98.28571428571429,0,High-impact power hitters
9caf69a1,9caf69a1,WG Jacks,IPL,bat,3,2024,2026,24.0,555.0,354.0,46.0,35.0,229.0,151.0,262.0,182.0,64.0,21.0,24.0,156.77966101694915,23.125,22.88135593220339,151.65562913907286,143.95604395604394,304.76190476190476,,,,,,,,,,,,,,,,,,,,,10,0.9883243511147206,0.7058823529411765,0.6976407184339206,84.85714285714285,2,Run accumulators
9d430b40,9d430b40,SP Narine,IPL,bat,15,2012,2026,122.0,1820.0,1101.0,191.0,120.0,1174.0,690.0,486.0,279.0,160.0,132.0,122.0,165.3042688465032,14.918032786885245,28.247048138056314,170.1449275362319,174.19354838709677,121.21212121212122,,,,,,,,,,,,,,,,,,,,,10,0.9583541271973246,0.9242424242424242,0.8857515418035878,91.14285714285715,0,High-impact power hitters
9d80c5e1,9d80c5e1,S Nadeem,IPL,bat,10,2011,2021,20.0,39.0,87.0,2.0,0.0,0.0,0.0,9.0,21.0,30.0,66.0,20.0,44.827586206896555,1.95,2.2988505747126435,,42.857142857142854,45.45454545454545,,,,,,,,,,,,,,,,,,,,,10,-2.338466443366837,0.6666666666666666,-1.5589776289112243,0.5714285714285714,1,Low-output batting group
9fc0ef64,9fc0ef64,PJ Sangwan,IPL,bat,7,2008,2022,14.0,26.0,44.0,1.0,0.0,0.0,0.0,4.0,9.0,22.0,35.0,14.0,59.09090909090909,1.8571428571428572,2.272727272727273,,44.44444444444444,62.857142857142854,,,,,,,,,,,,,,,,,,,,,10,-2.129784614744862,0.5833333333333334,-1.2423743586011693,2.0,1,Low-output batting group
a12e1d51,a12e1d51,SL Malinga,IPL,bat,8,2009,2017,20.0,88.0,99.0,6.0,5.0,0.0,0.0,2.0,3.0,86.0,96.0,20.0,88.88888888888889,4.4,11.11111111111111,,66.66666666666666,89.58333333333334,,,,,,,,,,,,,,,,,,,,,10,-1.255396184505505,0.6666666666666666,-0.8369307896703365,9.142857142857142,1,Low-output batting group
a1f1829d,a1f1829d,K Goel,IPL,bat,3,2008,2010,16.0,218.0,231.0,17.0,9.0,160.0,161.0,28.0,42.0,30.0,28.0,16.0,94.37229437229438,13.625,11.255411255411255,99.37888198757764,66.66666666666666,107.14285714285714,,,,,,,,,,,,,,,,,,,,,10,-0.7730247889330928,0.6153846153846154,-0.47570756242036466,20.857142857142858,1,Low-output batting group
a24be938,a24be938,VR Iyer,IPL,bat,6,2021,2026,59.0,1582.0,1139.0,146.0,71.0,596.0,457.0,769.0,547.0,217.0,135.0,59.0,138.8937664618086,26.8135593220339,19.051799824407375,130.41575492341357,140.58500914076782,160.74074074074073,,,,,,,,,,,,,,,,,,,,,10,0.7400991554457245,0.855072463768116,0.6328384082796775,82.28571428571428,2,Run accumulators
a3b0600d,a3b0600d,Aniket Verma,IPL,bat,2,2025,2026,20.0,315.0,196.0,18.0,25.0,17.0,16.0,155.0,103.0,143.0,77.0,20.0,160.71428571428572,15.75,21.93877551020408,106.25,150.48543689320388,185.71428571428572,,,,,,,,,,,,,,,,,,,,,10,0.6973812603677794,0.6666666666666666,0.4649208402451864,74.28571428571429,2,Run accumulators
a45a5e8d,a45a5e8d,AM Nayar,IPL,bat,7,2008,2014,50.0,672.0,577.0,55.0,20.0,65.0,73.0,297.0,307.0,310.0,197.0,50.0,116.46447140381282,13.44,12.99826689774697,89.04109589041096,96.74267100977198,157.36040609137058,,,,,,,,,,,,,,,,,,,,,10,-0.3871493342843797,0.8333333333333334,-0.322624445236983,28.000000000000004,3,Balanced batting group
a4cc73aa,a4cc73aa,SV Samson,IPL,bat,14,2013,2026,184.0,5181.0,3670.0,432.0,243.0,1619.0,1270.0,2710.0,1954.0,852.0,446.0,184.0,141.1716621253406,28.157608695652176,18.392370572207085,127.48031496062993,138.68986693961105,191.03139013452915,,,,,,,,,,,,,,,,,,,,,10,0.8079488082482169,0.9484536082474226,0.7663019624622264,87.71428571428571,2,Run accumulators
a4e37e47,a4e37e47,S Dube,IPL,bat,8,2019,2026,86.0,2082.0,1447.0,128.0,133.0,37.0,46.0,1281.0,946.0,764.0,455.0,86.0,143.8838977194195,24.209302325581394,18.037318590186594,80.43478260869566,135.4122621564482,167.9120879120879,,,,,,,,,,,,,,,,,,,,,10,0.666663101351181,0.8958333333333334,0.5972190282937664,80.57142857142857,2,Run accumulators
a757b0d8,a757b0d8,KA Pollard,IPL,bat,13,2010,2022,168.0,3437.0,2329.0,221.0,224.0,53.0,49.0,1352.0,1086.0,2032.0,1194.0,168.0,147.57406612279948,20.458333333333332,19.10691283812795,108.16326530612245,124.49355432780847,170.18425460636516,,,,,,,,,,,,,,,,,,,,,10,0.5999330350415916,0.9438202247191011,0.5662289319493673,77.42857142857143,2,Run accumulators
a818c1be,a818c1be,TA Boult,IPL,bat,10,2017,2026,26.0,93.0,85.0,5.0,4.0,0.0,0.0,8.0,9.0,85.0,76.0,26.0,109.41176470588236,3.576923076923077,10.588235294117647,,88.88888888888889,111.8421052631579,,,,,,,,,,,,,,,,,,,,,10,-1.0021872513883272,0.7222222222222222,-0.7238019037804584,12.0,1,Low-output batting group
a97c8ec2,a97c8ec2,PWH de Silva,IPL,bat,4,2021,2025,19.0,81.0,88.0,7.0,1.0,0.0,0.0,25.0,35.0,56.0,53.0,19.0,92.04545454545455,4.2631578947368425,9.090909090909092,,71.42857142857143,105.66037735849056,,,,,,,,,,,,,,,,,,,,,10,-1.2869568258724495,0.6551724137931034,-0.8431786100543633,8.571428571428571,1,Low-output batting group
a9fd84fb,a9fd84fb,M Markande,IPL,bat,3,2018,2023,10.0,48.0,42.0,5.0,1.0,0.0,0.0,0.0,1.0,48.0,41.0,10.0,114.28571428571428,4.8,14.285714285714285,,0.0,117.07317073170731,,,,,,,,,,,,,,,,,,,,,10,-0.7432637540399735,0.5,-0.3716318770199865,25.142857142857146,1,Low-output batting group
aa8d28ae,aa8d28ae,D Wiese,IPL,bat,3,2015,2023,11.0,148.0,101.0,12.0,7.0,0.0,0.0,23.0,24.0,125.0,77.0,11.0,146.53465346534654,13.454545454545455,18.81188118811881,,95.83333333333334,162.33766233766232,,,,,,,,,,,,,,,,,,,,,10,0.2737873818442982,0.5238095238095238,0.14341243810891832,55.714285714285715,3,Balanced batting group
aaa1b522,aaa1b522,TL Suman,IPL,bat,5,2009,2013,39.0,676.0,575.0,55.0,26.0,185.0,181.0,347.0,286.0,144.0,108.0,39.0,117.56521739130434,17.333333333333332,14.08695652173913,102.20994475138122,121.32867132867133,133.33333333333331,,,,,,,,,,,,,,,,,,,,,10,-0.16461616467165802,0.7959183673469388,-0.13102102902438076,39.14285714285714,3,Balanced batting group
aad0c365,aad0c365,Nithish Kumar Reddy,IPL,bat,3,2024,2026,33.0,720.0,509.0,46.0,41.0,72.0,80.0,441.0,321.0,207.0,108.0,33.0,141.45383104125736,21.818181818181817,17.092337917485263,90.0,137.38317757009347,191.66666666666669,,,,,,,,,,,,,,,,,,,,,10,0.49374269295445217,0.7674418604651163,0.37891881087202156,69.14285714285714,2,Run accumulators
ab89348d,ab89348d,MF Maharoof,IPL,bat,3,2008,2010,14.0,177.0,123.0,12.0,9.0,0.0,0.0,42.0,34.0,135.0,89.0,14.0,143.90243902439025,12.642857142857142,17.073170731707318,,123.52941176470588,151.68539325842696,,,,,,,,,,,,,,,,,,,,,10,0.13680517427152036,0.5833333333333334,0.07980301832505375,51.142857142857146,3,Balanced batting group
abb83e27,abb83e27,JM Bairstow,IPL,bat,6,2019,2025,52.0,1674.0,1146.0,173.0,74.0,944.0,625.0,655.0,466.0,75.0,55.0,52.0,146.07329842931938,32.19230769230769,21.55322862129145,151.04,140.5579399141631,136.36363636363635,,,,,,,,,,,,,,,,,,,,,10,1.1683055143629903,0.8387096774193549,0.9798691410786372,92.85714285714286,2,Run accumulators
abfeb126,abfeb126,M Kartik,IPL,bat,6,2008,2013,14.0,113.0,108.0,7.0,1.0,0.0,0.0,35.0,32.0,78.0,76.0,14.0,104.62962962962963,8.071428571428571,7.4074074074074066,,109.375,102.63157894736842,,,,,,,,,,,,,,,,,,,,,10,-0.9962299113786821,0.5833333333333334,-0.5811341149708977,14.857142857142858,1,Low-output batting group
acdc62f5,acdc62f5,A Nortje,IPL,bat,5,2020,2026,14.0,49.0,50.0,6.0,0.0,0.0,0.0,0.0,0.0,49.0,50.0,14.0,98.0,3.5,12.0,,,98.0,,,,,,,,,,,,,,,,,,,,,10,-1.1253847342532861,0.5833333333333334,-0.6564744283144167,12.857142857142856,1,Low-output batting group
ad3b6e95,ad3b6e95,Abishek Porel,IPL,bat,4,2023,2026,32.0,747.0,511.0,76.0,28.0,360.0,241.0,325.0,234.0,62.0,36.0,32.0,146.1839530332681,23.34375,20.352250489236788,149.37759336099586,138.88888888888889,172.22222222222223,,,,,,,,,,,,,,,,,,,,,10,0.7476604304950204,0.7619047619047619,0.5696460422819204,77.71428571428571,2,Run accumulators
ad427b5c,ad427b5c,Lalit Yadav,IPL,bat,4,2021,2024,21.0,305.0,290.0,27.0,7.0,25.0,32.0,186.0,178.0,94.0,80.0,21.0,105.17241379310344,14.523809523809524,11.724137931034482,78.125,104.49438202247192,117.5,,,,,,,,,,,,,,,,,,,,,10,-0.5558658397052171,0.6774193548387096,-0.3765542785099856,24.857142857142858,3,Balanced batting group
addbde6c,addbde6c,N Saini,IPL,bat,1,2012,2012,10.0,140.0,141.0,16.0,0.0,80.0,84.0,53.0,49.0,7.0,8.0,10.0,99.29078014184397,14.0,11.347517730496454,95.23809523809523,108.16326530612245,87.5,,,,,,,,,,,,,,,,,,,,,10,-0.6799818954191361,0.5,-0.33999094770956784,26.857142857142858,1,Low-output batting group
ae091d39,ae091d39,SA Asnodkar,IPL,bat,4,2008,2011,19.0,423.0,339.0,56.0,10.0,278.0,209.0,145.0,130.0,0.0,0.0,19.0,124.7787610619469,22.263157894736842,19.469026548672566,133.01435406698565,111.53846153846155,,,,,,,,,,,,,,,,,,,,,,10,0.3489275236726486,0.6551724137931034,0.2286076879234596,60.0,2,Run accumulators
ae78bc32,ae78bc32,MS Gony,IPL,bat,6,2008,2013,15.0,99.0,71.0,6.0,8.0,0.0,0.0,11.0,17.0,88.0,54.0,15.0,139.43661971830986,6.6,19.718309859154928,,64.70588235294117,162.96296296296296,,,,,,,,,,,,,,,,,,,,,10,-0.09330057573200479,0.6,-0.055980345439202675,43.42857142857143,3,Balanced batting group
af2c687b,af2c687b,C Munro,IPL,bat,3,2016,2019,11.0,177.0,141.0,19.0,8.0,131.0,91.0,42.0,45.0,4.0,5.0,11.0,125.53191489361701,16.09090909090909,19.148936170212767,143.95604395604394,93.33333333333333,80.0,,,,,,,,,,,,,,,,,,,,,10,0.08433044598713238,0.5238095238095238,0.04417309075516481,49.714285714285715,3,Balanced batting group
af7dadf7,af7dadf7,B Akhil,IPL,bat,3,2008,2011,11.0,76.0,55.0,5.0,5.0,0.0,0.0,27.0,21.0,49.0,34.0,11.0,138.1818181818182,6.909090909090909,18.181818181818183,,128.57142857142858,144.11764705882354,,,,,,,,,,,,,,,,,,,,,10,-0.15435572652332002,0.5238095238095238,-0.08085299960745311,42.0,3,Balanced batting group
afa7e784,afa7e784,MS Wade,IPL,bat,3,2011,2024,14.0,183.0,177.0,23.0,2.0,113.0,98.0,70.0,79.0,0.0,0.0,14.0,103.38983050847457,13.071428571428571,14.124293785310735,115.3061224489796,88.60759493670885,,,,,,,,,,,,,,,,,,,,,,10,-0.5580598292614983,0.5833333333333334,-0.3255349004025405,27.42857142857143,3,Balanced batting group
b0482a1d,b0482a1d,Tilak Varma,IPL,bat,5,2022,2026,63.0,1835.0,1245.0,143.0,90.0,187.0,153.0,1105.0,818.0,543.0,274.0,63.0,147.3895582329317,29.126984126984127,18.714859437751006,122.22222222222223,135.08557457212714,198.17518248175185,,,,,,,,,,,,,,,,,,,,,10,0.9542257585665987,0.863013698630137,0.8235099012287086,89.42857142857143,2,Run accumulators
b1451597,b1451597,LR Shukla,IPL,bat,7,2008,2014,33.0,405.0,350.0,33.0,16.0,2.0,5.0,184.0,181.0,219.0,164.0,33.0,115.71428571428572,12.272727272727273,14.000000000000002,40.0,101.65745856353593,133.53658536585365,,,,,,,,,,,,,,,,,,,,,10,-0.41218608366476583,0.7674418604651163,-0.3163288549055179,29.428571428571427,3,Balanced batting group
b17e2f24,b17e2f24,KL Rahul,IPL,bat,13,2013,2026,148.0,5768.0,4158.0,504.0,235.0,2419.0,1880.0,2442.0,1771.0,907.0,507.0,148.0,138.7205387205387,38.972972972972975,17.772967772967775,128.67021276595744,137.88819875776397,178.89546351084812,,,,,,,,,,,,,,,,,,,,,10,1.2120140895608014,0.9367088607594937,1.135304337056953,96.0,2,Run accumulators
b2b4f545,b2b4f545,A Mhatre,IPL,bat,2,2025,2026,13.0,441.0,240.0,51.0,23.0,275.0,145.0,157.0,85.0,9.0,10.0,13.0,183.75,33.92307692307692,30.833333333333336,189.6551724137931,184.7058823529412,90.0,,,,,,,,,,,,,,,,,,,,,10,2.1418620308471734,0.5652173913043478,1.210617669609272,96.28571428571429,0,High-impact power hitters
b2b50355,b2b50355,L Balaji,IPL,bat,6,2008,2014,13.0,36.0,49.0,2.0,1.0,0.0,0.0,1.0,4.0,35.0,45.0,13.0,73.46938775510205,2.769230769230769,6.122448979591836,,25.0,77.77777777777779,,,,,,,,,,,,,,,,,,,,,10,-1.7363433491138027,0.5652173913043478,-0.9814114581947577,6.2857142857142865,1,Low-output batting group
b4b99816,b4b99816,Shubman Gill,IPL,bat,9,2018,2026,126.0,4418.0,3131.0,422.0,146.0,1968.0,1467.0,1976.0,1360.0,474.0,304.0,126.0,141.10507824976045,35.06349206349206,18.141168955605238,134.15132924335379,145.2941176470588,155.92105263157893,,,,,,,,,,,,,,,,,,,,,10,1.0936083329936555,0.9264705882352942,1.0131959555676515,93.42857142857143,2,Run accumulators
b5797845,b5797845,Priyansh Arya,IPL,bat,2,2025,2026,30.0,909.0,470.0,87.0,63.0,678.0,354.0,231.0,116.0,0.0,0.0,30.0,193.40425531914894,30.3,31.914893617021278,191.52542372881356,199.13793103448276,,,,,,,,,,,,,,,,,,,,,,10,2.170356702953194,0.75,1.6277675272148955,99.71428571428571,0,High-impact power hitters
b57f8a9a,b57f8a9a,BJ Hodge,IPL,bat,7,2008,2014,63.0,1400.0,1118.0,122.0,43.0,148.0,162.0,646.0,583.0,606.0,373.0,63.0,125.22361359570662,22.22222222222222,14.75849731663685,91.35802469135803,110.80617495711836,162.46648793565683,,,,,,,,,,,,,,,,,,,,,10,0.1836864839779698,0.863013698630137,0.15852395192619317,56.85714285714286,3,Balanced batting group
b5da6c24,b5da6c24,PA Patel,IPL,bat,12,2008,2019,136.0,2848.0,2358.0,365.0,49.0,1904.0,1565.0,849.0,722.0,95.0,71.0,136.0,120.78032230703985,20.941176470588236,17.557251908396946,121.66134185303514,117.59002770083103,133.80281690140845,,,,,,,,,,,,,,,,,,,,,10,0.16338173612909832,0.9315068493150684,0.15219120625724228,56.285714285714285,3,Balanced batting group
b61a3e1a,b61a3e1a,LRPL Taylor,IPL,bat,7,2008,2014,54.0,1017.0,822.0,66.0,46.0,155.0,121.0,550.0,502.0,312.0,199.0,54.0,123.72262773722629,18.833333333333332,13.62530413625304,128.099173553719,109.5617529880478,156.78391959798995,,,,,,,,,,,,,,,,,,,,,10,-0.024846236845596927,0.84375,-0.02096401233847233,45.42857142857143,3,Balanced batting group
b63ab531,b63ab531,LA Pomersbach,IPL,bat,4,2008,2013,16.0,302.0,246.0,25.0,13.0,104.0,80.0,131.0,117.0,67.0,49.0,16.0,122.76422764227641,18.875,15.447154471544716,130.0,111.96581196581197,136.73469387755102,,,,,,,,,,,,,,,,,,,,,10,0.028392862191552706,0.6153846153846154,0.017472530579417233,46.57142857142857,3,Balanced batting group
b681e71e,b681e71e,GJ Maxwell,IPL,bat,13,2012,2025,134.0,2820.0,1818.0,238.0,161.0,433.0,309.0,1780.0,1169.0,607.0,340.0,134.0,155.1155115511551,21.044776119402986,21.947194719471945,140.1294498381877,152.26689478186483,178.52941176470588,,,,,,,,,,,,,,,,,,,,,10,0.8405783398636028,0.9305555555555556,0.7822048440397414,88.0,2,Run accumulators
b720a5d6,b720a5d6,DB Ravi Teja,IPL,bat,5,2008,2013,25.0,375.0,317.0,35.0,9.0,53.0,58.0,153.0,137.0,169.0,122.0,25.0,118.29652996845425,15.0,13.880126182965299,91.37931034482759,111.67883211678833,138.52459016393445,,,,,,,,,,,,,,,,,,,,,10,-0.2610555178686649,0.7142857142857143,-0.1864682270490462,35.42857142857142,3,Balanced batting group
b8a55852,b8a55852,BB McCullum,IPL,bat,11,2008,2018,109.0,2882.0,2190.0,293.0,130.0,1557.0,1224.0,1144.0,869.0,181.0,97.0,109.0,131.59817351598173,26.440366972477065,19.315068493150687,127.20588235294117,131.64556962025316,186.5979381443299,,,,,,,,,,,,,,,,,,,,,10,0.6243716372008468,0.9159663865546218,0.571903432394053,78.0,2,Run accumulators
b8d490fd,b8d490fd,AJ Finch,IPL,bat,11,2010,2022,90.0,2092.0,1635.0,214.0,78.0,911.0,797.0,899.0,659.0,282.0,179.0,90.0,127.95107033639144,23.244444444444444,17.859327217125383,114.30363864491844,136.41881638846738,157.54189944134077,,,,,,,,,,,,,,,,,,,,,10,0.38031208187873455,0.9,0.3422808736908612,67.14285714285714,2,Run accumulators
ba5e1069,ba5e1069,R Ravindra,IPL,bat,2,2024,2025,18.0,413.0,287.0,40.0,16.0,275.0,200.0,114.0,78.0,24.0,9.0,18.0,143.90243902439025,22.944444444444443,19.51219512195122,137.5,146.15384615384613,266.66666666666663,,,,,,,,,,,,,,,,,,,,,10,0.6660501270301025,0.6428571428571429,0.4281750816622089,72.0,2,Run accumulators
ba607b88,ba607b88,V Kohli,IPL,bat,19,2008,2026,272.0,9213.0,6852.0,831.0,313.0,3403.0,2647.0,4254.0,3379.0,1556.0,826.0,272.0,134.4570928196147,33.87132352941177,16.695855224751895,128.56063468077068,125.89523527670909,188.3777239709443,,,,,,,,,,,,,,,,,,,,,10,0.8907920899152842,0.9645390070921985,0.8592037179324727,90.57142857142857,2,Run accumulators
bb18be76,bb18be76,SK Warne,IPL,bat,4,2008,2011,27.0,198.0,214.0,14.0,6.0,0.0,0.0,61.0,82.0,137.0,132.0,27.0,92.5233644859813,7.333333333333333,9.345794392523365,,74.39024390243902,103.78787878787878,,,,,,,,,,,,,,,,,,,,,10,-1.1391190744282753,0.7297297297297297,-0.831249054312525,9.428571428571429,1,Low-output batting group
bb345e0b,bb345e0b,G Gambhir,IPL,bat,11,2008,2018,151.0,4217.0,3404.0,492.0,59.0,2277.0,1868.0,1670.0,1350.0,270.0,186.0,151.0,123.88366627497062,27.927152317880793,16.18683901292597,121.8950749464668,123.7037037037037,145.16129032258064,,,,,,,,,,,,,,,,,,,,,10,0.45951537766190304,0.937888198757764,0.4309740498568159,72.28571428571429,2,Run accumulators
bb351c23,bb351c23,MM Ali,IPL,bat,8,2018,2025,59.0,1167.0,835.0,95.0,67.0,233.0,192.0,655.0,484.0,279.0,159.0,59.0,139.76047904191617,19.779661016949152,19.40119760479042,121.35416666666667,135.3305785123967,175.47169811320757,,,,,,,,,,,,,,,,,,,,,10,0.46448702519960805,0.855072463768116,0.39717006502575186,70.57142857142857,2,Run accumulators
bb965e9a,bb965e9a,PK Garg,IPL,bat,4,2020,2023,19.0,273.0,241.0,16.0,9.0,51.0,51.0,157.0,150.0,65.0,40.0,19.0,113.27800829875518,14.368421052631579,10.37344398340249,100.0,104.66666666666666,162.5,,,,,,,,,,,,,,,,,,,,,10,-0.4899225656679481,0.6551724137931034,-0.32098374992037965,28.285714285714285,3,Balanced batting group
bbd41817,bbd41817,AD Russell,IPL,bat,13,2012,2025,114.0,2655.0,1525.0,187.0,223.0,41.0,17.0,1182.0,777.0,1432.0,731.0,114.0,174.0983606557377,23.289473684210527,26.885245901639344,241.17647058823528,152.12355212355214,195.89603283173736,,,,,,,,,,,,,,,,,,,,,10,1.399350886350858,0.9193548387096774,1.286500008419337,97.42857142857143,0,High-impact power hitters
bcce309e,bcce309e,WPUJC Vaas,IPL,bat,3,2008,2010,11.0,81.0,73.0,2.0,3.0,0.0,0.0,22.0,20.0,59.0,53.0,11.0,110.95890410958904,7.363636363636363,6.8493150684931505,,110.00000000000001,111.32075471698113,,,,,,,,,,,,,,,,,,,,,10,-0.9519139379953621,0.5238095238095238,-0.49862158656899896,19.142857142857142,1,Low-output batting group
bcf325d2,bcf325d2,Dhruv Jurel,IPL,bat,4,2023,2026,48.0,1100.0,722.0,89.0,57.0,137.0,82.0,478.0,361.0,485.0,279.0,48.0,152.35457063711914,22.916666666666668,20.221606648199447,167.0731707317073,132.40997229916897,173.8351254480287,,,,,,,,,,,,,,,,,,,,,10,0.81706116075916,0.8275862068965517,0.676188546835167,84.28571428571429,2,Run accumulators
bd17b45f,bd17b45f,STR Binny,IPL,bat,10,2010,2019,66.0,880.0,683.0,66.0,35.0,18.0,25.0,465.0,395.0,397.0,263.0,66.0,128.84333821376282,13.333333333333334,14.787701317715959,72.0,117.72151898734178,150.9505703422053,,,,,,,,,,,,,,,,,,,,,10,-0.14169960412734353,0.868421052631579,-0.12305491937374563,39.714285714285715,3,Balanced batting group
bd54eef5,bd54eef5,N Jagadeesan,IPL,bat,3,2020,2023,10.0,162.0,147.0,21.0,2.0,64.0,61.0,87.0,73.0,11.0,13.0,10.0,110.20408163265304,16.2,15.646258503401361,104.91803278688525,119.17808219178083,84.61538461538461,,,,,,,,,,,,,,,,,,,,,10,-0.26706242873724584,0.5,-0.13353121436862267,38.285714285714285,3,Balanced batting group
bd77eb62,bd77eb62,A Symonds,IPL,bat,4,2008,2011,36.0,974.0,750.0,74.0,41.0,72.0,82.0,609.0,484.0,293.0,184.0,36.0,129.86666666666667,27.055555555555557,15.333333333333332,87.8048780487805,125.82644628099173,159.23913043478262,,,,,,,,,,,,,,,,,,,,,10,0.48096040664512973,0.782608695652174,0.37640379650488426,68.85714285714286,3,Balanced batting group
be24ead0,be24ead0,Ramandeep Singh,IPL,bat,4,2022,2026,26.0,299.0,205.0,17.0,19.0,2.0,3.0,125.0,112.0,172.0,90.0,26.0,145.85365853658536,11.5,17.560975609756095,66.66666666666666,111.60714285714286,191.11111111111111,,,,,,,,,,,,,,,,,,,,,10,0.1347054362365978,0.7222222222222222,0.09728725950420966,54.0,3,Balanced batting group
c03c6200,c03c6200,DJG Sammy,IPL,bat,3,2013,2015,20.0,295.0,241.0,15.0,18.0,8.0,5.0,151.0,140.0,136.0,96.0,20.0,122.40663900414938,14.75,13.692946058091287,160.0,107.85714285714285,141.66666666666669,,,,,,,,,,,,,,,,,,,,,10,-0.21697107076546052,0.6666666666666666,-0.14464738051030684,37.714285714285715,3,Balanced batting group
c03e2850,c03e2850,M Vohra,IPL,bat,9,2013,2023,51.0,1083.0,829.0,104.0,43.0,691.0,540.0,330.0,261.0,62.0,28.0,51.0,130.63932448733414,21.235294117647058,17.73220747889023,127.96296296296296,126.4367816091954,221.42857142857144,,,,,,,,,,,,,,,,,,,,,10,0.3299408260761657,0.8360655737704918,0.27585216606367957,62.57142857142857,2,Run accumulators
c03f1114,c03f1114,KD Karthik,IPL,bat,17,2008,2024,233.0,4843.0,3580.0,466.0,161.0,397.0,405.0,2542.0,2077.0,1904.0,1098.0,233.0,135.27932960893853,20.78540772532189,17.51396648044693,98.0246913580247,122.38805970149254,173.40619307832424,,,,,,,,,,,,,,,,,,,,,10,0.3722791032169661,0.9588477366255144,0.3569589755125642,68.0,2,Run accumulators
c05edf8e,c05edf8e,Harpreet Brar,IPL,bat,7,2019,2026,27.0,249.0,206.0,20.0,10.0,0.0,0.0,40.0,54.0,209.0,152.0,27.0,120.87378640776699,9.222222222222221,14.563106796116504,,74.07407407407408,137.5,,,,,,,,,,,,,,,,,,,,,10,-0.445211011562185,0.7297297297297297,-0.3248837111399727,27.714285714285715,3,Balanced batting group
c15e2193,c15e2193,FY Fazal,IPL,bat,2,2010,2011,11.0,183.0,173.0,22.0,1.0,76.0,79.0,69.0,62.0,38.0,32.0,11.0,105.78034682080926,16.636363636363637,13.294797687861271,96.20253164556962,111.29032258064515,118.75,,,,,,,,,,,,,,,,,,,,,10,-0.3995617357884782,0.5238095238095238,-0.20929424255586931,33.42857142857143,3,Balanced batting group
c16d4035,c16d4035,SW Billings,IPL,bat,5,2016,2022,27.0,503.0,388.0,40.0,20.0,125.0,97.0,260.0,221.0,118.0,70.0,27.0,129.63917525773198,18.62962962962963,15.463917525773196,128.8659793814433,117.64705882352942,168.57142857142858,,,,,,,,,,,,,,,,,,,,,10,0.12144736000373053,0.7297297297297297,0.0886237491919116,52.0,3,Balanced batting group
c18496e1,c18496e1,Bipul Sharma,IPL,bat,6,2010,2017,17.0,187.0,123.0,11.0,9.0,0.0,0.0,15.0,14.0,172.0,109.0,17.0,152.03252032520325,11.0,16.260162601626014,,107.14285714285714,157.7981651376147,,,,,,,,,,,,,,,,,,,,,10,0.1588392013883511,0.6296296296296297,0.10000986754081383,54.285714285714285,3,Balanced batting group
c38d3503,c38d3503,Shivam Mavi,IPL,bat,4,2018,2022,11.0,51.0,56.0,4.0,2.0,0.0,0.0,3.0,5.0,48.0,51.0,11.0,91.07142857142857,4.636363636363637,10.714285714285714,,60.0,94.11764705882352,,,,,,,,,,,,,,,,,,,,,10,-1.2269233588836792,0.5238095238095238,-0.6426741403676413,13.428571428571429,1,Low-output batting group
c3a96caf,c3a96caf,Mandeep Singh,IPL,bat,13,2010,2023,97.0,1706.0,1388.0,176.0,38.0,633.0,554.0,663.0,560.0,410.0,274.0,97.0,122.91066282420748,17.587628865979383,15.417867435158502,114.25992779783394,118.39285714285714,149.63503649635038,,,,,,,,,,,,,,,,,,,,,10,-0.02560110761014448,0.9065420560747663,-0.02320848073069168,45.14285714285714,3,Balanced batting group
c3d1402f,c3d1402f,RP Singh,IPL,bat,5,2008,2012,28.0,52.0,76.0,2.0,1.0,0.0,0.0,2.0,6.0,50.0,70.0,28.0,68.42105263157895,1.8571428571428572,3.9473684210526314,,33.33333333333333,71.42857142857143,,,,,,,,,,,,,,,,,,,,,10,-1.9295700407335197,0.7368421052631579,-1.4217884510668037,1.1428571428571428,1,Low-output batting group
c3d35165,c3d35165,JA Morkel,IPL,bat,9,2008,2016,67.0,975.0,687.0,61.0,55.0,18.0,13.0,320.0,266.0,637.0,408.0,67.0,141.92139737991266,14.552238805970148,16.885007278020378,138.46153846153845,120.30075187969925,156.12745098039215,,,,,,,,,,,,,,,,,,,,,10,0.1821065653796073,0.8701298701298701,0.15845636208355443,56.57142857142857,3,Balanced batting group
c42aaf71,c42aaf71,M Manhas,IPL,bat,6,2009,2014,38.0,514.0,470.0,43.0,10.0,46.0,53.0,224.0,232.0,244.0,185.0,38.0,109.36170212765957,13.526315789473685,11.27659574468085,86.79245283018868,96.55172413793103,131.8918918918919,,,,,,,,,,,,,,,,,,,,,10,-0.5520101199205353,0.7916666666666666,-0.43700801160375696,22.57142857142857,3,Balanced batting group
c4487b84,c4487b84,AB de Villiers,IPL,bat,14,2008,2021,170.0,5181.0,3411.0,414.0,253.0,741.0,614.0,2572.0,1959.0,1868.0,838.0,170.0,151.8909410729991,30.476470588235294,19.554382878921135,120.6840390879479,131.29147524247065,222.91169451073984,,,,,,,,,,,,,,,,,,,,,10,1.1097502794284309,0.9444444444444444,1.0480974861268513,94.0,2,Run accumulators
c5aef772,c5aef772,R Shepherd,IPL,bat,5,2022,2026,19.0,268.0,153.0,18.0,22.0,0.0,0.0,73.0,52.0,195.0,101.0,19.0,175.16339869281046,14.105263157894736,26.143790849673206,,140.3846153846154,193.06930693069307,,,,,,,,,,,,,,,,,,,,,10,0.9952231485089773,0.6551724137931034,0.652042752471399,82.85714285714286,0,High-impact power hitters
c654af19,c654af19,R McLaren,IPL,bat,3,2010,2013,13.0,159.0,171.0,14.0,1.0,12.0,18.0,78.0,95.0,69.0,58.0,13.0,92.98245614035088,12.23076923076923,8.771929824561402,66.66666666666666,82.10526315789474,118.96551724137932,,,,,,,,,,,,,,,,,,,,,10,-0.9432498808351493,0.5652173913043478,-0.5331412369937798,17.71428571428571,1,Low-output batting group
c69a7b5c,c69a7b5c,AS Raut,IPL,bat,3,2009,2011,16.0,194.0,167.0,13.0,7.0,7.0,6.0,67.0,58.0,120.0,103.0,16.0,116.1676646706587,12.125,11.976047904191617,116.66666666666667,115.51724137931035,116.50485436893203,,,,,,,,,,,,,,,,,,,,,10,-0.48483016640646137,0.6153846153846154,-0.29835702548089915,29.714285714285715,3,Balanced batting group
c740ea83,c740ea83,RM Patidar,IPL,bat,5,2021,2026,49.0,1448.0,895.0,94.0,99.0,241.0,210.0,1021.0,589.0,186.0,96.0,49.0,161.78770949720672,29.551020408163264,21.564245810055866,114.76190476190476,173.34465195246182,193.75,,,,,,,,,,,,,,,,,,,,,10,1.290928501283031,0.8305084745762712,1.072127060387602,94.28571428571428,2,Run accumulators
c8f5f961,c8f5f961,Anuj Rawat,IPL,bat,4,2021,2024,21.0,318.0,267.0,26.0,14.0,83.0,88.0,93.0,98.0,142.0,81.0,21.0,119.10112359550563,15.142857142857142,14.981273408239701,94.31818181818183,94.89795918367348,175.30864197530863,,,,,,,,,,,,,,,,,,,,,10,-0.20311391440041307,0.6774193548387096,-0.13759329685189256,38.0,3,Balanced batting group
c995d726,c995d726,CA Ingram,IPL,bat,2,2011,2019,15.0,205.0,180.0,22.0,5.0,14.0,18.0,128.0,120.0,63.0,42.0,15.0,113.88888888888889,13.666666666666666,15.0,77.77777777777779,106.66666666666667,150.0,,,,,,,,,,,,,,,,,,,,,10,-0.3437086864342621,0.6,-0.20622521186055706,34.285714285714285,3,Balanced batting group
cad00a4d,cad00a4d,RR Rossouw,IPL,bat,4,2014,2024,22.0,473.0,308.0,45.0,25.0,139.0,99.0,252.0,170.0,82.0,39.0,22.0,153.57142857142858,21.5,22.727272727272727,140.4040404040404,148.23529411764707,210.25641025641028,,,,,,,,,,,,,,,,,,,,,10,0.8651261578775965,0.6875,0.5947742335408477,79.71428571428572,2,Run accumulators
caf69bf7,caf69bf7,DR Sams,IPL,bat,3,2020,2022,13.0,44.0,44.0,1.0,3.0,1.0,6.0,16.0,14.0,27.0,24.0,13.0,100.0,3.3846153846153846,9.090909090909092,16.666666666666664,114.28571428571428,112.5,,,,,,,,,,,,,,,,,,,,,10,-1.2054545066979379,0.5652173913043478,-0.6813438516118776,12.571428571428573,1,Low-output batting group
cc1e8c68,cc1e8c68,UT Yadav,IPL,bat,14,2010,2024,48.0,208.0,201.0,16.0,9.0,0.0,0.0,3.0,13.0,205.0,188.0,48.0,103.48258706467661,4.333333333333333,12.437810945273633,,23.076923076923077,109.04255319148936,,,,,,,,,,,,,,,,,,,,,10,-0.9917796326169083,0.8275862068965517,-0.8207831442346826,9.714285714285714,1,Low-output batting group
ce820073,ce820073,Sandeep Sharma,IPL,bat,11,2013,2025,26.0,60.0,75.0,4.0,0.0,0.0,0.0,12.0,15.0,48.0,60.0,26.0,80.0,2.3076923076923075,5.333333333333334,,80.0,80.0,,,,,,,,,,,,,,,,,,,,,10,-1.6868117472758721,0.7222222222222222,-1.2182529285881296,2.2857142857142856,1,Low-output batting group
cf73ad76,cf73ad76,JEC Franklin,IPL,bat,2,2011,2012,16.0,327.0,301.0,25.0,9.0,79.0,93.0,151.0,140.0,97.0,68.0,16.0,108.63787375415282,20.4375,11.295681063122924,84.94623655913979,107.85714285714285,142.64705882352942,,,,,,,,,,,,,,,,,,,,,10,-0.2662031400983006,0.6153846153846154,-0.1638173169835694,36.285714285714285,3,Balanced batting group
d014d5ac,d014d5ac,SE Rutherford,IPL,bat,4,2019,2026,27.0,520.0,364.0,30.0,38.0,4.0,16.0,250.0,183.0,266.0,165.0,27.0,142.85714285714286,19.25925925925926,18.681318681318682,25.0,136.61202185792348,161.21212121212122,,,,,,,,,,,,,,,,,,,,,10,0.46257339418622584,0.7297297297297297,0.3375535579196784,66.85714285714286,3,Balanced batting group
d027ba9f,d027ba9f,KS Williamson,IPL,bat,9,2015,2024,76.0,2132.0,1697.0,187.0,64.0,483.0,480.0,1189.0,940.0,460.0,277.0,76.0,125.63347083087801,28.05263157894737,14.790807307012374,100.62500000000001,126.48936170212765,166.06498194945848,,,,,,,,,,,,,,,,,,,,,10,0.4406668020055652,0.8837209302325582,0.38942647619096465,70.28571428571428,2,Run accumulators
d0513f63,d0513f63,CL White,IPL,bat,5,2008,2013,45.0,971.0,760.0,76.0,38.0,107.0,116.0,501.0,451.0,363.0,193.0,45.0,127.76315789473685,21.57777777777778,15.0,92.24137931034483,111.08647450110864,188.08290155440415,,,,,,,,,,,,,,,,,,,,,10,0.20284403891306213,0.8181818181818182,0.16596330456523276,57.14285714285714,3,Balanced batting group
d18f9182,d18f9182,DPMD Jayawardene,IPL,bat,6,2008,2013,78.0,1808.0,1464.0,200.0,40.0,611.0,501.0,823.0,728.0,374.0,235.0,78.0,123.49726775956285,23.17948717948718,16.39344262295082,121.9560878243513,113.04945054945054,159.14893617021278,,,,,,,,,,,,,,,,,,,,,10,0.2578825267367561,0.8863636363636364,0.22857769415303386,59.71428571428572,3,Balanced batting group
d1a60072,d1a60072,N Wadhera,IPL,bat,4,2023,2026,37.0,784.0,560.0,64.0,43.0,53.0,50.0,577.0,420.0,154.0,90.0,37.0,140.0,21.18918918918919,19.107142857142854,106.0,137.38095238095238,171.11111111111111,,,,,,,,,,,,,,,,,,,,,10,0.5178125519945708,0.7872340425531915,0.4076396685914707,71.14285714285714,2,Run accumulators
d1c36f5c,d1c36f5c,JJ Roy,IPL,bat,4,2017,2023,21.0,614.0,443.0,75.0,21.0,380.0,290.0,193.0,130.0,41.0,23.0,21.0,138.6004514672686,29.238095238095237,21.670428893905193,131.0344827586207,148.46153846153845,178.26086956521738,,,,,,,,,,,,,,,,,,,,,10,0.9341204249012514,0.6774193548387096,0.6327912555782671,82.0,2,Run accumulators
d2a6c0e6,d2a6c0e6,EJG Morgan,IPL,bat,8,2010,2021,74.0,1406.0,1148.0,112.0,64.0,176.0,192.0,714.0,642.0,516.0,314.0,74.0,122.47386759581882,19.0,15.33101045296167,91.66666666666666,111.21495327102804,164.33121019108282,,,,,,,,,,,,,,,,,,,,,10,0.02520215373409694,0.8809523809523809,0.022201897337180698,47.14285714285714,3,Balanced batting group
d2a989fc,d2a989fc,DS Kulkarni,IPL,bat,11,2008,2020,20.0,104.0,108.0,7.0,2.0,0.0,0.0,5.0,10.0,99.0,98.0,20.0,96.29629629629629,5.2,8.333333333333332,,50.0,101.0204081632653,,,,,,,,,,,,,,,,,,,,,10,-1.2105441073290153,0.6666666666666666,-0.80702940488601,10.0,1,Low-output batting group
d2c2b2d5,d2c2b2d5,SR Tendulkar,IPL,bat,6,2008,2013,78.0,2334.0,1948.0,296.0,29.0,1143.0,982.0,967.0,829.0,224.0,137.0,78.0,119.81519507186857,29.923076923076923,16.68377823408624,116.3951120162933,116.64656212303981,163.5036496350365,,,,,,,,,,,,,,,,,,,,,10,0.5020090122374936,0.8863636363636364,0.4449625335741421,72.85714285714285,2,Run accumulators
d4f9dbd4,d4f9dbd4,CA Pujara,IPL,bat,5,2010,2014,22.0,390.0,391.0,50.0,4.0,215.0,229.0,128.0,121.0,47.0,41.0,22.0,99.74424552429667,17.727272727272727,13.810741687979538,93.88646288209607,105.78512396694215,114.6341463414634,,,,,,,,,,,,,,,,,,,,,10,-0.424603514169772,0.6875,-0.2919149159917181,30.571428571428573,3,Balanced batting group
d5130a30,d5130a30,B Sai Sudharsan,IPL,bat,5,2022,2026,53.0,2347.0,1580.0,238.0,78.0,944.0,681.0,1122.0,761.0,281.0,138.0,53.0,148.54430379746836,44.283018867924525,20.0,138.61967694566812,147.43758212877793,203.62318840579712,,,,,,,,,,,,,,,,,,,,,10,1.6669658541804326,0.8412698412698413,1.4023680995486179,99.14285714285714,2,Run accumulators
d67d5f00,d67d5f00,DA Miller,IPL,bat,14,2012,2026,142.0,3260.0,2339.0,235.0,149.0,102.0,118.0,1672.0,1367.0,1486.0,854.0,142.0,139.3758016246259,22.95774647887324,16.417272338606242,86.4406779661017,122.31163130943672,174.0046838407494,,,,,,,,,,,,,,,,,,,,,10,0.48703830046899194,0.9342105263157895,0.45499630701708466,73.42857142857143,2,Run accumulators
d7017798,d7017798,A Raghuvanshi,IPL,bat,3,2024,2026,30.0,885.0,608.0,86.0,35.0,283.0,194.0,465.0,330.0,137.0,84.0,30.0,145.5592105263158,29.5,19.901315789473685,145.8762886597938,140.9090909090909,163.0952380952381,,,,,,,,,,,,,,,,,,,,,10,0.9856450747893891,0.75,0.7392338060920419,86.57142857142858,2,Run accumulators
d7423da1,d7423da1,S Arora,IPL,bat,1,2026,2026,10.0,121.0,77.0,9.0,9.0,2.0,1.0,31.0,28.0,88.0,48.0,10.0,157.14285714285714,12.1,23.376623376623375,200.0,110.71428571428572,183.33333333333331,,,,,,,,,,,,,,,,,,,,,10,0.5395299606506037,0.5,0.26976498032530205,62.0,0,High-impact power hitters
d7c6af50,d7c6af50,DL Vettori,IPL,bat,4,2009,2012,16.0,121.0,113.0,11.0,2.0,0.0,0.0,47.0,54.0,74.0,59.0,16.0,107.07964601769913,7.5625,11.504424778761061,,87.03703703703704,125.42372881355932,,,,,,,,,,,,,,,,,,,,,10,-0.8333440672444239,0.6153846153846154,-0.5128271183042606,18.571428571428573,1,Low-output batting group
d84378a4,d84378a4,M Kaif,IPL,bat,4,2008,2012,22.0,259.0,250.0,22.0,6.0,22.0,38.0,183.0,167.0,54.0,45.0,22.0,103.60000000000001,11.772727272727273,11.200000000000001,57.89473684210527,109.5808383233533,120.0,,,,,,,,,,,,,,,,,,,,,10,-0.7161556601472259,0.6875,-0.4923570163512176,20.0,3,Balanced batting group
d8699ab7,d8699ab7,ML Hayden,IPL,bat,3,2008,2010,32.0,1107.0,806.0,121.0,44.0,599.0,462.0,412.0,294.0,96.0,50.0,32.0,137.34491315136478,34.59375,20.471464019851116,129.65367965367963,140.1360544217687,192.0,,,,,,,,,,,,,,,,,,,,,10,1.1013549140341947,0.7619047619047619,0.8391275535498627,90.0,2,Run accumulators
d9273ee7,d9273ee7,MP Stoinis,IPL,bat,11,2016,2026,108.0,2242.0,1520.0,181.0,117.0,318.0,250.0,944.0,728.0,980.0,542.0,108.0,147.5,20.75925925925926,19.605263157894736,127.2,129.67032967032966,180.81180811808116,,,,,,,,,,,,,,,,,,,,,10,0.6297114025571204,0.9152542372881356,0.5763460294590594,78.28571428571428,2,Run accumulators
da934ee8,da934ee8,MK Lomror,IPL,bat,7,2018,2024,35.0,527.0,373.0,33.0,30.0,31.0,38.0,266.0,193.0,230.0,142.0,35.0,141.28686327077747,15.057142857142857,16.890080428954423,81.57894736842105,137.8238341968912,161.9718309859155,,,,,,,,,,,,,,,,,,,,,10,0.19440876891320533,0.7777777777777778,0.1512068202658265,56.00000000000001,3,Balanced batting group
db584dad,db584dad,CH Gayle,IPL,bat,13,2009,2021,141.0,4997.0,3346.0,408.0,359.0,2405.0,1774.0,2011.0,1288.0,581.0,284.0,141.0,149.34249850567844,35.43971631205674,22.922893006575016,135.56933483652762,156.1335403726708,204.5774647887324,,,,,,,,,,,,,,,,,,,,,10,1.4058013289719304,0.9337748344370861,1.3127019032122,97.71428571428571,2,Run accumulators
dbe50b21,dbe50b21,HH Pandya,IPL,bat,12,2015,2026,148.0,2904.0,1983.0,223.0,154.0,178.0,179.0,1217.0,912.0,1509.0,892.0,148.0,146.44478063540092,19.62162162162162,19.011598587997984,99.4413407821229,133.44298245614036,169.17040358744396,,,,,,,,,,,,,,,,,,,,,10,0.543747967506025,0.9367088607594937,0.509333539182859,75.42857142857143,2,Run accumulators
dc9dd038,dc9dd038,Sachin Baby,IPL,bat,4,2013,2021,11.0,144.0,118.0,11.0,5.0,0.0,3.0,49.0,55.0,95.0,60.0,11.0,122.03389830508475,13.090909090909092,13.559322033898304,0.0,89.0909090909091,158.33333333333331,,,,,,,,,,,,,,,,,,,,,10,-0.29842693057382613,0.5238095238095238,-0.15631886839581347,36.57142857142857,3,Balanced batting group
dcce6f09,dcce6f09,DA Warner,IPL,bat,15,2009,2024,184.0,6567.0,4702.0,663.0,236.0,3318.0,2403.0,2621.0,1944.0,628.0,355.0,184.0,139.6639727775415,35.69021739130435,19.119523606975754,138.07740324594258,134.82510288065842,176.90140845070422,,,,,,,,,,,,,,,,,,,,,10,1.1342044918298448,0.9484536082474226,1.0757403427664507,94.85714285714286,2,Run accumulators
dd09ff8e,dd09ff8e,B Lee,IPL,bat,6,2008,2013,19.0,124.0,97.0,8.0,8.0,0.0,0.0,12.0,10.0,112.0,87.0,19.0,127.83505154639174,6.526315789473684,16.49484536082474,,120.0,128.73563218390805,,,,,,,,,,,,,,,,,,,,,10,-0.38663184200123785,0.6551724137931034,-0.2533105171732246,31.71428571428571,3,Balanced batting group
de8cce37,de8cce37,VVS Laxman,IPL,bat,4,2008,2011,20.0,282.0,267.0,33.0,5.0,187.0,188.0,92.0,73.0,3.0,6.0,20.0,105.61797752808988,14.1,14.232209737827715,99.46808510638297,126.02739726027397,50.0,,,,,,,,,,,,,,,,,,,,,10,-0.4767474588708099,0.6666666666666666,-0.3178316392472064,28.857142857142858,1,Low-output batting group
de8d3876,de8d3876,M Rawat,IPL,bat,3,2008,2013,11.0,55.0,69.0,4.0,1.0,0.0,2.0,15.0,22.0,40.0,45.0,11.0,79.71014492753623,5.0,7.246376811594203,0.0,68.18181818181817,88.88888888888889,,,,,,,,,,,,,,,,,,,,,10,-1.506758484627826,0.5238095238095238,-0.789254444328861,10.571428571428571,1,Low-output batting group
ded9240e,ded9240e,PJ Cummins,IPL,bat,8,2015,2026,50.0,641.0,419.0,40.0,44.0,0.0,1.0,180.0,139.0,461.0,279.0,50.0,152.9832935560859,12.82,20.047732696897373,0.0,129.49640287769785,165.23297491039426,,,,,,,,,,,,,,,,,,,,,10,0.38782698171052943,0.8333333333333334,0.32318915142544125,66.0,3,Balanced batting group
df064e1a,df064e1a,Ravi Bishnoi,IPL,bat,7,2020,2026,18.0,45.0,69.0,2.0,2.0,0.0,0.0,9.0,18.0,36.0,51.0,18.0,65.21739130434783,2.5,5.797101449275362,,50.0,70.58823529411765,,,,,,,,,,,,,,,,,,,,,10,-1.883203169227055,0.6428571428571429,-1.210630608788821,2.571428571428571,1,Low-output batting group
df5a6881,df5a6881,DP Conway,IPL,bat,3,2022,2025,28.0,1080.0,773.0,117.0,34.0,463.0,368.0,521.0,342.0,96.0,63.0,28.0,139.71539456662353,38.57142857142857,19.534282018111256,125.81521739130434,152.33918128654972,152.38095238095238,,,,,,,,,,,,,,,,,,,,,10,1.2733381267619222,0.7368421052631579,0.9382491460351006,92.0,2,Run accumulators
e087956b,e087956b,BA Stokes,IPL,bat,6,2017,2023,43.0,935.0,698.0,81.0,32.0,240.0,181.0,488.0,389.0,207.0,128.0,43.0,133.9541547277937,21.74418604651163,16.189111747851005,132.5966850828729,125.44987146529563,161.71875,,,,,,,,,,,,,,,,,,,,,10,0.34563618815868713,0.8113207547169812,0.28042181303440666,63.142857142857146,2,Run accumulators
e1d1b294,e1d1b294,HH Gibbs,IPL,bat,4,2008,2012,36.0,886.0,807.0,83.0,31.0,447.0,416.0,367.0,345.0,72.0,46.0,36.0,109.78934324659231,24.61111111111111,14.12639405204461,107.45192307692308,106.37681159420289,156.52173913043478,,,,,,,,,,,,,,,,,,,,,10,0.03201594992668895,0.782608695652174,0.02505596081219146,48.285714285714285,3,Balanced batting group
e2db2409,e2db2409,M Ashwin,IPL,bat,6,2016,2022,12.0,35.0,50.0,2.0,1.0,0.0,0.0,5.0,13.0,30.0,37.0,12.0,70.0,2.9166666666666665,6.0,,38.46153846153847,81.08108108108108,,,,,,,,,,,,,,,,,,,,,10,-1.7864088835873855,0.5454545454545454,-0.974404845593119,6.571428571428571,1,Low-output batting group
e342e5fb,e342e5fb,CR Brathwaite,IPL,bat,4,2016,2019,14.0,181.0,111.0,10.0,16.0,0.0,0.0,24.0,32.0,157.0,79.0,14.0,163.06306306306305,12.928571428571429,23.423423423423422,,75.0,198.73417721518987,,,,,,,,,,,,,,,,,,,,,10,0.6653609649254032,0.5833333333333334,0.38812722953981876,70.0,2,Run accumulators
e4a0deae,e4a0deae,MJ Santner,IPL,bat,6,2019,2026,21.0,136.0,123.0,9.0,6.0,20.0,24.0,22.0,30.0,94.0,69.0,21.0,110.56910569105692,6.476190476190476,12.195121951219512,83.33333333333334,73.33333333333333,136.23188405797103,,,,,,,,,,,,,,,,,,,,,10,-0.802657481971246,0.6774193548387096,-0.5437357135934245,16.57142857142857,1,Low-output batting group
e4cdf230,e4cdf230,AS Roy,IPL,bat,5,2022,2026,12.0,65.0,52.0,5.0,2.0,4.0,5.0,13.0,18.0,48.0,29.0,12.0,125.0,5.416666666666667,13.461538461538462,80.0,72.22222222222221,165.51724137931035,,,,,,,,,,,,,,,,,,,,,10,-0.5861736034350419,0.5454545454545454,-0.3197310564191135,28.57142857142857,3,Balanced batting group
e62dd25d,e62dd25d,K Rabada,IPL,bat,9,2017,2026,32.0,250.0,231.0,19.0,11.0,1.0,3.0,65.0,75.0,184.0,153.0,32.0,108.22510822510823,7.8125,12.987012987012985,33.33333333333333,86.66666666666667,120.26143790849673,,,,,,,,,,,,,,,,,,,,,10,-0.7519314696574795,0.7619047619047619,-0.5729001673580795,15.428571428571427,1,Low-output batting group
e66732f8,e66732f8,RD Rickelton,IPL,bat,2,2025,2026,24.0,818.0,483.0,76.0,54.0,536.0,329.0,258.0,141.0,24.0,13.0,24.0,169.35817805383022,34.083333333333336,26.91511387163561,162.91793313069908,182.9787234042553,184.6153846153846,,,,,,,,,,,,,,,,,,,,,10,1.7916676775542957,0.7058823529411765,1.2647065959206796,97.14285714285714,0,High-impact power hitters
e798611a,e798611a,HM Amla,IPL,bat,2,2016,2017,16.0,577.0,407.0,60.0,21.0,261.0,199.0,194.0,156.0,122.0,52.0,16.0,141.76904176904176,36.0625,19.901719901719904,131.15577889447238,124.35897435897436,234.6153846153846,,,,,,,,,,,,,,,,,,,,,10,1.209925282957781,0.6153846153846154,0.7445694048970962,87.14285714285714,2,Run accumulators
e86754b2,e86754b2,TK Curran,IPL,bat,3,2018,2021,10.0,127.0,107.0,10.0,3.0,0.0,0.0,58.0,57.0,69.0,50.0,10.0,118.69158878504673,12.7,12.149532710280374,,101.75438596491229,138.0,,,,,,,,,,,,,,,,,,,,,10,-0.41614320080691863,0.5,-0.20807160040345907,33.714285714285715,3,Balanced batting group
e938e1bc,e938e1bc,P Kumar,IPL,bat,10,2008,2017,57.0,340.0,314.0,22.0,17.0,6.0,8.0,40.0,45.0,294.0,261.0,57.0,108.28025477707006,5.964912280701754,12.420382165605096,75.0,88.88888888888889,112.64367816091954,,,,,,,,,,,,,,,,,,,,,10,-0.8506921782958232,0.8507462686567164,-0.7237231964606257,12.285714285714286,1,Low-output batting group
e94915e6,e94915e6,SM Curran,IPL,bat,6,2019,2025,53.0,997.0,731.0,85.0,41.0,147.0,130.0,394.0,350.0,456.0,251.0,53.0,136.38850889192886,18.81132075471698,17.236662106703147,113.07692307692308,112.57142857142857,181.67330677290835,,,,,,,,,,,,,,,,,,,,,10,0.29433691695513164,0.8412698412698413,0.24761677140669813,60.857142857142854,2,Run accumulators
eaa76d3c,eaa76d3c,C Green,IPL,bat,3,2023,2026,40.0,1023.0,670.0,84.0,49.0,256.0,170.0,502.0,355.0,265.0,145.0,40.0,152.6865671641791,25.575,19.850746268656717,150.58823529411765,141.40845070422534,182.75862068965517,,,,,,,,,,,,,,,,,,,,,10,0.922474785737925,0.8,0.7379798285903402,86.28571428571429,2,Run accumulators
eade4650,eade4650,DJ Mitchell,IPL,bat,2,2022,2024,15.0,351.0,267.0,28.0,10.0,97.0,78.0,208.0,151.0,46.0,38.0,15.0,131.46067415730337,23.4,14.232209737827715,124.35897435897436,137.74834437086093,121.05263157894737,,,,,,,,,,,,,,,,,,,,,10,0.3085160116033613,0.6,0.18510960696201695,57.714285714285715,3,Balanced batting group
eea6b7f1,eea6b7f1,SP Fleming,IPL,bat,1,2008,2008,10.0,196.0,165.0,27.0,3.0,120.0,110.0,76.0,55.0,0.0,0.0,10.0,118.7878787878788,19.6,18.181818181818183,109.09090909090908,138.1818181818182,,,,,,,,,,,,,,,,,,,,,,10,0.09867063456347784,0.5,0.04933531728173916,50.28571428571429,3,Balanced batting group
eef2536f,eef2536f,Avesh Khan,IPL,bat,7,2019,2026,16.0,68.0,43.0,7.0,4.0,0.0,0.0,12.0,4.0,56.0,39.0,16.0,158.13953488372093,4.25,25.581395348837212,,300.0,143.5897435897436,,,,,,,,,,,,,,,,,,,,,10,0.29793459702066605,0.6153846153846154,0.18334436739733315,57.42857142857143,0,High-impact power hitters
efc04be7,efc04be7,Noor Ahmad,IPL,bat,4,2023,2026,14.0,30.0,53.0,2.0,1.0,0.0,0.0,2.0,12.0,28.0,41.0,14.0,56.60377358490566,2.142857142857143,5.660377358490567,,16.666666666666664,68.29268292682927,,,,,,,,,,,,,,,,,,,,,10,-2.0324298356748014,0.5833333333333334,-1.1855840708103007,2.857142857142857,1,Low-output batting group
f088b960,f088b960,SN Khan,IPL,bat,9,2015,2026,43.0,746.0,543.0,86.0,20.0,172.0,113.0,267.0,249.0,307.0,181.0,43.0,137.38489871086557,17.348837209302324,19.521178637200737,152.21238938053096,107.2289156626506,169.61325966850828,,,,,,,,,,,,,,,,,,,,,10,0.32915006893669213,0.8113207547169812,0.26704628234486355,61.71428571428571,2,Run accumulators
f0af99a7,f0af99a7,D Ferreira,IPL,bat,3,2024,2026,13.0,258.0,156.0,23.0,17.0,14.0,11.0,107.0,71.0,137.0,74.0,13.0,165.3846153846154,19.846153846153847,25.64102564102564,127.27272727272727,150.70422535211267,185.13513513513513,,,,,,,,,,,,,,,,,,,,,10,1.0764614227164553,0.5652173913043478,0.6084347171875618,81.14285714285714,0,High-impact power hitters
f0f628c7,f0f628c7,MM Patel,IPL,bat,6,2008,2017,12.0,39.0,41.0,5.0,0.0,0.0,0.0,0.0,3.0,39.0,38.0,12.0,95.1219512195122,3.25,12.195121951219512,,0.0,102.63157894736842,,,,,,,,,,,,,,,,,,,,,10,-1.1721429483104462,0.5454545454545454,-0.6393506990784249,13.714285714285715,1,Low-output batting group
f10e94c4,f10e94c4,AD Nath,IPL,bat,4,2016,2019,10.0,90.0,98.0,7.0,2.0,11.0,11.0,57.0,62.0,22.0,25.0,10.0,91.83673469387756,9.0,9.183673469387756,100.0,91.93548387096774,88.0,,,,,,,,,,,,,,,,,,,,,10,-1.083886173052388,0.5,-0.5419430865261938,16.857142857142858,1,Low-output batting group
f19ccfad,f19ccfad,Washington Sundar,IPL,bat,10,2017,2026,55.0,807.0,599.0,74.0,26.0,60.0,46.0,317.0,273.0,430.0,280.0,55.0,134.7245409015025,14.672727272727272,16.69449081803005,130.43478260869566,116.11721611721613,153.57142857142858,,,,,,,,,,,,,,,,,,,,,10,0.07260729353010964,0.8461538461538461,0.06143694067932362,50.57142857142857,3,Balanced batting group
f1f99156,f1f99156,TH David,IPL,bat,6,2021,2026,56.0,1108.0,621.0,72.0,81.0,0.0,0.0,284.0,201.0,824.0,420.0,56.0,178.42190016103058,19.785714285714285,24.637681159420293,,141.29353233830847,196.19047619047618,,,,,,,,,,,,,,,,,,,,,10,1.2328724033593874,0.8484848484848485,1.0460735543655408,93.71428571428572,2,Run accumulators
f233bbb4,f233bbb4,ST Jayasuriya,IPL,bat,3,2008,2010,30.0,768.0,532.0,84.0,39.0,514.0,366.0,254.0,166.0,0.0,0.0,30.0,144.36090225563908,25.6,23.1203007518797,140.43715846994536,153.0120481927711,,,,,,,,,,,,,,,,,,,,,,10,0.916963757649854,0.75,0.6877228182373907,84.57142857142857,2,Run accumulators
f29185a1,f29185a1,Abhishek Sharma,IPL,bat,9,2018,2026,87.0,2323.0,1365.0,220.0,139.0,1361.0,791.0,766.0,447.0,196.0,127.0,87.0,170.1831501831502,26.701149425287355,26.300366300366303,172.0606826801517,171.36465324384787,154.3307086614173,,,,,,,,,,,,,,,,,,,,,10,1.4656897476675659,0.8969072164948454,1.314587711825549,98.0,0,High-impact power hitters
f3cb53a1,f3cb53a1,MV Boucher,IPL,bat,4,2008,2011,23.0,394.0,309.0,32.0,13.0,22.0,24.0,137.0,138.0,235.0,147.0,23.0,127.50809061488673,17.130434782608695,14.563106796116504,91.66666666666666,99.27536231884058,159.8639455782313,,,,,,,,,,,,,,,,,,,,,10,-0.0072052444385545394,0.696969696969697,-0.005021837032931806,45.714285714285715,3,Balanced batting group
f5180fe6,f5180fe6,MG Johnson,IPL,bat,6,2013,2018,28.0,167.0,164.0,10.0,7.0,0.0,0.0,10.0,20.0,157.0,144.0,28.0,101.82926829268293,5.964285714285714,10.365853658536585,,50.0,109.02777777777777,,,,,,,,,,,,,,,,,,,,,10,-1.021538461427725,0.7368421052631579,-0.752712550525692,11.142857142857142,1,Low-output batting group
f62772e5,f62772e5,P Negi,IPL,bat,6,2012,2019,35.0,365.0,289.0,27.0,16.0,4.0,6.0,104.0,101.0,257.0,182.0,35.0,126.29757785467129,10.428571428571429,14.878892733564014,66.66666666666666,102.97029702970298,141.2087912087912,,,,,,,,,,,,,,,,,,,,,10,-0.3009204563317201,0.7777777777777778,-0.23404924381355996,32.57142857142858,3,Balanced batting group
f846de6a,f846de6a,MN Samuels,IPL,bat,3,2012,2017,14.0,161.0,172.0,9.0,7.0,9.0,25.0,127.0,130.0,25.0,17.0,14.0,93.6046511627907,11.5,9.30232558139535,36.0,97.6923076923077,147.05882352941177,,,,,,,,,,,,,,,,,,,,,10,-0.9460673033518741,0.5833333333333334,-0.5518725936219263,16.28571428571429,1,Low-output batting group
f89d3b11,f89d3b11,Sameer Rizvi,IPL,bat,3,2024,2026,18.0,424.0,293.0,30.0,26.0,18.0,32.0,275.0,196.0,131.0,65.0,18.0,144.7098976109215,23.555555555555557,19.112627986348123,56.25,140.3061224489796,201.53846153846155,,,,,,,,,,,,,,,,,,,,,10,0.6898790459869059,0.6428571428571429,0.443493672420154,72.57142857142857,2,Run accumulators
f986ca1a,f986ca1a,HV Patel,IPL,bat,12,2012,2026,44.0,280.0,238.0,18.0,15.0,0.0,0.0,67.0,76.0,213.0,162.0,44.0,117.64705882352942,6.363636363636363,13.865546218487395,,88.1578947368421,131.4814814814815,,,,,,,,,,,,,,,,,,,,,10,-0.6411430348989494,0.8148148148148148,-0.5224128432509957,18.285714285714285,3,Balanced batting group
f9e6e7ef,f9e6e7ef,Shahbaz Ahmed,IPL,bat,7,2020,2026,40.0,603.0,489.0,33.0,28.0,21.0,26.0,267.0,249.0,315.0,214.0,40.0,123.31288343558282,15.075,12.474437627811861,80.76923076923077,107.2289156626506,147.196261682243,,,,,,,,,,,,,,,,,,,,,10,-0.23349604441196486,0.8,-0.18679683552957183,35.14285714285714,3,Balanced batting group
fa463154,fa463154,AB Agarkar,IPL,bat,5,2008,2013,18.0,179.0,154.0,13.0,5.0,20.0,13.0,34.0,47.0,125.0,94.0,18.0,116.23376623376625,9.944444444444445,11.688311688311687,153.84615384615387,72.3404255319149,132.9787234042553,,,,,,,,,,,,,,,,,,,,,10,-0.5876114763340405,0.6428571428571429,-0.37775023478616876,24.571428571428573,1,Low-output batting group
fb2d1dda,fb2d1dda,N Rana,IPL,bat,11,2016,2026,121.0,3078.0,2235.0,288.0,151.0,805.0,664.0,1827.0,1328.0,446.0,243.0,121.0,137.71812080536913,25.43801652892562,19.6420581655481,121.23493975903614,137.57530120481925,183.53909465020578,,,,,,,,,,,,,,,,,,,,,10,0.6849091823975006,0.9236641221374046,0.6326260387030349,81.71428571428572,2,Run accumulators
fb66ce1f,fb66ce1f,CH Morris,IPL,bat,8,2013,2021,49.0,618.0,398.0,41.0,35.0,17.0,7.0,102.0,93.0,499.0,298.0,49.0,155.27638190954772,12.612244897959183,19.09547738693467,242.85714285714283,109.6774193548387,167.4496644295302,,,,,,,,,,,,,,,,,,,,,10,0.3788740643102907,0.8305084745762712,0.31465812120685166,65.42857142857143,0,High-impact power hitters
fd835ab3,fd835ab3,DJ Hussey,IPL,bat,7,2008,2014,61.0,1322.0,1075.0,90.0,60.0,134.0,115.0,778.0,727.0,410.0,233.0,61.0,122.97674418604652,21.672131147540984,13.953488372093023,116.52173913043478,107.01513067400275,175.9656652360515,,,,,,,,,,,,,,,,,,,,,10,0.09740384107457045,0.8591549295774648,0.08368499021899721,51.714285714285715,3,Balanced batting group
fdedb37c,fdedb37c,SM Katich,IPL,bat,2,2008,2009,11.0,241.0,186.0,26.0,8.0,145.0,108.0,76.0,62.0,20.0,16.0,11.0,129.56989247311827,21.90909090909091,18.27956989247312,134.25925925925927,122.58064516129032,125.0,,,,,,,,,,,,,,,,,,,,,10,0.36255079961691894,0.5238095238095238,0.18990756170410064,57.99999999999999,3,Balanced batting group
fe11caa6,fe11caa6,WP Saha,IPL,bat,17,2008,2024,143.0,2934.0,2300.0,296.0,87.0,1389.0,1047.0,988.0,900.0,557.0,353.0,143.0,127.56521739130436,20.517482517482517,16.652173913043477,132.66475644699142,109.77777777777777,157.79036827195466,,,,,,,,,,,,,,,,,,,,,10,0.21415329082086518,0.934640522875817,0.20015634370839036,59.14285714285714,3,Balanced batting group
fe366f34,fe366f34,C Connolly,IPL,bat,1,2026,2026,12.0,473.0,291.0,39.0,32.0,119.0,93.0,260.0,161.0,94.0,37.0,12.0,162.5429553264605,39.416666666666664,24.398625429553263,127.95698924731182,161.49068322981367,254.05405405405403,,,,,,,,,,,,,,,,,,,,,10,1.8270961365603462,0.5454545454545454,0.9965978926692799,93.14285714285714,2,Run accumulators
fe763256,fe763256,Y Venugopal Rao,IPL,bat,6,2008,2014,52.0,985.0,836.0,77.0,37.0,76.0,97.0,522.0,488.0,387.0,251.0,52.0,117.82296650717703,18.942307692307693,13.636363636363635,78.35051546391753,106.9672131147541,154.18326693227093,,,,,,,,,,,,,,,,,,,,,10,-0.10813113029115932,0.8387096774193549,-0.09069062540548839,40.85714285714286,3,Balanced batting group
fe93fd9d,fe93fd9d,RA Jadeja,IPL,bat,18,2008,2026,202.0,3450.0,2644.0,255.0,121.0,131.0,98.0,1437.0,1295.0,1882.0,1251.0,202.0,130.48411497730712,17.07920792079208,14.22087745839637,133.67346938775512,110.96525096525096,150.4396482813749,,,,,,,,,,,,,,,,,,,,,10,0.02280709136199014,0.9528301886792453,0.021731285165669877,46.85714285714286,3,Balanced batting group
ffe699c0,ffe699c0,CJ Jordan,IPL,bat,6,2016,2023,12.0,81.0,77.0,3.0,3.0,0.0,0.0,1.0,6.0,80.0,71.0,12.0,105.1948051948052,6.75,7.792207792207792,,16.666666666666664,112.67605633802818,,,,,,,,,,,,,,,,,,,,,10,-1.030454095736261,0.5454545454545454,-0.5620658704015966,16.0,1,Low-output batting group
fffa744b,fffa744b,Naman Dhir,IPL,bat,3,2024,2026,31.0,704.0,425.0,67.0,36.0,159.0,108.0,249.0,164.0,296.0,153.0,31.0,165.64705882352942,22.70967741935484,24.235294117647058,147.22222222222223,151.82926829268294,193.4640522875817,,,,,,,,,,,,,,,,,,,,,10,1.152239509844354,0.7560975609756098,0.8712054830530483,90.85714285714286,0,High-impact power hitters
01ada0ed,01ada0ed,A Nagwaswalla,SMA,bowl,4,2019,2023,,,,,,,,,,,,26.0,,,,,,,26.0,641.0,543.0,36.0,298.0,294.0,110.0,84.0,233.0,165.0,27.0,3.0,7.082872928176796,15.083333333333334,1.3846153846153846,0.2983425414364641,0.03314917127071823,6.081632653061225,7.857142857142858,8.472727272727273,15,0.8101329768667831,0.7222222222222222,0.5850960388482322,87.06467661691542,0,High-impact strike/control bowlers
04a418e8,04a418e8,R Parag,SMA,bowl,4,2019,2023,,,,,,,,,,,,28.0,,,,,,,28.0,599.0,544.0,23.0,98.0,84.0,439.0,388.0,62.0,72.0,10.0,0.0,6.606617647058823,23.652173913043477,0.8214285714285714,0.11029411764705882,0.0,7.0,6.788659793814433,5.166666666666667,15,0.04532002002818551,0.7368421052631579,0.033393698968136716,53.233830845771145,2,Economy support bowlers
077da288,077da288,CP Singh,SMA,bowl,4,2016,2021,,,,,,,,,,,,20.0,,,,,,,20.0,431.0,384.0,21.0,0.0,0.0,408.0,366.0,23.0,18.0,11.0,0.0,6.734375,18.285714285714285,1.05,0.171875,0.0,,6.688524590163934,7.666666666666666,15,0.46553730080907413,0.6666666666666666,0.3103582005393828,72.13930348258707,0,High-impact strike/control bowlers
0994d0ae,0994d0ae,V Shankar,SMA,bowl,4,2016,2021,,,,,,,,,,,,15.0,,,,,,,15.0,239.0,193.0,6.0,113.0,78.0,111.0,103.0,15.0,12.0,8.0,1.0,7.430051813471502,32.166666666666664,0.4,0.24870466321243523,0.031088082901554404,8.692307692307692,6.466019417475728,7.5,15,-1.1920124863075514,0.6,-0.7152074917845308,7.960199004975125,2,Economy support bowlers
09a71776,09a71776,Satyajeet Bachhav,SMA,bowl,4,2016,2021,,,,,,,,,,,,34.0,,,,,,,34.0,864.0,786.0,41.0,196.0,180.0,541.0,504.0,127.0,102.0,18.0,1.0,6.595419847328245,19.170731707317074,1.2058823529411764,0.13740458015267176,0.0076335877862595426,6.533333333333333,6.44047619047619,7.470588235294118,15,0.6760705001709706,0.7727272727272727,0.5224181137684772,85.57213930348259,0,High-impact strike/control bowlers
0a3d54b9,0a3d54b9,VR Aaron,SMA,bowl,5,2016,2022,,,,,,,,,,,,22.0,,,,,,,22.0,698.0,457.0,26.0,273.0,204.0,213.0,138.0,212.0,115.0,27.0,2.0,9.164113785557987,17.576923076923077,1.1818181818181819,0.3544857768052517,0.0262582056892779,8.029411764705882,9.26086956521739,11.060869565217391,15,-0.5456243033982542,0.6875,-0.3751167085862997,20.8955223880597,3,Attacking wicket-takers
0a67aec0,0a67aec0,Akash Deep,SMA,bowl,3,2019,2023,,,,,,,,,,,,21.0,,,,,,,21.0,499.0,455.0,25.0,226.0,222.0,125.0,108.0,148.0,125.0,11.0,1.0,6.580219780219781,18.2,1.1904761904761905,0.14505494505494507,0.013186813186813187,6.108108108108109,6.944444444444445,7.103999999999999,15,0.7057773969753541,0.6774193548387096,0.4781072689187883,83.5820895522388,0,High-impact strike/control bowlers
0af3426f,0af3426f,SS Mundhe,SMA,bowl,5,2016,2022,,,,,,,,,,,,23.0,,,,,,,23.0,502.0,367.0,12.0,188.0,156.0,180.0,132.0,134.0,79.0,20.0,0.0,8.20708446866485,30.583333333333332,0.5217391304347826,0.32697547683923706,0.0,7.23076923076923,8.181818181818182,10.177215189873417,15,-1.3683087763089228,0.696969696969697,-0.9536697531850068,2.9850746268656714,2,Economy support bowlers
0c0ef3fb,0c0ef3fb,Baltej Singh,SMA,bowl,6,2016,2023,,,,,,,,,,,,27.0,,,,,,,27.0,757.0,597.0,36.0,295.0,234.0,195.0,180.0,267.0,183.0,11.0,2.0,7.608040201005025,16.583333333333332,1.3333333333333333,0.11055276381909548,0.020100502512562814,7.564102564102564,6.5,8.754098360655739,15,0.43209146823657996,0.7297297297297297,0.31530999033480156,72.636815920398,0,High-impact strike/control bowlers
0f60513c,0f60513c,Akash Choudhary,SMA,bowl,3,2019,2023,,,,,,,,,,,,18.0,,,,,,,18.0,412.0,349.0,19.0,229.0,210.0,54.0,43.0,129.0,96.0,10.0,0.0,7.083094555873926,18.36842105263158,1.0555555555555556,0.17191977077363899,0.0,6.542857142857143,7.534883720930233,8.0625,15,0.2975018032250288,0.6428571428571429,0.19125115921608998,62.68656716417911,0,High-impact strike/control bowlers
0ff9728b,0ff9728b,Ravi Kiran,SMA,bowl,5,2016,2022,,,,,,,,,,,,19.0,,,,,,,19.0,509.0,411.0,20.0,228.0,204.0,49.0,48.0,232.0,159.0,14.0,1.0,7.430656934306569,20.55,1.0526315789473684,0.20437956204379562,0.014598540145985401,6.705882352941177,6.125,8.754716981132075,15,0.03398792721906957,0.6551724137931034,0.022267952315942165,51.741293532338304,0,High-impact strike/control bowlers
10636efb,10636efb,Ajay Sarkar,SMA,bowl,6,2016,2023,,,,,,,,,,,,24.0,,,,,,,24.0,598.0,477.0,16.0,244.0,204.0,157.0,132.0,197.0,141.0,20.0,5.0,7.522012578616353,29.8125,0.6666666666666666,0.25157232704402516,0.06289308176100629,7.1764705882352935,7.136363636363637,8.382978723404255,15,-0.8344340496968565,0.7058823529411765,-0.5890122703742517,11.442786069651742,2,Economy support bowlers
119678fd,119678fd,KV Sharma,SMA,bowl,6,2016,2023,,,,,,,,,,,,36.0,,,,,,,36.0,898.0,763.0,33.0,60.0,36.0,723.0,655.0,115.0,72.0,7.0,0.0,7.061598951507207,23.12121212121212,0.9166666666666666,0.05504587155963303,0.0,10.0,6.622900763358778,9.583333333333334,15,-0.04672422200497724,0.782608695652174,-0.036566782438677815,44.27860696517413,2,Economy support bowlers
13903f13,13903f13,Tahmeed Rahman,SMA,bowl,4,2019,2023,,,,,,,,,,,,21.0,,,,,,,21.0,482.0,339.0,12.0,35.0,30.0,385.0,279.0,62.0,30.0,7.0,0.0,8.530973451327434,28.25,0.5714285714285714,0.12389380530973451,0.0,7.0,8.279569892473118,12.400000000000002,15,-1.3741838631185164,0.6774193548387096,-0.9308987459835111,3.482587064676617,2,Economy support bowlers
13dd2a4b,13dd2a4b,Pankaj Rao,SMA,bowl,3,2018,2022,,,,,,,,,,,,16.0,,,,,,,16.0,384.0,303.0,15.0,234.0,210.0,43.0,42.0,107.0,51.0,10.0,2.0,7.603960396039604,20.2,0.9375,0.198019801980198,0.039603960396039604,6.685714285714286,6.142857142857142,12.588235294117649,15,-0.16865340323994815,0.6153846153846154,-0.1037867096861219,40.79601990049751,2,Economy support bowlers
145c2a1f,145c2a1f,Govinda Poddar,SMA,bowl,4,2016,2021,,,,,,,,,,,,15.0,,,,,,,15.0,258.0,234.0,11.0,60.0,66.0,151.0,132.0,47.0,36.0,3.0,1.0,6.615384615384616,21.272727272727273,0.7333333333333333,0.07692307692307693,0.025641025641025644,5.454545454545454,6.863636363636364,7.833333333333334,15,0.037838925158607414,0.6,0.022703355095164485,52.23880597014925,2,Economy support bowlers
15deff66,15deff66,Bishworjit Konthoujam,SMA,bowl,4,2019,2023,,,,,,,,,,,,24.0,,,,,,,24.0,540.0,467.0,20.0,263.0,237.0,72.0,102.0,205.0,128.0,13.0,0.0,6.937901498929337,23.35,0.8333333333333334,0.16702355460385437,0.0,6.658227848101266,4.235294117647059,9.609375,15,-0.09105409147716885,0.7058823529411765,-0.06427347633682505,42.78606965174129,2,Economy support bowlers
18e6906e,18e6906e,A Choudhary,SMA,bowl,4,2018,2022,,,,,,,,,,,,25.0,,,,,,,25.0,565.0,510.0,30.0,250.0,270.0,36.0,36.0,279.0,204.0,13.0,1.0,6.647058823529412,17.0,1.2,0.15294117647058825,0.011764705882352941,5.555555555555555,6.0,8.205882352941178,15,0.7332764079655123,0.7142857142857143,0.5237688628325088,86.06965174129353,0,High-impact strike/control bowlers
1abb78f8,1abb78f8,SN Thakur,SMA,bowl,4,2016,2024,,,,,,,,,,,,32.0,,,,,,,32.0,900.0,675.0,35.0,453.0,348.0,141.0,120.0,306.0,207.0,39.0,2.0,8.0,19.285714285714285,1.09375,0.3466666666666667,0.017777777777777778,7.810344827586206,7.050000000000001,8.869565217391305,15,-0.14605080069777554,0.7619047619047619,-0.11127680053163848,39.800995024875625,0,High-impact strike/control bowlers
1b7c4d69,1b7c4d69,M Mohammed,SMA,bowl,4,2018,2023,,,,,,,,,,,,31.0,,,,,,,31.0,630.0,498.0,27.0,44.0,36.0,322.0,300.0,264.0,162.0,11.0,1.0,7.590361445783133,18.444444444444443,0.8709677419354839,0.13253012048192772,0.012048192771084336,7.333333333333334,6.4399999999999995,9.777777777777777,15,-0.16609360197860212,0.7560975609756098,-0.12558296734967475,37.81094527363184,2,Economy support bowlers
1e66c162,1e66c162,JD Unadkat,SMA,bowl,7,2016,2024,,,,,,,,,,,,41.0,,,,,,,41.0,1023.0,941.0,65.0,480.0,486.0,114.0,120.0,429.0,335.0,24.0,1.0,6.522848034006376,14.476923076923077,1.5853658536585367,0.15302869287991497,0.006376195536663124,5.925925925925926,5.699999999999999,7.683582089552239,15,1.3399510195548427,0.803921568627451,1.0772155255244815,98.50746268656717,0,High-impact strike/control bowlers
1f3febed,1f3febed,Dikshanshu Negi,SMA,bowl,3,2019,2022,,,,,,,,,,,,16.0,,,,,,,16.0,288.0,264.0,11.0,47.0,42.0,226.0,210.0,15.0,12.0,0.0,0.0,6.545454545454545,24.0,0.6875,0.0,0.0,6.714285714285714,6.457142857142857,7.5,15,-0.09260175405366376,0.6153846153846154,-0.05698569480225459,43.28358208955223,2,Economy support bowlers
21d4e29b,21d4e29b,Navdeep Saini,SMA,bowl,6,2016,2023,,,,,,,,,,,,27.0,,,,,,,27.0,662.0,585.0,19.0,325.0,324.0,133.0,117.0,204.0,144.0,28.0,5.0,6.78974358974359,30.789473684210527,0.7037037037037037,0.2871794871794872,0.05128205128205129,6.018518518518519,6.82051282051282,8.5,15,-0.47304221418824466,0.7297297297297297,-0.3451929671103407,22.388059701492537,2,Economy support bowlers
23eeb873,23eeb873,DL Chahar,SMA,bowl,3,2018,2021,,,,,,,,,,,,19.0,,,,,,,19.0,431.0,422.0,34.0,247.0,275.0,30.0,42.0,154.0,105.0,16.0,0.0,6.127962085308058,12.411764705882353,1.7894736842105263,0.2274881516587678,0.0,5.389090909090909,4.285714285714286,8.799999999999999,15,1.8526323930691122,0.6551724137931034,1.2137936368383837,99.50248756218906,0,High-impact strike/control bowlers
244048f6,244048f6,Arshdeep Singh,SMA,bowl,2,2021,2023,,,,,,,,,,,,17.0,,,,,,,17.0,457.0,381.0,20.0,206.0,192.0,48.0,42.0,203.0,147.0,30.0,1.0,7.196850393700787,19.05,1.1764705882352942,0.47244094488188976,0.015748031496062992,6.4375,6.857142857142857,8.285714285714285,15,0.3523707887274905,0.6296296296296297,0.22186308919879036,65.67164179104478,0,High-impact strike/control bowlers
249abedf,249abedf,Jalaj S Saxena,SMA,bowl,5,2016,2023,,,,,,,,,,,,20.0,,,,,,,20.0,419.0,408.0,23.0,97.0,108.0,281.0,270.0,41.0,30.0,4.0,0.0,6.161764705882352,17.73913043478261,1.15,0.058823529411764705,0.0,5.388888888888889,6.2444444444444445,8.2,15,0.8835102538531475,0.6666666666666666,0.5890068359020983,88.05970149253731,0,High-impact strike/control bowlers
24d163d7,24d163d7,Himanshu Bisht,SMA,bowl,3,2019,2022,,,,,,,,,,,,15.0,,,,,,,15.0,309.0,252.0,11.0,14.0,6.0,233.0,198.0,62.0,48.0,6.0,0.0,7.357142857142858,22.90909090909091,0.7333333333333333,0.14285714285714285,0.0,14.0,7.0606060606060606,7.75,15,-0.3932050254574473,0.6,-0.23592301527446832,30.845771144278604,2,Economy support bowlers
24d94623,24d94623,Ankit Sharma,SMA,bowl,5,2016,2022,,,,,,,,,,,,20.0,,,,,,,20.0,488.0,406.0,19.0,40.0,30.0,417.0,346.0,31.0,30.0,16.0,1.0,7.211822660098523,21.36842105263158,0.95,0.23645320197044334,0.014778325123152709,8.0,7.23121387283237,6.200000000000001,15,-0.01007253487105889,0.6666666666666666,-0.0067150232473725605,46.766169154228855,0,High-impact strike/control bowlers
254c7802,254c7802,Ashish Yadav,SMA,bowl,3,2016,2019,,,,,,,,,,,,15.0,,,,,,,15.0,335.0,300.0,14.0,76.0,72.0,243.0,216.0,16.0,12.0,8.0,0.0,6.7,21.428571428571427,0.9333333333333333,0.16,0.0,6.333333333333334,6.75,8.0,15,0.21932665927226508,0.6,0.13159599556335907,58.70646766169154,0,High-impact strike/control bowlers
26989d80,26989d80,Shashank Singh,SMA,bowl,5,2016,2023,,,,,,,,,,,,15.0,,,,,,,15.0,309.0,228.0,11.0,32.0,24.0,210.0,156.0,67.0,48.0,5.0,0.0,8.131578947368421,20.727272727272727,0.7333333333333333,0.13157894736842105,0.0,8.0,8.076923076923077,8.375,15,-0.6832434810312269,0.6,-0.40994608861873605,18.90547263681592,2,Economy support bowlers
26a85969,26a85969,R Dhawan,SMA,bowl,4,2018,2022,,,,,,,,,,,,29.0,,,,,,,29.0,694.0,555.0,34.0,294.0,270.0,133.0,108.0,267.0,177.0,21.0,1.0,7.502702702702703,16.323529411764707,1.1724137931034482,0.22702702702702704,0.010810810810810811,6.533333333333333,7.388888888888888,9.050847457627118,15,0.30986458106931364,0.7435897435897436,0.23041212438487427,66.16915422885572,0,High-impact strike/control bowlers
26e5cabf,26e5cabf,MK Tiwary,SMA,bowl,3,2018,2021,,,,,,,,,,,,17.0,,,,,,,17.0,352.0,265.0,13.0,0.0,0.0,254.0,204.0,98.0,61.0,13.0,0.0,7.969811320754717,20.384615384615383,0.7647058823529411,0.2943396226415095,0.0,,7.470588235294118,9.639344262295083,15,-0.55384009880011,0.6296296296296297,-0.3487141362815507,21.890547263681594,2,Economy support bowlers
27e71d47,27e71d47,K Upadhyay,SMA,bowl,2,2016,2019,,,,,,,,,,,,17.0,,,,,,,17.0,476.0,384.0,16.0,285.0,252.0,113.0,90.0,78.0,42.0,5.0,0.0,7.4375,24.0,0.9411764705882353,0.078125,0.0,6.785714285714286,7.533333333333333,11.142857142857142,15,-0.23908975824379036,0.6296296296296297,-0.1505379959312754,37.3134328358209,2,Economy support bowlers
2a6afc6f,2a6afc6f,Saurabh Kumar,SMA,bowl,4,2016,2021,,,,,,,,,,,,28.0,,,,,,,28.0,639.0,548.0,23.0,163.0,120.0,422.0,389.0,54.0,39.0,10.0,0.0,6.996350364963504,23.82608695652174,0.8214285714285714,0.1094890510948905,0.0,8.15,6.5089974293059125,8.307692307692307,15,-0.15295062617693134,0.7368421052631579,-0.11270046139352832,39.30348258706468,2,Economy support bowlers
2af1b6d2,2af1b6d2,AN Ahmed,SMA,bowl,4,2016,2021,,,,,,,,,,,,23.0,,,,,,,23.0,467.0,402.0,25.0,253.0,228.0,58.0,60.0,156.0,114.0,13.0,0.0,6.970149253731343,16.08,1.0869565217391304,0.19402985074626866,0.0,6.657894736842105,5.8,8.210526315789474,15,0.4830194728326375,0.696969696969697,0.3366499356106262,74.12935323383084,0,High-impact strike/control bowlers
2cdce1be,2cdce1be,C Sakariya,SMA,bowl,3,2019,2022,,,,,,,,,,,,23.0,,,,,,,23.0,625.0,538.0,40.0,248.0,252.0,151.0,120.0,226.0,166.0,33.0,4.0,6.970260223048326,13.45,1.7391304347826086,0.3680297397769517,0.04460966542750929,5.904761904761904,7.55,8.168674698795181,15,1.3391431676516508,0.696969696969697,0.9333422077572112,97.01492537313433,0,High-impact strike/control bowlers
2cffab74,2cffab74,Mukesh Kumar,SMA,bowl,4,2016,2023,,,,,,,,,,,,17.0,,,,,,,17.0,473.0,380.0,19.0,194.0,188.0,102.0,90.0,177.0,102.0,15.0,1.0,7.468421052631578,20.0,1.1176470588235294,0.23684210526315788,0.015789473684210527,6.191489361702128,6.8,10.411764705882353,15,0.1126587218054707,0.6296296296296297,0.07093326928492603,55.72139303482587,0,High-impact strike/control bowlers
2e171977,2e171977,AR Patel,SMA,bowl,4,2018,2023,,,,,,,,,,,,23.0,,,,,,,23.0,464.0,492.0,18.0,63.0,72.0,312.0,366.0,89.0,54.0,6.0,1.0,5.658536585365853,27.333333333333332,0.782608695652174,0.07317073170731708,0.012195121951219513,5.25,5.114754098360655,9.88888888888889,15,0.3143229658709893,0.696969696969697,0.21907358227371984,65.17412935323384,2,Economy support bowlers
2e78f685,2e78f685,KR Sen,SMA,bowl,4,2019,2023,,,,,,,,,,,,21.0,,,,,,,21.0,598.0,422.0,15.0,314.0,234.0,91.0,54.0,193.0,134.0,26.0,2.0,8.502369668246446,28.133333333333333,0.7142857142857143,0.3696682464454976,0.028436018957345974,8.051282051282051,10.11111111111111,8.64179104477612,15,-1.1915081815522939,0.6774193548387096,-0.807150703632199,5.472636815920398,3,Attacking wicket-takers
2ed569a0,2ed569a0,RD Chahar,SMA,bowl,4,2018,2022,,,,,,,,,,,,19.0,,,,,,,19.0,455.0,415.0,26.0,93.0,78.0,335.0,306.0,27.0,31.0,7.0,0.0,6.578313253012048,15.961538461538462,1.368421052631579,0.10120481927710843,0.0,7.153846153846153,6.568627450980393,5.225806451612903,15,1.0028681860225563,0.6551724137931034,0.6570515701527093,90.54726368159204,0,High-impact strike/control bowlers
2f49c897,2f49c897,Mohammed Siraj,SMA,bowl,4,2016,2021,,,,,,,,,,,,23.0,,,,,,,23.0,656.0,520.0,38.0,295.0,252.0,64.0,60.0,297.0,208.0,17.0,0.0,7.569230769230769,13.68421052631579,1.6521739130434783,0.19615384615384618,0.0,7.023809523809524,6.4,8.567307692307693,15,0.9360508509972514,0.696969696969697,0.6523990779677813,89.05472636815921,0,High-impact strike/control bowlers
30df8c66,30df8c66,Simarjeet Singh,SMA,bowl,3,2019,2024,,,,,,,,,,,,17.0,,,,,,,17.0,437.0,342.0,22.0,259.0,222.0,73.0,54.0,105.0,66.0,17.0,2.0,7.666666666666666,15.545454545454545,1.2941176470588236,0.2982456140350877,0.03508771929824561,7.0,8.11111111111111,9.545454545454545,15,0.4010482168369862,0.6296296296296297,0.25251184023069506,67.66169154228857,0,High-impact strike/control bowlers
31ee319e,31ee319e,Ajay Mandal,SMA,bowl,5,2018,2023,,,,,,,,,,,,26.0,,,,,,,26.0,589.0,504.0,26.0,108.0,96.0,377.0,342.0,104.0,66.0,11.0,0.0,7.011904761904763,19.384615384615383,1.0,0.13095238095238093,0.0,6.75,6.614035087719298,9.454545454545453,15,0.22689933959538647,0.7222222222222222,0.1638717452633347,60.19900497512438,0,High-impact strike/control bowlers
33ffc3dd,33ffc3dd,R Sanjay Yadav,SMA,bowl,4,2018,2023,,,,,,,,,,,,20.0,,,,,,,20.0,468.0,414.0,17.0,106.0,120.0,192.0,192.0,170.0,102.0,17.0,0.0,6.782608695652174,24.352941176470587,0.85,0.2463768115942029,0.0,5.3,6.0,10.0,15,-0.03703319028394342,0.6666666666666666,-0.024688793522628913,45.27363184079602,2,Economy support bowlers
389ae08a,389ae08a,Puneet Datey,SMA,bowl,4,2016,2022,,,,,,,,,,,,15.0,,,,,,,15.0,368.0,312.0,14.0,154.0,156.0,50.0,48.0,164.0,108.0,10.0,1.0,7.076923076923077,22.285714285714285,0.9333333333333333,0.1923076923076923,0.019230769230769232,5.923076923076923,6.25,9.11111111111111,15,-0.000761515169384136,0.6,-0.0004569091016304427,48.258706467661696,0,High-impact strike/control bowlers
39a2dfa8,39a2dfa8,R Tewatia,SMA,bowl,5,2018,2023,,,,,,,,,,,,26.0,,,,,,,26.0,460.0,381.0,17.0,36.0,30.0,359.0,312.0,65.0,39.0,4.0,0.0,7.244094488188976,22.41176470588235,0.6538461538461539,0.06299212598425197,0.0,7.199999999999999,6.903846153846153,10.0,15,-0.4084828020711919,0.7222222222222222,-0.2950153570514164,25.37313432835821,2,Economy support bowlers
3b30b8c4,3b30b8c4,Amit Verma,SMA,bowl,3,2016,2021,,,,,,,,,,,,16.0,,,,,,,16.0,305.0,199.0,6.0,13.0,12.0,235.0,145.0,57.0,42.0,0.0,0.0,9.195979899497488,33.166666666666664,0.375,0.0,0.0,6.5,9.724137931034482,8.142857142857142,15,-2.1277936737333754,0.6153846153846154,-1.309411491528231,2.4875621890547266,2,Economy support bowlers
3b63b5cc,3b63b5cc,Shiva Singh,SMA,bowl,4,2019,2023,,,,,,,,,,,,15.0,,,,,,,15.0,344.0,307.0,7.0,44.0,36.0,265.0,252.0,35.0,19.0,2.0,0.0,6.723127035830619,43.857142857142854,0.4666666666666667,0.03908794788273616,0.0,7.333333333333334,6.30952380952381,11.052631578947368,15,-1.2496787502444957,0.6,-0.7498072501466974,6.965174129353234,2,Economy support bowlers
3bc10d5b,3bc10d5b,Pankaj Jaswal,SMA,bowl,5,2016,2022,,,,,,,,,,,,30.0,,,,,,,30.0,717.0,559.0,43.0,272.0,201.0,207.0,180.0,238.0,178.0,13.0,1.0,7.695885509838998,13.0,1.4333333333333333,0.13953488372093023,0.010733452593917711,8.119402985074627,6.8999999999999995,8.022471910112358,15,0.6510807208832897,0.75,0.48831054066246726,85.07462686567165,0,High-impact strike/control bowlers
3bc94fb9,3bc94fb9,Arun Chaprana,SMA,bowl,2,2019,2021,,,,,,,,,,,,15.0,,,,,,,15.0,403.0,325.0,16.0,201.0,156.0,51.0,54.0,151.0,115.0,21.0,2.0,7.4399999999999995,20.3125,1.0666666666666667,0.38769230769230767,0.03692307692307692,7.730769230769232,5.666666666666666,7.878260869565217,15,0.055271516042602206,0.6,0.033162909625561364,52.736318407960205,0,High-impact strike/control bowlers
40caa465,40caa465,T Kohli,SMA,bowl,3,2019,2022,,,,,,,,,,,,17.0,,,,,,,17.0,393.0,232.0,8.0,61.0,48.0,120.0,78.0,212.0,106.0,10.0,1.0,10.163793103448276,29.0,0.47058823529411764,0.25862068965517243,0.02586206896551724,7.625,9.230769230769232,12.0,15,-2.3213947253422154,0.6296296296296297,-1.461618901141395,0.9950248756218906,1,Low-wicket expensive group
4125d931,4125d931,J Suchith,SMA,bowl,5,2016,2022,,,,,,,,,,,,37.0,,,,,,,37.0,895.0,756.0,29.0,153.0,120.0,704.0,612.0,38.0,24.0,27.0,0.0,7.103174603174604,26.06896551724138,0.7837837837837838,0.21428571428571427,0.0,7.6499999999999995,6.901960784313725,9.5,15,-0.34075499268369575,0.7872340425531915,-0.268253930410569,26.368159203980102,2,Economy support bowlers
41eb4a4f,41eb4a4f,R Vinay Kumar,SMA,bowl,3,2016,2019,,,,,,,,,,,,28.0,,,,,,,28.0,702.0,608.0,34.0,344.0,336.0,65.0,60.0,293.0,212.0,11.0,6.0,6.927631578947368,17.88235294117647,1.2142857142857142,0.10855263157894737,0.05921052631578947,6.142857142857142,6.5,8.29245283018868,15,0.5757850129549095,0.7368421052631579,0.4242626411246701,80.09950248756219,0,High-impact strike/control bowlers
4312e8f9,4312e8f9,A Sheth,SMA,bowl,7,2016,2024,,,,,,,,,,,,44.0,,,,,,,44.0,1145.0,888.0,59.0,492.0,420.0,228.0,183.0,425.0,285.0,14.0,0.0,7.736486486486486,15.05084745762712,1.3409090909090908,0.09459459459459459,0.0,7.0285714285714285,7.475409836065574,8.947368421052632,15,0.4408191601189477,0.8148148148148148,0.3591859823191425,75.62189054726367,0,High-impact strike/control bowlers
46a9bea1,46a9bea1,TU Deshpande,SMA,bowl,5,2018,2023,,,,,,,,,,,,30.0,,,,,,,30.0,847.0,662.0,51.0,334.0,258.0,225.0,188.0,288.0,216.0,23.0,6.0,7.676737160120846,12.980392156862745,1.7,0.2084592145015106,0.05438066465256798,7.767441860465117,7.180851063829788,8.0,15,0.9671318659886403,0.75,0.7253488994914803,93.03482587064677,0,High-impact strike/control bowlers
47ccd2bb,47ccd2bb,Amulya Pandrekar,SMA,bowl,4,2018,2022,,,,,,,,,,,,16.0,,,,,,,16.0,334.0,286.0,11.0,60.0,66.0,210.0,180.0,64.0,40.0,2.0,0.0,7.0069930069930075,26.0,0.6875,0.04195804195804196,0.0,5.454545454545454,7.0,9.600000000000001,15,-0.4011860584028861,0.6153846153846154,-0.2468837282479299,27.860696517412936,2,Economy support bowlers
481dd6dc,481dd6dc,Abhay Negi,SMA,bowl,3,2018,2021,,,,,,,,,,,,19.0,,,,,,,19.0,518.0,426.0,18.0,224.0,234.0,33.0,36.0,261.0,156.0,24.0,1.0,7.295774647887324,23.666666666666668,0.9473684210526315,0.3380281690140845,0.014084507042253521,5.743589743589744,5.5,10.038461538461538,15,-0.148779244428594,0.6551724137931034,-0.09747605669459604,41.29353233830846,0,High-impact strike/control bowlers
48bf9d5c,48bf9d5c,Cheepurapalli Stephen,SMA,bowl,4,2016,2023,,,,,,,,,,,,22.0,,,,,,,22.0,504.0,487.0,42.0,247.0,252.0,23.0,48.0,234.0,187.0,17.0,3.0,6.209445585215606,11.595238095238095,1.9090909090909092,0.20944558521560575,0.03696098562628337,5.8809523809523805,2.875,7.508021390374331,15,1.983451143965656,0.6875,1.3636226614763884,100.0,0,High-impact strike/control bowlers
4948a916,4948a916,Ashutosh Aman,SMA,bowl,3,2019,2022,,,,,,,,,,,,23.0,,,,,,,23.0,477.0,474.0,27.0,67.0,60.0,350.0,354.0,60.0,60.0,6.0,1.0,6.037974683544304,17.555555555555557,1.173913043478261,0.0759493670886076,0.012658227848101264,6.7,5.932203389830509,6.0,15,0.9791917867718232,0.696969696969697,0.6824670029015738,92.03980099502488,0,High-impact strike/control bowlers
49bacd0f,49bacd0f,Mihir Hirwani,SMA,bowl,4,2016,2021,,,,,,,,,,,,22.0,,,,,,,22.0,496.0,419.0,17.0,0.0,0.0,460.0,384.0,36.0,35.0,9.0,0.0,7.102625298329356,24.647058823529413,0.7727272727272727,0.12887828162291168,0.0,,7.1875,6.171428571428571,15,-0.29468827162904654,0.6875,-0.20259818674496946,32.83582089552239,2,Economy support bowlers
4a15018a,4a15018a,Harsh Tyagi,SMA,bowl,5,2019,2024,,,,,,,,,,,,30.0,,,,,,,30.0,659.0,565.0,18.0,81.0,78.0,440.0,391.0,138.0,96.0,4.0,1.0,6.998230088495576,31.38888888888889,0.6,0.04247787610619469,0.010619469026548672,6.230769230769232,6.751918158567776,8.625,15,-0.7188759763386534,0.75,-0.5391569822539901,14.925373134328357,2,Economy support bowlers
4af886ed,4af886ed,Lakshay Garg,SMA,bowl,6,2016,2023,,,,,,,,,,,,33.0,,,,,,,33.0,920.0,671.0,26.0,445.0,312.0,165.0,162.0,310.0,197.0,34.0,1.0,8.226527570789866,25.807692307692307,0.7878787878787878,0.30402384500745155,0.00894187779433681,8.557692307692308,6.111111111111112,9.441624365482234,15,-0.876185561423405,0.7674418604651163,-0.6724214773714504,9.45273631840796,2,Economy support bowlers
4b31f3a3,4b31f3a3,Yash Thakur,SMA,bowl,4,2019,2024,,,,,,,,,,,,31.0,,,,,,,31.0,660.0,602.0,48.0,259.0,252.0,165.0,141.0,236.0,209.0,21.0,5.0,6.578073089700997,12.541666666666666,1.5483870967741935,0.20930232558139533,0.049833887043189376,6.166666666666666,7.0212765957446805,6.775119617224879,15,1.3500478156364566,0.7560975609756098,1.0207678606031745,97.51243781094527,0,High-impact strike/control bowlers
4bd09374,4bd09374,Akash Madhwal,SMA,bowl,3,2019,2022,,,,,,,,,,,,18.0,,,,,,,18.0,498.0,386.0,20.0,208.0,186.0,64.0,54.0,226.0,146.0,10.0,8.0,7.740932642487046,19.3,1.1111111111111112,0.15544041450777202,0.12435233160621761,6.709677419354838,7.111111111111111,9.287671232876711,15,0.0003162064403906678,0.6428571428571429,0.0002032755688226069,49.25373134328358,0,High-impact strike/control bowlers
50455929,50455929,RT Arothe,SMA,bowl,3,2016,2019,,,,,,,,,,,,29.0,,,,,,,29.0,710.0,525.0,28.0,218.0,168.0,201.0,168.0,291.0,189.0,12.0,3.0,8.114285714285714,18.75,0.9655172413793104,0.13714285714285715,0.03428571428571429,7.7857142857142865,7.178571428571429,9.238095238095239,15,-0.32713946142461664,0.7435897435897436,-0.24325754823881748,29.850746268656714,0,High-impact strike/control bowlers
52cb36a0,52cb36a0,Manisankar Murasingh,SMA,bowl,6,2016,2023,,,,,,,,,,,,37.0,,,,,,,37.0,887.0,727.0,27.0,566.0,516.0,52.0,54.0,269.0,157.0,47.0,9.0,7.320495185694636,26.925925925925927,0.7297297297297297,0.38789546079779924,0.07427785419532325,6.581395348837209,5.777777777777778,10.280254777070065,15,-0.5445669589329715,0.7872340425531915,-0.42870164852170095,17.91044776119403,2,Economy support bowlers
5724e517,5724e517,Tanush Kotian,SMA,bowl,4,2021,2024,,,,,,,,,,,,15.0,,,,,,,15.0,296.0,289.0,18.0,16.0,18.0,266.0,252.0,14.0,19.0,20.0,0.0,6.145328719723183,16.055555555555557,1.2,0.4152249134948097,0.0,5.333333333333333,6.333333333333334,4.421052631578947,15,1.0181582212004183,0.6,0.610894932720251,88.55721393034825,0,High-impact strike/control bowlers
57ee1fde,57ee1fde,YS Chahal,SMA,bowl,4,2016,2023,,,,,,,,,,,,27.0,,,,,,,27.0,669.0,555.0,20.0,108.0,78.0,460.0,417.0,101.0,60.0,14.0,0.0,7.232432432432432,27.75,0.7407407407407407,0.15135135135135136,0.0,8.307692307692307,6.618705035971223,10.1,15,-0.5226450295593972,0.7297297297297297,-0.38138961616496553,20.398009950248756,2,Economy support bowlers
5876c626,5876c626,Mehdi Hassan,SMA,bowl,4,2016,2021,,,,,,,,,,,,19.0,,,,,,,19.0,511.0,424.0,19.0,142.0,126.0,295.0,252.0,74.0,46.0,3.0,0.0,7.231132075471699,22.31578947368421,1.0,0.04245283018867925,0.0,6.761904761904762,7.023809523809524,9.652173913043478,15,-0.0011561424345847698,0.6551724137931034,-0.0007574726295555053,47.76119402985074,2,Economy support bowlers
5b4d1d4e,5b4d1d4e,Nagaho Chishi,SMA,bowl,4,2019,2023,,,,,,,,,,,,15.0,,,,,,,15.0,281.0,227.0,8.0,167.0,132.0,52.0,47.0,62.0,48.0,11.0,4.0,7.427312775330397,28.375,0.5333333333333333,0.29074889867841414,0.10572687224669605,7.590909090909091,6.638297872340425,7.75,15,-0.8818022955451563,0.6,-0.5290813773270938,15.92039800995025,2,Economy support bowlers
5b627626,5b627626,B Aparajith,SMA,bowl,5,2016,2023,,,,,,,,,,,,16.0,,,,,,,16.0,204.0,222.0,10.0,66.0,78.0,122.0,132.0,16.0,12.0,4.0,0.0,5.513513513513514,22.2,0.625,0.10810810810810811,0.0,5.076923076923077,5.545454545454545,8.0,15,0.4157879448676504,0.6153846153846154,0.2558695045339388,68.65671641791045,2,Economy support bowlers
5b8c830e,5b8c830e,KH Pandya,SMA,bowl,6,2018,2024,,,,,,,,,,,,29.0,,,,,,,29.0,725.0,624.0,24.0,210.0,168.0,398.0,366.0,117.0,90.0,27.0,0.0,6.971153846153847,26.0,0.8275862068965517,0.2596153846153846,0.0,7.5,6.524590163934427,7.800000000000001,15,-0.22293855627369455,0.7435897435897436,-0.16577482389582412,34.82587064676617,2,Economy support bowlers
5bb1a1c4,5bb1a1c4,I Sharma,SMA,bowl,5,2019,2024,,,,,,,,,,,,18.0,,,,,,,18.0,417.0,367.0,20.0,208.0,228.0,111.0,72.0,98.0,67.0,23.0,4.0,6.817438692098093,18.35,1.1111111111111112,0.3760217983651226,0.0653950953678474,5.473684210526315,9.25,8.776119402985074,15,0.4922521446459588,0.6428571428571429,0.3164478072724022,73.13432835820896,0,High-impact strike/control bowlers
5d3d423a,5d3d423a,Girinath Reddy,SMA,bowl,5,2016,2022,,,,,,,,,,,,17.0,,,,,,,17.0,303.0,249.0,11.0,71.0,60.0,156.0,120.0,76.0,69.0,5.0,0.0,7.301204819277109,22.636363636363637,0.6470588235294118,0.12048192771084337,0.0,7.1,7.800000000000001,6.608695652173913,15,-0.4535105443470848,0.6296296296296297,-0.2855436760703867,25.870646766169152,2,Economy support bowlers
5f39537c,5f39537c,Ravi Teja,SMA,bowl,5,2018,2023,,,,,,,,,,,,20.0,,,,,,,20.0,522.0,413.0,28.0,127.0,108.0,255.0,204.0,140.0,101.0,12.0,1.0,7.583535108958838,14.75,1.4,0.17433414043583537,0.014527845036319613,7.055555555555555,7.5,8.316831683168317,15,0.5959714116316148,0.6666666666666666,0.3973142744210766,79.60199004975125,0,High-impact strike/control bowlers
61a3c20c,61a3c20c,Palzor Tamang,SMA,bowl,2,2019,2021,,,,,,,,,,,,17.0,,,,,,,17.0,314.0,238.0,9.0,120.0,96.0,142.0,108.0,52.0,34.0,4.0,1.0,7.915966386554622,26.444444444444443,0.5294117647058824,0.10084033613445378,0.025210084033613446,7.5,7.888888888888889,9.176470588235293,15,-1.046529529588719,0.6296296296296297,-0.6589260001114157,9.950248756218906,2,Economy support bowlers
63bfb5fc,63bfb5fc,Chintan Gaja,SMA,bowl,5,2018,2023,,,,,,,,,,,,20.0,,,,,,,20.0,483.0,395.0,24.0,252.0,198.0,157.0,126.0,74.0,71.0,10.0,0.0,7.336708860759494,16.458333333333332,1.2,0.1518987341772152,0.0,7.636363636363637,7.476190476190476,6.253521126760563,15,0.41736113914319317,0.6666666666666666,0.2782407594287955,70.1492537313433,0,High-impact strike/control bowlers
663b5e34,663b5e34,PN Mankad,SMA,bowl,5,2016,2024,,,,,,,,,,,,25.0,,,,,,,25.0,542.0,375.0,19.0,68.0,48.0,427.0,291.0,47.0,36.0,13.0,4.0,8.672,19.736842105263158,0.76,0.208,0.064,8.5,8.804123711340205,7.833333333333334,15,-0.8769376948779686,0.7142857142857143,-0.6263840677699776,10.945273631840797,3,Attacking wicket-takers
66b30f71,66b30f71,AB Dinda,SMA,bowl,4,2016,2021,,,,,,,,,,,,27.0,,,,,,,27.0,727.0,567.0,25.0,381.0,312.0,8.0,6.0,338.0,249.0,24.0,6.0,7.693121693121693,22.68,0.9259259259259259,0.25396825396825395,0.06349206349206349,7.3269230769230775,8.0,8.144578313253012,15,-0.32764631062112815,0.7297297297297297,-0.2390932536964989,30.34825870646766,2,Economy support bowlers
66cf56a5,66cf56a5,A Mithun,SMA,bowl,4,2016,2021,,,,,,,,,,,,31.0,,,,,,,31.0,851.0,622.0,32.0,424.0,336.0,149.0,116.0,278.0,170.0,18.0,1.0,8.209003215434084,19.4375,1.032258064516129,0.17363344051446944,0.00964630225080386,7.571428571428571,7.706896551724139,9.811764705882354,15,-0.32531331292156845,0.7560975609756098,-0.2459686024528932,28.35820895522388,0,High-impact strike/control bowlers
66ea7420,66ea7420,G Lalbiakvela,SMA,bowl,4,2019,2023,,,,,,,,,,,,23.0,,,,,,,23.0,580.0,360.0,11.0,158.0,96.0,258.0,204.0,164.0,60.0,14.0,6.0,9.666666666666668,32.72727272727273,0.4782608695652174,0.23333333333333334,0.1,9.875,7.588235294117647,16.4,15,-2.2221037441593308,0.696969696969697,-1.5487389732019579,0.4975124378109453,1,Low-wicket expensive group
69be866a,69be866a,Anureet Singh,SMA,bowl,4,2016,2021,,,,,,,,,,,,23.0,,,,,,,23.0,637.0,486.0,22.0,205.0,198.0,113.0,90.0,319.0,198.0,22.0,0.0,7.864197530864198,22.09090909090909,0.9565217391304348,0.2716049382716049,0.0,6.212121212121211,7.533333333333333,9.666666666666668,15,-0.35221938632288585,0.696969696969697,-0.24548623895231436,28.855721393034827,2,Economy support bowlers
69cbffb8,69cbffb8,Rajjakuddin Ahmed,SMA,bowl,4,2018,2022,,,,,,,,,,,,25.0,,,,,,,25.0,482.0,348.0,17.0,83.0,54.0,292.0,228.0,107.0,66.0,4.0,4.0,8.310344827586206,20.470588235294116,0.68,0.06896551724137931,0.06896551724137931,9.222222222222221,7.684210526315789,9.727272727272727,15,-0.8215214492846615,0.7142857142857143,-0.5868010352033297,12.437810945273633,2,Economy support bowlers
6b19d823,6b19d823,A Mishra,SMA,bowl,5,2016,2023,,,,,,,,,,,,26.0,,,,,,,26.0,674.0,510.0,23.0,48.0,42.0,504.0,378.0,122.0,90.0,12.0,2.0,7.929411764705883,22.17391304347826,0.8846153846153846,0.1411764705882353,0.023529411764705882,6.857142857142857,8.0,8.133333333333333,15,-0.47008637564296274,0.7222222222222222,-0.33950682685325084,22.885572139303484,2,Economy support bowlers
6c7a68d0,6c7a68d0,Shubham Ranjane,SMA,bowl,2,2019,2021,,,,,,,,,,,,24.0,,,,,,,24.0,441.0,363.0,16.0,0.0,0.0,383.0,324.0,58.0,39.0,4.0,0.0,7.289256198347108,22.6875,0.6666666666666666,0.06611570247933884,0.0,,7.092592592592592,8.923076923076923,15,-0.4272649136353497,0.7058823529411765,-0.30159876256612916,24.378109452736318,2,Economy support bowlers
6d981899,6d981899,Rana Dutta,SMA,bowl,4,2016,2022,,,,,,,,,,,,16.0,,,,,,,16.0,361.0,303.0,12.0,215.0,198.0,47.0,36.0,99.0,69.0,7.0,0.0,7.1485148514851495,25.25,0.75,0.1386138613861386,0.0,6.515151515151516,7.833333333333334,8.608695652173912,15,-0.3680559992334741,0.6153846153846154,-0.22649599952829175,31.343283582089555,2,Economy support bowlers
7210d461,7210d461,Yash Dayal,SMA,bowl,4,2019,2023,,,,,,,,,,,,19.0,,,,,,,19.0,399.0,336.0,16.0,223.0,210.0,36.0,24.0,140.0,102.0,23.0,5.0,7.125,21.0,0.8421052631578947,0.41071428571428575,0.08928571428571427,6.371428571428572,9.0,8.235294117647058,15,-0.07609461219110406,0.6551724137931034,-0.049855090745895725,43.78109452736319,2,Economy support bowlers
73ad96ed,73ad96ed,DJ Hooda,SMA,bowl,4,2016,2021,,,,,,,,,,,,18.0,,,,,,,18.0,317.0,264.0,8.0,67.0,48.0,206.0,174.0,44.0,42.0,12.0,1.0,7.204545454545454,33.0,0.4444444444444444,0.2727272727272727,0.022727272727272728,8.375,7.103448275862069,6.2857142857142865,15,-1.0647247624164273,0.6428571428571429,-0.6844659186962747,8.955223880597014,2,Economy support bowlers
76307fc7,76307fc7,SS Majumder,SMA,bowl,4,2016,2023,,,,,,,,,,,,16.0,,,,,,,16.0,311.0,274.0,14.0,33.0,30.0,185.0,162.0,93.0,82.0,6.0,0.0,6.81021897810219,19.571428571428573,0.875,0.13138686131386862,0.0,6.6000000000000005,6.851851851851851,6.804878048780488,15,0.1747500800961027,0.6153846153846154,0.10753851082837095,56.71641791044776,0,High-impact strike/control bowlers
76860ea3,76860ea3,Lamabam Singh,SMA,bowl,3,2019,2023,,,,,,,,,,,,15.0,,,,,,,15.0,360.0,259.0,10.0,82.0,54.0,212.0,168.0,66.0,37.0,1.0,0.0,8.33976833976834,25.9,0.6666666666666666,0.02316602316602317,0.0,9.11111111111111,7.571428571428571,10.702702702702702,15,-1.0745380661940604,0.6,-0.6447228397164363,10.44776119402985,2,Economy support bowlers
76a33e00,76a33e00,Imliwati Lemtur,SMA,bowl,4,2019,2023,,,,,,,,,,,,21.0,,,,,,,21.0,442.0,371.0,14.0,93.0,78.0,333.0,278.0,16.0,15.0,13.0,0.0,7.1482479784366575,26.5,0.6666666666666666,0.21024258760107817,0.0,7.153846153846153,7.187050359712231,6.4,15,-0.5149134061580799,0.6774193548387096,-0.34881230739740887,21.393034825870647,2,Economy support bowlers
76cc7070,76cc7070,K D Patel,SMA,bowl,5,2018,2023,,,,,,,,,,,,17.0,,,,,,,17.0,538.0,370.0,12.0,212.0,156.0,151.0,102.0,175.0,112.0,17.0,4.0,8.724324324324325,30.833333333333332,0.7058823529411765,0.2756756756756757,0.06486486486486487,8.153846153846153,8.882352941176471,9.375,15,-1.421031900363251,0.6296296296296297,-0.8947237891176025,3.9800995024875623,3,Attacking wicket-takers
779b7f4d,779b7f4d,Roosh Kalaria,SMA,bowl,4,2016,2022,,,,,,,,,,,,24.0,,,,,,,24.0,603.0,498.0,28.0,253.0,240.0,56.0,66.0,294.0,192.0,10.0,0.0,7.265060240963855,17.785714285714285,1.1666666666666667,0.12048192771084337,0.0,6.325,5.090909090909091,9.1875,15,0.3596734147001003,0.7058823529411765,0.2538871162588944,68.1592039800995,0,High-impact strike/control bowlers
783e6111,783e6111,Chirag Jani,SMA,bowl,7,2016,2024,,,,,,,,,,,,36.0,,,,,,,36.0,917.0,737.0,28.0,235.0,192.0,402.0,396.0,280.0,149.0,26.0,1.0,7.46540027137042,26.321428571428573,0.7777777777777778,0.21166892808683851,0.008141112618724558,7.34375,6.090909090909091,11.275167785234899,15,-0.5356558024717735,0.782608695652174,-0.41920888889095315,18.407960199004975,2,Economy support bowlers
791c088d,791c088d,Harishankar Reddy,SMA,bowl,5,2018,2023,,,,,,,,,,,,20.0,,,,,,,20.0,619.0,419.0,24.0,220.0,168.0,168.0,120.0,231.0,131.0,22.0,1.0,8.863961813842481,17.458333333333332,1.2,0.315035799522673,0.014319809069212411,7.857142857142858,8.399999999999999,10.580152671755725,15,-0.37270404177606986,0.6666666666666666,-0.24846936118404653,27.363184079601986,3,Attacking wicket-takers
798cc28e,798cc28e,KM Asif,SMA,bowl,5,2018,2023,,,,,,,,,,,,18.0,,,,,,,18.0,465.0,343.0,18.0,148.0,144.0,121.0,78.0,196.0,121.0,13.0,1.0,8.134110787172013,19.055555555555557,1.0,0.2274052478134111,0.01749271137026239,6.166666666666666,9.307692307692308,9.71900826446281,15,-0.30987771842475054,0.6428571428571429,-0.19920710470162534,33.33333333333333,3,Attacking wicket-takers
7a8bd078,7a8bd078,S Gopal,SMA,bowl,5,2016,2023,,,,,,,,,,,,27.0,,,,,,,27.0,546.0,500.0,38.0,29.0,18.0,481.0,434.0,36.0,48.0,7.0,0.0,6.5520000000000005,13.157894736842104,1.4074074074074074,0.084,0.0,9.666666666666668,6.649769585253456,4.5,15,1.1757926419506897,0.7297297297297297,0.8580108468288816,95.52238805970148,0,High-impact strike/control bowlers
7b5235a6,7b5235a6,Pappu Roy,SMA,bowl,2,2019,2021,,,,,,,,,,,,15.0,,,,,,,15.0,302.0,316.0,19.0,95.0,72.0,163.0,196.0,44.0,48.0,4.0,1.0,5.734177215189874,16.63157894736842,1.2666666666666666,0.0759493670886076,0.0189873417721519,7.916666666666666,4.989795918367347,5.5,15,1.2725533541803058,0.6,0.7635320125081835,93.53233830845771,0,High-impact strike/control bowlers
7b5b6311,7b5b6311,CV Milind,SMA,bowl,5,2016,2023,,,,,,,,,,,,31.0,,,,,,,31.0,871.0,667.0,40.0,332.0,282.0,133.0,126.0,406.0,259.0,18.0,1.0,7.835082458770614,16.675,1.2903225806451613,0.16191904047976013,0.008995502248875561,7.063829787234042,6.333333333333334,9.405405405405405,15,0.2676525250683195,0.7560975609756098,0.20237142139311964,63.681592039801,0,High-impact strike/control bowlers
7c2e7c17,7c2e7c17,Kanwar Abhinay,SMA,bowl,3,2018,2022,,,,,,,,,,,,21.0,,,,,,,21.0,528.0,420.0,18.0,175.0,156.0,110.0,120.0,243.0,144.0,14.0,1.0,7.542857142857143,23.333333333333332,0.8571428571428571,0.2,0.014285714285714287,6.730769230769231,5.5,10.125,15,-0.35971989315204966,0.6774193548387096,-0.24368121794171102,29.35323383084577,2,Economy support bowlers
7c30f4d0,7c30f4d0,Rahil Shah,SMA,bowl,4,2016,2021,,,,,,,,,,,,18.0,,,,,,,18.0,361.0,361.0,18.0,77.0,90.0,227.0,222.0,57.0,49.0,8.0,0.0,6.0,20.055555555555557,1.0,0.1329639889196676,0.0,5.133333333333333,6.135135135135135,6.979591836734693,15,0.6955260868176409,0.6428571428571429,0.44712391295419784,81.09452736318407,0,High-impact strike/control bowlers
7c3b3b78,7c3b3b78,VG Arora,SMA,bowl,2,2021,2022,,,,,,,,,,,,15.0,,,,,,,15.0,380.0,328.0,19.0,246.0,234.0,40.0,36.0,94.0,58.0,23.0,0.0,6.951219512195122,17.263157894736842,1.2666666666666666,0.4207317073170732,0.0,6.307692307692308,6.666666666666667,9.724137931034482,15,0.6497621054931376,0.6,0.3898572632958826,79.1044776119403,0,High-impact strike/control bowlers
81049310,81049310,J Yadav,SMA,bowl,6,2016,2023,,,,,,,,,,,,34.0,,,,,,,34.0,677.0,617.0,24.0,184.0,168.0,448.0,414.0,45.0,35.0,22.0,0.0,6.583468395461912,25.708333333333332,0.7058823529411765,0.21393841166936792,0.0,6.571428571428572,6.492753623188405,7.714285714285715,15,-0.16041787476245092,0.7727272727272727,-0.12395926686189386,38.308457711442784,2,Economy support bowlers
8254ea06,8254ea06,HP Patel,SMA,bowl,4,2016,2022,,,,,,,,,,,,26.0,,,,,,,26.0,603.0,547.0,30.0,104.0,114.0,453.0,391.0,46.0,42.0,26.0,0.0,6.614259597806216,18.233333333333334,1.1538461538461537,0.28519195612431447,0.0,5.473684210526315,6.951406649616368,6.571428571428572,15,0.6457009548062711,0.7222222222222222,0.4663395784711958,82.58706467661692,0,High-impact strike/control bowlers
85e0cf10,85e0cf10,M Prasidh Krishna,SMA,bowl,4,2018,2023,,,,,,,,,,,,21.0,,,,,,,21.0,539.0,435.0,19.0,275.0,228.0,111.0,94.0,153.0,113.0,14.0,0.0,7.434482758620691,22.894736842105264,0.9047619047619048,0.19310344827586207,0.0,7.236842105263158,7.085106382978724,8.123893805309734,15,-0.23391993700985575,0.6774193548387096,-0.15846189281312806,35.82089552238806,2,Economy support bowlers
871e9faf,871e9faf,Basil Thampi,SMA,bowl,5,2016,2022,,,,,,,,,,,,32.0,,,,,,,32.0,931.0,677.0,33.0,364.0,288.0,219.0,174.0,348.0,215.0,8.0,3.0,8.251107828655835,20.515151515151516,1.03125,0.07090103397341212,0.026587887740029542,7.583333333333333,7.551724137931034,9.711627906976744,15,-0.39143739795753973,0.7619047619047619,-0.29823801749145884,24.875621890547265,2,Economy support bowlers
8998a68f,8998a68f,Sumit Kumar,SMA,bowl,4,2019,2023,,,,,,,,,,,,30.0,,,,,,,30.0,623.0,506.0,36.0,140.0,144.0,288.0,252.0,195.0,110.0,6.0,3.0,7.387351778656127,14.055555555555555,1.2,0.07114624505928853,0.035573122529644265,5.833333333333333,6.857142857142857,10.636363636363637,15,0.4913456371181801,0.75,0.36850922783863505,76.61691542288557,0,High-impact strike/control bowlers
8b018008,8b018008,Vikash Singh,SMA,bowl,4,2016,2021,,,,,,,,,,,,20.0,,,,,,,20.0,569.0,408.0,14.0,222.0,192.0,125.0,90.0,222.0,126.0,23.0,6.0,8.367647058823529,29.142857142857142,0.7,0.3382352941176471,0.08823529411764705,6.9375,8.333333333333332,10.571428571428571,15,-1.1833462625820217,0.6666666666666666,-0.7888975083880144,5.970149253731343,3,Attacking wicket-takers
8b5b6769,8b5b6769,Harbhajan Singh,SMA,bowl,3,2016,2019,,,,,,,,,,,,15.0,,,,,,,15.0,319.0,312.0,16.0,0.0,0.0,302.0,294.0,17.0,18.0,18.0,0.0,6.134615384615384,19.5,1.0666666666666667,0.34615384615384615,0.0,,6.163265306122449,5.666666666666666,15,0.7288250281291171,0.6,0.4372950168774703,80.59701492537313,0,High-impact strike/control bowlers
8d2c70ad,8d2c70ad,Kuldeep Yadav,SMA,bowl,4,2016,2022,,,,,,,,,,,,19.0,,,,,,,19.0,471.0,402.0,20.0,6.0,6.0,413.0,348.0,52.0,48.0,4.0,0.0,7.029850746268656,20.1,1.0526315789473684,0.05970149253731343,0.0,6.0,7.120689655172413,6.5,15,0.24904342252095954,0.6551724137931034,0.16316638027235283,59.70149253731343,0,High-impact strike/control bowlers
8da6dbf1,8da6dbf1,Sagar Trivedi,SMA,bowl,4,2016,2021,,,,,,,,,,,,17.0,,,,,,,17.0,537.0,354.0,17.0,210.0,132.0,157.0,102.0,170.0,120.0,20.0,4.0,9.101694915254237,20.823529411764707,1.0,0.3389830508474576,0.06779661016949153,9.545454545454545,9.23529411764706,8.5,15,-0.8570754750143693,0.6296296296296297,-0.5396401138979362,14.427860696517413,3,Attacking wicket-takers
8db0c0e1,8db0c0e1,Sagar Udeshi,SMA,bowl,3,2019,2022,,,,,,,,,,,,19.0,,,,,,,19.0,434.0,438.0,15.0,158.0,138.0,203.0,228.0,73.0,72.0,5.0,1.0,5.945205479452055,29.2,0.7894736842105263,0.0684931506849315,0.0136986301369863,6.869565217391305,5.342105263157895,6.083333333333333,15,0.10484907718080816,0.6551724137931034,0.0686942229805295,55.223880597014926,2,Economy support bowlers
8f607eea,8f607eea,NA Rathva,SMA,bowl,4,2019,2023,,,,,,,,,,,,27.0,,,,,,,27.0,473.0,420.0,27.0,58.0,60.0,364.0,318.0,51.0,42.0,5.0,0.0,6.757142857142857,15.555555555555555,1.0,0.07142857142857142,0.0,5.8,6.867924528301886,7.285714285714285,15,0.5093076608727152,0.7297297297297297,0.3716569417179273,77.61194029850746,0,High-impact strike/control bowlers
90de905a,90de905a,K Gowtham,SMA,bowl,5,2018,2023,,,,,,,,,,,,26.0,,,,,,,26.0,679.0,570.0,26.0,136.0,96.0,440.0,396.0,103.0,78.0,15.0,0.0,7.147368421052631,21.923076923076923,1.0,0.15789473684210525,0.0,8.5,6.666666666666667,7.923076923076923,15,0.05607116060845914,0.7222222222222222,0.04049583821722052,53.73134328358209,0,High-impact strike/control bowlers
911d04ad,911d04ad,Gurinder Singh,SMA,bowl,4,2016,2021,,,,,,,,,,,,28.0,,,,,,,28.0,722.0,612.0,29.0,49.0,36.0,525.0,468.0,148.0,108.0,19.0,0.0,7.078431372549019,21.103448275862068,1.0357142857142858,0.18627450980392157,0.0,8.166666666666668,6.730769230769231,8.222222222222223,15,0.16454819338953725,0.7368421052631579,0.12124603723439589,57.2139303482587,0,High-impact strike/control bowlers
9170ff49,9170ff49,Parvez Rasool,SMA,bowl,4,2016,2021,,,,,,,,,,,,26.0,,,,,,,26.0,677.0,612.0,29.0,61.0,78.0,462.0,426.0,154.0,108.0,8.0,0.0,6.637254901960785,21.103448275862068,1.1153846153846154,0.0784313725490196,0.0,4.6923076923076925,6.507042253521128,8.555555555555555,15,0.4722717460572573,0.7222222222222222,0.34108514993024136,74.6268656716418,0,High-impact strike/control bowlers
94253925,94253925,GH Vihari,SMA,bowl,4,2016,2021,,,,,,,,,,,,17.0,,,,,,,17.0,272.0,210.0,9.0,45.0,36.0,227.0,174.0,0.0,0.0,4.0,0.0,7.771428571428572,23.333333333333332,0.5294117647058824,0.1142857142857143,0.0,7.5,7.827586206896552,,15,-0.8477002167884878,0.6296296296296297,-0.5337371735334924,15.422885572139302,2,Economy support bowlers
9601c534,9601c534,SD Lad,SMA,bowl,5,2016,2022,,,,,,,,,,,,26.0,,,,,,,26.0,386.0,324.0,17.0,66.0,54.0,282.0,234.0,38.0,36.0,26.0,1.0,7.148148148148148,19.058823529411764,0.6538461538461539,0.48148148148148145,0.018518518518518517,7.333333333333334,7.23076923076923,6.333333333333334,15,-0.22353617094457234,0.7222222222222222,-0.16144279012663554,35.32338308457712,2,Economy support bowlers
97114e80,97114e80,Mukhtar Hussain,SMA,bowl,4,2019,2023,,,,,,,,,,,,19.0,,,,,,,19.0,512.0,384.0,22.0,299.0,228.0,68.0,60.0,145.0,96.0,12.0,6.0,8.0,17.454545454545453,1.1578947368421053,0.1875,0.09375,7.868421052631579,6.8,9.0625,15,0.00283071265392551,0.6551724137931034,0.0018546048422270918,50.24875621890548,0,High-impact strike/control bowlers
983f2f61,983f2f61,Swapnil Singh,SMA,bowl,5,2016,2022,,,,,,,,,,,,33.0,,,,,,,33.0,792.0,694.0,32.0,128.0,108.0,525.0,498.0,139.0,88.0,12.0,0.0,6.847262247838617,21.6875,0.9696969696969697,0.10374639769452451,0.0,7.111111111111111,6.325301204819278,9.477272727272727,15,0.17817033978375657,0.7674418604651163,0.1367353770433481,59.20398009950249,0,High-impact strike/control bowlers
98ae73b1,98ae73b1,PP Chawla,SMA,bowl,6,2016,2023,,,,,,,,,,,,43.0,,,,,,,43.0,1024.0,987.0,67.0,94.0,102.0,677.0,684.0,253.0,201.0,11.0,3.0,6.224924012158056,14.73134328358209,1.558139534883721,0.0668693009118541,0.0182370820668693,5.529411764705882,5.93859649122807,7.552238805970148,15,1.444356876389887,0.8113207547169812,1.1718367110333048,99.00497512437812,0,High-impact strike/control bowlers
9d704f6f,9d704f6f,SZ Mulani,SMA,bowl,5,2018,2023,,,,,,,,,,,,31.0,,,,,,,31.0,731.0,679.0,35.0,237.0,222.0,448.0,421.0,46.0,36.0,17.0,0.0,6.459499263622975,19.4,1.1290322580645162,0.15022091310751107,0.0,6.405405405405405,6.38479809976247,7.666666666666666,15,0.6451508672826184,0.7560975609756098,0.4877969972136871,84.5771144278607,0,High-impact strike/control bowlers
9d80c5e1,9d80c5e1,S Nadeem,SMA,bowl,4,2016,2021,,,,,,,,,,,,28.0,,,,,,,28.0,680.0,647.0,29.0,128.0,114.0,429.0,414.0,123.0,119.0,13.0,1.0,6.306027820710973,22.310344827586206,1.0357142857142858,0.1205564142194745,0.00927357032457496,6.7368421052631575,6.217391304347826,6.201680672268909,15,0.4936854729890311,0.7368421052631579,0.3637682432550755,76.11940298507463,0,High-impact strike/control bowlers
9fc0ef64,9fc0ef64,PJ Sangwan,SMA,bowl,4,2016,2023,,,,,,,,,,,,18.0,,,,,,,18.0,505.0,396.0,26.0,247.0,240.0,94.0,60.0,164.0,96.0,9.0,3.0,7.651515151515152,15.23076923076923,1.4444444444444444,0.13636363636363635,0.045454545454545456,6.174999999999999,9.4,10.25,15,0.5938384010934169,0.6428571428571429,0.3817532578457681,78.60696517412936,0,High-impact strike/control bowlers
a00e1842,a00e1842,Writtick Chatterjee,SMA,bowl,4,2018,2024,,,,,,,,,,,,15.0,,,,,,,15.0,290.0,276.0,15.0,26.0,42.0,208.0,204.0,56.0,30.0,2.0,0.0,6.304347826086957,18.4,1.0,0.043478260869565216,0.0,3.7142857142857144,6.117647058823529,11.2,15,0.6143671530519099,0.6,0.368620291831146,77.11442786069652,0,High-impact strike/control bowlers
a0d66374,a0d66374,T Pradeep,SMA,bowl,3,2019,2022,,,,,,,,,,,,17.0,,,,,,,17.0,553.0,366.0,15.0,249.0,204.0,64.0,48.0,240.0,114.0,19.0,1.0,9.065573770491802,24.4,0.8823529411764706,0.3114754098360656,0.01639344262295082,7.3235294117647065,8.0,12.631578947368421,15,-1.1213874985196952,0.6296296296296297,-0.7060587953642525,8.45771144278607,3,Attacking wicket-takers
a24be938,a24be938,VR Iyer,SMA,bowl,7,2016,2024,,,,,,,,,,,,30.0,,,,,,,30.0,539.0,462.0,22.0,101.0,90.0,348.0,312.0,90.0,60.0,18.0,0.0,7.0,21.0,0.7333333333333333,0.23376623376623376,0.0,6.733333333333333,6.6923076923076925,9.0,15,-0.13955331953447572,0.75,-0.10466498965085677,40.298507462686565,2,Economy support bowlers
a2f46292,a2f46292,KK Ahmed,SMA,bowl,4,2018,2022,,,,,,,,,,,,24.0,,,,,,,24.0,642.0,520.0,34.0,211.0,180.0,137.0,126.0,294.0,214.0,23.0,4.0,7.407692307692308,15.294117647058824,1.4166666666666667,0.2653846153846154,0.046153846153846156,7.033333333333333,6.523809523809524,8.242990654205608,15,0.6789396825261576,0.7058823529411765,0.47925154060669956,84.07960199004975,0,High-impact strike/control bowlers
a457cfb5,a457cfb5,Mayank Dagar,SMA,bowl,4,2018,2022,,,,,,,,,,,,30.0,,,,,,,30.0,605.0,641.0,31.0,48.0,54.0,447.0,484.0,110.0,103.0,5.0,0.0,5.663026521060843,20.677419354838708,1.0333333333333334,0.046801872074883,0.0,5.333333333333333,5.541322314049586,6.407766990291262,15,0.8734284929936508,0.75,0.655071369745238,89.55223880597015,0,High-impact strike/control bowlers
a4e37e47,a4e37e47,S Dube,SMA,bowl,7,2016,2024,,,,,,,,,,,,34.0,,,,,,,34.0,829.0,596.0,29.0,99.0,78.0,493.0,384.0,237.0,134.0,21.0,5.0,8.345637583892618,20.551724137931036,0.8529411764705882,0.21140939597315433,0.050335570469798654,7.615384615384615,7.703125,10.611940298507463,15,-0.6438094936823556,0.7727272727272727,-0.49748915420909295,16.417910447761194,2,Economy support bowlers
a63563c0,a63563c0,Diwesh Pathania,SMA,bowl,3,2018,2021,,,,,,,,,,,,25.0,,,,,,,25.0,722.0,575.0,31.0,365.0,372.0,39.0,42.0,318.0,161.0,21.0,2.0,7.533913043478261,18.548387096774192,1.24,0.2191304347826087,0.020869565217391306,5.887096774193548,5.571428571428571,11.850931677018632,15,0.2805763313164916,0.7142857142857143,0.2004116652260655,63.18407960199005,0,High-impact strike/control bowlers
a81e957f,a81e957f,Suryakant Pradhan,SMA,bowl,3,2018,2021,,,,,,,,,,,,19.0,,,,,,,19.0,458.0,374.0,16.0,304.0,240.0,80.0,72.0,74.0,62.0,10.0,2.0,7.347593582887701,23.375,0.8421052631578947,0.16042780748663102,0.0320855614973262,7.6,6.666666666666667,7.161290322580646,15,-0.2829271144838208,0.6551724137931034,-0.18536604052388256,33.83084577114428,2,Economy support bowlers
a9fd84fb,a9fd84fb,M Markande,SMA,bowl,5,2018,2023,,,,,,,,,,,,35.0,,,,,,,35.0,868.0,704.0,35.0,55.0,54.0,714.0,583.0,99.0,67.0,11.0,1.0,7.3977272727272725,20.114285714285714,1.0,0.09375,0.008522727272727272,6.111111111111112,7.34819897084048,8.865671641791046,15,0.0076895930819453895,0.7777777777777778,0.00598079461929088,50.74626865671642,0,High-impact strike/control bowlers
ad427b5c,ad427b5c,Lalit Yadav,SMA,bowl,5,2018,2023,,,,,,,,,,,,35.0,,,,,,,35.0,754.0,667.0,25.0,141.0,132.0,474.0,438.0,139.0,97.0,14.0,0.0,6.782608695652174,26.68,0.7142857142857143,0.1259370314842579,0.0,6.409090909090908,6.493150684931507,8.597938144329897,15,-0.28839620818382405,0.7777777777777778,-0.224308161920752,31.8407960199005,2,Economy support bowlers
ade90de7,ade90de7,S Midhun,SMA,bowl,4,2018,2022,,,,,,,,,,,,24.0,,,,,,,24.0,572.0,530.0,24.0,58.0,42.0,418.0,404.0,96.0,84.0,10.0,0.0,6.475471698113207,22.083333333333332,1.0,0.11320754716981132,0.0,8.285714285714285,6.207920792079208,6.857142857142857,15,0.37896675095292015,0.7058823529411765,0.2675059418491202,69.15422885572139,0,High-impact strike/control bowlers
b2a55ac1,b2a55ac1,Utkarsh Singh,SMA,bowl,2,2019,2021,,,,,,,,,,,,16.0,,,,,,,16.0,302.0,289.0,20.0,112.0,126.0,182.0,150.0,8.0,13.0,8.0,0.0,6.269896193771626,14.45,1.25,0.16608996539792387,0.0,5.333333333333333,7.28,3.6923076923076925,15,1.0804518521620212,0.6153846153846154,0.6648934474843208,91.04477611940298,0,High-impact strike/control bowlers
bc67cc22,bc67cc22,Bavanaka Sandeep,SMA,bowl,4,2016,2021,,,,,,,,,,,,21.0,,,,,,,21.0,294.0,264.0,7.0,44.0,42.0,228.0,204.0,22.0,18.0,2.0,0.0,6.681818181818182,37.714285714285715,0.3333333333333333,0.045454545454545456,0.0,6.2857142857142865,6.705882352941177,7.333333333333334,15,-1.1297120365857807,0.6774193548387096,-0.7652887989774643,6.467661691542288,2,Economy support bowlers
bcaf7d33,bcaf7d33,RN Gurbani,SMA,bowl,3,2016,2019,,,,,,,,,,,,15.0,,,,,,,15.0,384.0,288.0,12.0,256.0,210.0,20.0,24.0,108.0,54.0,18.0,0.0,8.0,24.0,0.8,0.375,0.0,7.314285714285715,5.0,12.0,15,-0.6768530434684492,0.6,-0.40611182608106944,19.402985074626866,2,Economy support bowlers
bd17b45f,bd17b45f,STR Binny,SMA,bowl,4,2016,2021,,,,,,,,,,,,24.0,,,,,,,24.0,512.0,409.0,23.0,207.0,168.0,213.0,180.0,92.0,61.0,9.0,3.0,7.511002444987775,17.782608695652176,0.9583333333333334,0.13202933985330073,0.044009779951100246,7.392857142857143,7.1,9.049180327868852,15,0.0002463683625500701,0.7058823529411765,0.0001739070794471369,48.756218905472636,0,High-impact strike/control bowlers
bee290b6,bee290b6,Suboth Bhati,SMA,bowl,4,2016,2021,,,,,,,,,,,,33.0,,,,,,,33.0,903.0,709.0,43.0,166.0,144.0,278.0,252.0,459.0,313.0,18.0,1.0,7.6417489421720735,16.488372093023255,1.303030303030303,0.15232722143864597,0.00846262341325811,6.916666666666666,6.6190476190476195,8.798722044728436,15,0.38471053642326936,0.7674418604651163,0.29524296981320675,71.64179104477611,0,High-impact strike/control bowlers
bf6e03ea,bf6e03ea,K V Sasikanth,SMA,bowl,6,2016,2023,,,,,,,,,,,,29.0,,,,,,,29.0,827.0,590.0,25.0,236.0,186.0,373.0,282.0,218.0,122.0,41.0,1.0,8.410169491525423,23.6,0.8620689655172413,0.41694915254237286,0.010169491525423728,7.612903225806452,7.936170212765958,10.721311475409836,15,-0.7903519167214618,0.7435897435897436,-0.5876975791005742,11.940298507462686,3,Attacking wicket-takers
c05edf8e,c05edf8e,Harpreet Brar,SMA,bowl,4,2019,2023,,,,,,,,,,,,32.0,,,,,,,32.0,713.0,640.0,36.0,155.0,132.0,437.0,438.0,121.0,70.0,14.0,0.0,6.684374999999999,17.77777777777778,1.125,0.13124999999999998,0.0,7.045454545454546,5.986301369863014,10.371428571428572,15,0.596967944280195,0.7619047619047619,0.4548327194515771,82.08955223880598,0,High-impact strike/control bowlers
c18496e1,c18496e1,Bipul Sharma,SMA,bowl,4,2016,2021,,,,,,,,,,,,21.0,,,,,,,21.0,447.0,456.0,17.0,196.0,246.0,198.0,180.0,53.0,30.0,16.0,0.0,5.881578947368421,26.823529411764707,0.8095238095238095,0.21052631578947367,0.0,4.780487804878049,6.6000000000000005,10.6,15,0.25678398353747495,0.6774193548387096,0.17395044046087013,60.69651741293532,2,Economy support bowlers
c2ce55cb,c2ce55cb,Akash Bhandari,SMA,bowl,3,2016,2019,,,,,,,,,,,,16.0,,,,,,,16.0,327.0,312.0,12.0,16.0,18.0,275.0,264.0,36.0,30.0,1.0,0.0,6.288461538461538,26.0,0.75,0.019230769230769232,0.0,5.333333333333333,6.25,7.199999999999999,15,0.022853954157601664,0.6153846153846154,0.01406397178929337,51.243781094527364,2,Economy support bowlers
c2ed5822,c2ed5822,Lalhruai Ralte,SMA,bowl,4,2019,2023,,,,,,,,,,,,22.0,,,,,,,22.0,618.0,384.0,13.0,397.0,246.0,113.0,84.0,108.0,54.0,14.0,3.0,9.65625,29.53846153846154,0.5909090909090909,0.21875,0.046875,9.682926829268293,8.071428571428573,12.0,15,-1.9566470770280595,0.6875,-1.345194865456791,1.9900497512437811,1,Low-wicket expensive group
c33d8116,c33d8116,Mohsin Khan (2),SMA,bowl,5,2018,2024,,,,,,,,,,,,27.0,,,,,,,27.0,646.0,564.0,38.0,260.0,234.0,193.0,186.0,193.0,144.0,13.0,1.0,6.872340425531915,14.842105263157896,1.4074074074074074,0.1382978723404255,0.010638297872340425,6.666666666666667,6.225806451612903,8.041666666666666,15,0.9494368497627471,0.7297297297297297,0.6928322957728155,92.53731343283582,0,High-impact strike/control bowlers
c69a7b5c,c69a7b5c,AS Raut,SMA,bowl,4,2016,2021,,,,,,,,,,,,18.0,,,,,,,18.0,360.0,313.0,10.0,0.0,0.0,285.0,246.0,75.0,67.0,10.0,0.0,6.900958466453675,31.3,0.5555555555555556,0.19169329073482427,0.0,,6.951219512195122,6.716417910447761,15,-0.7184957257015379,0.6428571428571429,-0.46189010937956004,16.91542288557214,2,Economy support bowlers
c7a995d3,c7a995d3,R Sai Kishore,SMA,bowl,4,2018,2023,,,,,,,,,,,,39.0,,,,,,,39.0,761.0,843.0,44.0,293.0,336.0,350.0,395.0,118.0,112.0,33.0,0.0,5.4163701067615655,19.15909090909091,1.1282051282051282,0.23487544483985764,0.0,5.232142857142858,5.3164556962025316,6.321428571428571,15,1.1656424046834706,0.7959183673469388,0.9277561996460276,96.51741293532339,0,High-impact strike/control bowlers
c8f697bd,c8f697bd,SM Fallah,SMA,bowl,4,2016,2021,,,,,,,,,,,,28.0,,,,,,,28.0,736.0,604.0,26.0,331.0,348.0,33.0,32.0,372.0,224.0,23.0,0.0,7.311258278145695,23.23076923076923,0.9285714285714286,0.22847682119205298,0.0,5.706896551724138,6.1875,9.964285714285715,15,-0.1600043264127041,0.7368421052631579,-0.11789792472515036,38.80597014925373,2,Economy support bowlers
cb461421,cb461421,Divyang Hinganekar,SMA,bowl,3,2018,2021,,,,,,,,,,,,19.0,,,,,,,19.0,358.0,313.0,19.0,62.0,54.0,206.0,192.0,90.0,67.0,2.0,0.0,6.862619808306709,16.473684210526315,1.0,0.038338658146964855,0.0,6.888888888888889,6.4375,8.059701492537314,15,0.41982377771221513,0.6551724137931034,0.27505695781145134,69.65174129353234,0,High-impact strike/control bowlers
cb4f31e2,cb4f31e2,Bandaru Ayyappa,SMA,bowl,4,2016,2022,,,,,,,,,,,,23.0,,,,,,,23.0,657.0,513.0,29.0,310.0,264.0,89.0,70.0,258.0,179.0,14.0,1.0,7.684210526315789,17.689655172413794,1.2608695652173914,0.16374269005847952,0.011695906432748537,7.045454545454546,7.628571428571428,8.648044692737429,15,0.2661265386520026,0.696969696969697,0.18548213299988064,61.19402985074627,0,High-impact strike/control bowlers
ccae927b,ccae927b,Azim Kazi,SMA,bowl,2,2019,2021,,,,,,,,,,,,27.0,,,,,,,27.0,622.0,536.0,24.0,78.0,72.0,462.0,408.0,82.0,56.0,10.0,1.0,6.962686567164178,22.333333333333332,0.8888888888888888,0.11194029850746268,0.011194029850746268,6.5,6.794117647058823,8.785714285714285,15,0.0023238668226969184,0.7297297297297297,0.0016957947084545342,49.75124378109453,2,Economy support bowlers
cd8d2859,cd8d2859,DG Nalkande,SMA,bowl,4,2019,2024,,,,,,,,,,,,26.0,,,,,,,26.0,659.0,514.0,45.0,363.0,276.0,132.0,112.0,164.0,126.0,36.0,2.0,7.692607003891052,11.422222222222222,1.7307692307692308,0.42023346303501946,0.023346303501945526,7.891304347826088,7.071428571428571,7.80952380952381,15,1.058723264726887,0.7222222222222222,0.7646334689694183,94.02985074626866,0,High-impact strike/control bowlers
cdc6bdba,cdc6bdba,S Sandeep Warrier,SMA,bowl,5,2016,2023,,,,,,,,,,,,37.0,,,,,,,37.0,936.0,785.0,35.0,477.0,468.0,114.0,114.0,345.0,203.0,41.0,6.0,7.154140127388535,22.428571428571427,0.9459459459459459,0.313375796178344,0.04585987261146497,6.115384615384615,6.0,10.19704433497537,15,-0.030036587307586814,0.7872340425531915,-0.02364582405065343,45.77114427860697,0,High-impact strike/control bowlers
ce2b42ae,ce2b42ae,Darshan Misal,SMA,bowl,5,2016,2022,,,,,,,,,,,,33.0,,,,,,,33.0,791.0,668.0,21.0,168.0,162.0,461.0,408.0,162.0,98.0,14.0,0.0,7.104790419161677,31.80952380952381,0.6363636363636364,0.12574850299401197,0.0,6.222222222222221,6.779411764705882,9.918367346938776,15,-0.7467232724584361,0.7674418604651163,-0.5730666974681021,12.935323383084576,2,Economy support bowlers
ce794613,ce794613,T Natarajan,SMA,bowl,3,2019,2023,,,,,,,,,,,,17.0,,,,,,,17.0,429.0,333.0,16.0,134.0,132.0,77.0,60.0,218.0,141.0,17.0,0.0,7.72972972972973,20.8125,0.9411764705882353,0.3063063063063063,0.0,6.090909090909091,7.700000000000001,9.27659574468085,15,-0.2513019982148972,0.6296296296296297,-0.15822718406123154,36.318407960199,0,High-impact strike/control bowlers
ce820073,ce820073,Sandeep Sharma,SMA,bowl,4,2018,2024,,,,,,,,,,,,25.0,,,,,,,25.0,641.0,540.0,24.0,299.0,282.0,37.0,42.0,305.0,216.0,10.0,0.0,7.122222222222223,22.5,0.96,0.1111111111111111,0.0,6.361702127659575,5.285714285714286,8.472222222222221,15,-0.0012028712013645755,0.7142857142857143,-0.0008591937152603833,47.2636815920398,0,High-impact strike/control bowlers
d2550980,d2550980,Anand Singh,SMA,bowl,2,2019,2021,,,,,,,,,,,,15.0,,,,,,,15.0,266.0,192.0,7.0,0.0,0.0,230.0,162.0,36.0,30.0,19.0,1.0,8.3125,27.428571428571427,0.4666666666666667,0.59375,0.03125,,8.518518518518519,7.199999999999999,15,-1.3534226541626138,0.6,-0.8120535924975683,4.975124378109453,3,Attacking wicket-takers
d2a989fc,d2a989fc,DS Kulkarni,SMA,bowl,6,2016,2023,,,,,,,,,,,,39.0,,,,,,,39.0,1060.0,867.0,46.0,470.0,444.0,68.0,66.0,522.0,357.0,44.0,2.0,7.335640138408305,18.847826086956523,1.1794871794871795,0.3044982698961938,0.01384083044982699,6.351351351351352,6.181818181818182,8.773109243697478,15,0.29608540587124427,0.7959183673469388,0.23565981283629647,66.66666666666666,0,High-impact strike/control bowlers
d330f9b9,d330f9b9,Dharmendrasinh Jadeja,SMA,bowl,7,2016,2024,,,,,,,,,,,,38.0,,,,,,,38.0,850.0,722.0,26.0,96.0,90.0,663.0,572.0,91.0,60.0,26.0,0.0,7.063711911357341,27.76923076923077,0.6842105263157895,0.21606648199445985,0.0,6.4,6.954545454545455,9.1,15,-0.5055359512199593,0.7916666666666666,-0.4002159613824678,19.900497512437813,2,Economy support bowlers
d3611425,d3611425,LI Meriwala,SMA,bowl,6,2018,2024,,,,,,,,,,,,40.0,,,,,,,40.0,999.0,830.0,62.0,362.0,348.0,216.0,180.0,421.0,302.0,10.0,0.0,7.2216867469879515,13.387096774193548,1.55,0.07228915662650603,0.0,6.241379310344827,7.199999999999999,8.364238410596027,15,1.0015108644445438,0.8,0.8012086915556351,94.5273631840796,0,High-impact strike/control bowlers
d4b8ea98,d4b8ea98,Sayan Ghosh,SMA,bowl,4,2018,2024,,,,,,,,,,,,25.0,,,,,,,25.0,662.0,534.0,32.0,124.0,114.0,225.0,192.0,313.0,228.0,27.0,1.0,7.438202247191011,16.6875,1.28,0.3033707865168539,0.011235955056179775,6.526315789473685,7.03125,8.236842105263158,15,0.4499220417462203,0.7142857142857143,0.321372886961586,73.6318407960199,0,High-impact strike/control bowlers
d6ac52e8,d6ac52e8,Akhilesh Sahani,SMA,bowl,2,2019,2021,,,,,,,,,,,,20.0,,,,,,,20.0,530.0,393.0,25.0,276.0,234.0,90.0,51.0,164.0,108.0,22.0,0.0,8.091603053435115,15.72,1.25,0.33587786259541985,0.0,7.076923076923077,10.588235294117647,9.11111111111111,15,0.1348873313672611,0.6666666666666666,0.0899248875781741,56.21890547263681,3,Attacking wicket-takers
d7b3a420,d7b3a420,Jaskaran Singh,SMA,bowl,3,2016,2021,,,,,,,,,,,,16.0,,,,,,,16.0,402.0,346.0,18.0,160.0,150.0,61.0,66.0,181.0,130.0,11.0,2.0,6.971098265895954,19.22222222222222,1.125,0.1907514450867052,0.03468208092485549,6.4,5.545454545454545,8.353846153846153,15,0.3969582672327728,0.6153846153846154,0.2442820106047833,67.16417910447761,0,High-impact strike/control bowlers
da934ee8,da934ee8,MK Lomror,SMA,bowl,3,2018,2021,,,,,,,,,,,,16.0,,,,,,,16.0,197.0,170.0,3.0,15.0,7.0,166.0,149.0,16.0,14.0,6.0,0.0,6.952941176470588,56.666666666666664,0.1875,0.21176470588235294,0.0,12.857142857142858,6.684563758389261,6.857142857142857,15,-2.2093838021387042,0.6153846153846154,-1.3596208013161257,1.4925373134328357,1,Low-wicket expensive group
db31895a,db31895a,AS Rajpoot,SMA,bowl,4,2016,2021,,,,,,,,,,,,36.0,,,,,,,36.0,868.0,768.0,55.0,408.0,420.0,94.0,84.0,366.0,264.0,32.0,2.0,6.78125,13.963636363636363,1.5277777777777777,0.25,0.015625,5.828571428571428,6.714285714285714,8.318181818181818,15,1.1682941679909569,0.782608695652174,0.9143171749494445,96.01990049751244,0,High-impact strike/control bowlers
dc4686e6,dc4686e6,BA Bhatt,SMA,bowl,4,2016,2021,,,,,,,,,,,,19.0,,,,,,,19.0,386.0,390.0,13.0,106.0,108.0,271.0,270.0,9.0,12.0,12.0,0.0,5.938461538461539,30.0,0.6842105263157895,0.18461538461538463,0.0,5.888888888888889,6.022222222222222,4.5,15,-0.04547749062953654,0.6551724137931034,-0.029795597309006664,44.776119402985074,2,Economy support bowlers
dcf81436,dcf81436,S Kaul,SMA,bowl,6,2016,2023,,,,,,,,,,,,47.0,,,,,,,47.0,1332.0,1028.0,59.0,467.0,456.0,227.0,162.0,638.0,410.0,24.0,2.0,7.774319066147861,17.423728813559322,1.2553191489361701,0.14007782101167315,0.011673151750972763,6.144736842105264,8.407407407407408,9.336585365853658,15,0.22650953988550301,0.8245614035087719,0.18677102411611654,61.69154228855721,0,High-impact strike/control bowlers
dddca1d6,dddca1d6,SB Wagh,SMA,bowl,3,2018,2021,,,,,,,,,,,,23.0,,,,,,,23.0,517.0,451.0,32.0,319.0,306.0,4.0,12.0,194.0,133.0,19.0,1.0,6.878048780487804,14.09375,1.391304347826087,0.2527716186252772,0.013303769401330377,6.254901960784315,2.0,8.751879699248121,15,0.9589456477657567,0.696969696969697,0.6683560575337093,91.54228855721394,0,High-impact strike/control bowlers
de00b96c,de00b96c,Mayank Mishra,SMA,bowl,3,2019,2022,,,,,,,,,,,,16.0,,,,,,,16.0,368.0,317.0,18.0,102.0,84.0,176.0,186.0,90.0,47.0,3.0,1.0,6.965299684542588,17.61111111111111,1.125,0.056782334384858045,0.01892744479495268,7.285714285714285,5.67741935483871,11.48936170212766,15,0.46606186389127924,0.6153846153846154,0.2868073008561719,70.64676616915423,0,High-impact strike/control bowlers
de4b0555,de4b0555,R Shukla,SMA,bowl,3,2016,2021,,,,,,,,,,,,20.0,,,,,,,20.0,567.0,384.0,22.0,216.0,168.0,83.0,66.0,268.0,150.0,15.0,1.0,8.859375,17.454545454545453,1.1,0.234375,0.015625,7.714285714285715,7.545454545454545,10.719999999999999,15,-0.48499448333595346,0.6666666666666666,-0.32332965555730225,23.383084577114428,3,Attacking wicket-takers
df064e1a,df064e1a,Ravi Bishnoi,SMA,bowl,4,2019,2023,,,,,,,,,,,,19.0,,,,,,,19.0,420.0,438.0,29.0,30.0,30.0,305.0,336.0,85.0,72.0,21.0,0.0,5.7534246575342465,15.10344827586207,1.5263157894736843,0.2876712328767123,0.0,6.0,5.446428571428571,7.083333333333334,15,1.6237679945034769,0.6551724137931034,1.0638479963988297,98.00995024875621,0,High-impact strike/control bowlers
e0407c01,e0407c01,IC Pandey,SMA,bowl,4,2016,2021,,,,,,,,,,,,25.0,,,,,,,25.0,634.0,556.0,29.0,293.0,312.0,110.0,90.0,231.0,154.0,17.0,0.0,6.841726618705036,19.17241379310345,1.16,0.18345323741007194,0.0,5.634615384615385,7.333333333333334,9.0,15,0.5025917690077788,0.7142857142857143,0.35899412071984205,75.12437810945273,0,High-impact strike/control bowlers
e1e7f950,e1e7f950,Akshay Karnewar,SMA,bowl,5,2016,2022,,,,,,,,,,,,43.0,,,,,,,43.0,820.0,849.0,43.0,137.0,114.0,543.0,612.0,140.0,123.0,22.0,0.0,5.795053003533569,19.74418604651163,1.0,0.15547703180212014,0.0,7.2105263157894735,5.323529411764706,6.829268292682927,15,0.8088341988583703,0.8113207547169812,0.6562239726586778,90.04975124378109,0,High-impact strike/control bowlers
e2db2409,e2db2409,M Ashwin,SMA,bowl,4,2016,2021,,,,,,,,,,,,38.0,,,,,,,38.0,883.0,783.0,44.0,1.0,6.0,676.0,642.0,206.0,135.0,37.0,2.0,6.766283524904214,17.795454545454547,1.1578947368421053,0.2835249042145594,0.015325670498084292,1.0,6.317757009345794,9.155555555555555,15,0.5938032285137226,0.7916666666666666,0.4700942225733637,83.08457711442786,0,High-impact strike/control bowlers
e32d22f6,e32d22f6,Pankaj Singh,SMA,bowl,3,2016,2021,,,,,,,,,,,,15.0,,,,,,,15.0,403.0,322.0,10.0,203.0,210.0,30.0,24.0,170.0,88.0,12.0,0.0,7.509316770186335,32.2,0.6666666666666666,0.2236024844720497,0.0,5.8,7.5,11.590909090909092,15,-0.9263988207183882,0.6,-0.5558392924310329,13.930348258706468,2,Economy support bowlers
e342d310,e342d310,Pritam Das,SMA,bowl,3,2018,2021,,,,,,,,,,,,21.0,,,,,,,21.0,557.0,420.0,19.0,240.0,210.0,78.0,60.0,239.0,150.0,11.0,6.0,7.957142857142857,22.105263157894736,0.9047619047619048,0.15714285714285714,0.08571428571428572,6.857142857142857,7.800000000000001,9.559999999999999,15,-0.45775470449715583,0.6774193548387096,-0.3100918965948474,23.88059701492537,2,Economy support bowlers
e4072aa1,e4072aa1,AH Hooda,SMA,bowl,3,2016,2019,,,,,,,,,,,,24.0,,,,,,,24.0,524.0,444.0,18.0,344.0,288.0,13.0,6.0,167.0,150.0,17.0,1.0,7.081081081081081,24.666666666666668,0.75,0.22972972972972971,0.013513513513513514,7.166666666666666,13.0,6.68,15,-0.3109969369000666,0.7058823529411765,-0.21952724957651756,32.33830845771145,3,Attacking wicket-takers
e4cdf230,e4cdf230,AS Roy,SMA,bowl,2,2019,2021,,,,,,,,,,,,23.0,,,,,,,23.0,502.0,437.0,13.0,94.0,108.0,375.0,299.0,33.0,30.0,10.0,1.0,6.892448512585813,33.61538461538461,0.5652173913043478,0.13729977116704806,0.013729977116704806,5.222222222222222,7.5250836120401345,6.6000000000000005,15,-0.7984655889628114,0.696969696969697,-0.5565063195801413,13.432835820895523,2,Economy support bowlers
ec9fc54b,ec9fc54b,Akshay Wakhare,SMA,bowl,5,2016,2022,,,,,,,,,,,,40.0,,,,,,,40.0,882.0,808.0,35.0,41.0,54.0,750.0,690.0,91.0,64.0,21.0,0.0,6.54950495049505,23.085714285714285,0.875,0.15594059405940594,0.0,4.555555555555555,6.521739130434782,8.53125,15,0.15806787169316325,0.8,0.12645429735453062,58.2089552238806,2,Economy support bowlers
ed5a5510,ed5a5510,P Dubey,SMA,bowl,3,2018,2021,,,,,,,,,,,,17.0,,,,,,,17.0,339.0,291.0,17.0,23.0,12.0,287.0,246.0,29.0,33.0,2.0,0.0,6.989690721649485,17.11764705882353,1.0,0.041237113402061855,0.0,11.5,7.0,5.2727272727272725,15,0.3310261929897599,0.6296296296296297,0.20842389928984886,64.17910447761194,0,High-impact strike/control bowlers
edb3d4f8,edb3d4f8,KC Cariappa,SMA,bowl,4,2016,2023,,,,,,,,,,,,26.0,,,,,,,26.0,558.0,598.0,31.0,143.0,160.0,255.0,276.0,160.0,162.0,15.0,2.0,5.59866220735786,19.29032258064516,1.1923076923076923,0.1505016722408027,0.020066889632107024,5.362500000000001,5.543478260869565,5.925925925925926,15,1.144375145878758,0.7222222222222222,0.8264931609124364,95.02487562189054,0,High-impact strike/control bowlers
eef2536f,eef2536f,Avesh Khan,SMA,bowl,5,2018,2024,,,,,,,,,,,,28.0,,,,,,,28.0,775.0,618.0,38.0,352.0,306.0,98.0,85.0,325.0,227.0,19.0,2.0,7.524271844660195,16.263157894736842,1.3571428571428572,0.18446601941747573,0.01941747572815534,6.901960784313725,6.917647058823529,8.590308370044053,15,0.5136463043263414,0.7368421052631579,0.37847622424046207,78.1094527363184,0,High-impact strike/control bowlers
f1809c03,f1809c03,Tanay Thyagarajan,SMA,bowl,4,2018,2023,,,,,,,,,,,,16.0,,,,,,,16.0,365.0,342.0,9.0,82.0,48.0,258.0,270.0,25.0,24.0,1.0,2.0,6.403508771929824,38.0,0.5625,0.017543859649122806,0.03508771929824561,10.25,5.733333333333333,6.25,15,-0.7421406080951065,0.6153846153846154,-0.4567019126739117,17.412935323383085,2,Economy support bowlers
f19ccfad,f19ccfad,Washington Sundar,SMA,bowl,3,2018,2023,,,,,,,,,,,,27.0,,,,,,,27.0,582.0,570.0,21.0,208.0,204.0,259.0,282.0,115.0,84.0,8.0,0.0,6.126315789473685,27.142857142857142,0.7777777777777778,0.08421052631578947,0.0,6.117647058823529,5.51063829787234,8.214285714285715,15,0.08722505123726543,0.7297297297297297,0.06365071306503156,54.72636815920397,2,Economy support bowlers
f29185a1,f29185a1,Abhishek Sharma,SMA,bowl,5,2018,2023,,,,,,,,,,,,23.0,,,,,,,23.0,437.0,384.0,18.0,216.0,198.0,177.0,156.0,44.0,30.0,12.0,0.0,6.828125,21.333333333333332,0.782608695652174,0.1875,0.0,6.545454545454545,6.8076923076923075,8.799999999999999,15,-0.012461162257539304,0.696969696969697,-0.008685052482527364,46.26865671641791,2,Economy support bowlers
f3ba1bdc,f3ba1bdc,Rex Rajkumar,SMA,bowl,4,2019,2023,,,,,,,,,,,,16.0,,,,,,,16.0,351.0,269.0,8.0,234.0,198.0,61.0,46.0,56.0,25.0,5.0,1.0,7.828996282527882,33.625,0.5,0.11152416356877323,0.022304832713754646,7.090909090909092,7.956521739130434,13.440000000000001,15,-1.332929174656776,0.6153846153846154,-0.8202641074810929,4.477611940298507,1,Low-wicket expensive group
f4ef0fd7,f4ef0fd7,Sumit Ruikar,SMA,bowl,5,2018,2023,,,,,,,,,,,,19.0,,,,,,,19.0,439.0,375.0,14.0,106.0,90.0,268.0,240.0,65.0,45.0,3.0,0.0,7.024000000000001,26.785714285714285,0.7368421052631579,0.048,0.0,7.066666666666666,6.7,8.666666666666666,15,-0.3852468336711424,0.6551724137931034,-0.2524030979224725,26.865671641791046,2,Economy support bowlers
f62772e5,f62772e5,P Negi,SMA,bowl,4,2016,2021,,,,,,,,,,,,29.0,,,,,,,29.0,710.0,559.0,27.0,68.0,48.0,498.0,435.0,144.0,76.0,18.0,0.0,7.620751341681575,20.703703703703702,0.9310344827586207,0.1932021466905188,0.0,8.5,6.86896551724138,11.368421052631579,15,-0.20501884205153195,0.7435897435897436,-0.15244990819216475,36.81592039800995,2,Economy support bowlers
f6cb1703,f6cb1703,Vasuki Koushik,SMA,bowl,3,2019,2022,,,,,,,,,,,,24.0,,,,,,,24.0,693.0,523.0,29.0,279.0,276.0,49.0,36.0,365.0,211.0,21.0,3.0,7.950286806883366,18.03448275862069,1.2083333333333333,0.2409177820267686,0.03441682600382409,6.065217391304348,8.166666666666668,10.37914691943128,15,0.06120895850825839,0.7058823529411765,0.043206323652888304,54.22885572139303,0,High-impact strike/control bowlers
f6d8a7ab,f6d8a7ab,K Kartikeya,SMA,bowl,5,2019,2024,,,,,,,,,,,,16.0,,,,,,,16.0,355.0,336.0,18.0,33.0,30.0,246.0,264.0,76.0,42.0,1.0,0.0,6.339285714285714,18.666666666666668,1.125,0.017857142857142856,0.0,6.6000000000000005,5.590909090909091,10.857142857142858,15,0.7296364356213682,0.6153846153846154,0.4490070373054574,81.59203980099502,0,High-impact strike/control bowlers
f705d984,f705d984,Fabid Ahmed,SMA,bowl,4,2016,2021,,,,,,,,,,,,26.0,,,,,,,26.0,553.0,494.0,20.0,158.0,156.0,337.0,288.0,58.0,50.0,1.0,0.0,6.7165991902834,24.7,0.7692307692307693,0.012145748987854251,0.0,6.076923076923077,7.020833333333333,6.959999999999999,15,-0.11157543552141219,0.7222222222222222,-0.08058225898768655,42.28855721393035,2,Economy support bowlers
f986ca1a,f986ca1a,HV Patel,SMA,bowl,5,2016,2023,,,,,,,,,,,,25.0,,,,,,,25.0,695.0,519.0,32.0,272.0,219.0,150.0,102.0,273.0,198.0,21.0,1.0,8.034682080924856,16.21875,1.28,0.24277456647398843,0.011560693641618497,7.4520547945205475,8.823529411764707,8.272727272727273,15,0.17669697788246985,0.7142857142857143,0.12621212705890708,57.711442786069654,0,High-impact strike/control bowlers
f9e6e7ef,f9e6e7ef,Shahbaz Ahmed,SMA,bowl,4,2019,2024,,,,,,,,,,,,29.0,,,,,,,29.0,651.0,594.0,27.0,105.0,102.0,458.0,444.0,88.0,48.0,8.0,1.0,6.575757575757576,22.0,0.9310344827586207,0.0808080808080808,0.0101010101010101,6.1764705882352935,6.189189189189189,11.0,15,0.2541151910683196,0.7435897435897436,0.1889574497687505,62.189054726368155,2,Economy support bowlers
fa73f373,fa73f373,Vikas Yadav,SMA,bowl,2,2019,2021,,,,,,,,,,,,20.0,,,,,,,20.0,501.0,462.0,20.0,25.0,30.0,438.0,390.0,38.0,42.0,4.0,0.0,6.506493506493507,23.1,1.0,0.05194805194805195,0.0,5.0,6.7384615384615385,5.428571428571429,15,0.3219418054769244,0.6666666666666666,0.21462787031794964,64.6766169154229,0,High-impact strike/control bowlers
fb24e76c,fb24e76c,Monu Kumar,SMA,bowl,4,2016,2021,,,,,,,,,,,,19.0,,,,,,,19.0,468.0,413.0,26.0,247.0,240.0,22.0,36.0,199.0,137.0,22.0,0.0,6.799031476997579,15.884615384615385,1.368421052631579,0.3196125907990315,0.0,6.174999999999999,3.666666666666667,8.715328467153284,15,0.8977954254920076,0.6551724137931034,0.588210796012005,87.56218905472637,0,High-impact strike/control bowlers
fb2d1dda,fb2d1dda,N Rana,SMA,bowl,6,2018,2024,,,,,,,,,,,,28.0,,,,,,,28.0,435.0,409.0,23.0,0.0,0.0,293.0,285.0,142.0,124.0,5.0,0.0,6.381418092909535,17.782608695652176,0.8214285714285714,0.07334963325183375,0.0,,6.1684210526315795,6.870967741935484,15,0.39715122660210855,0.7368421052631579,0.29263774591734315,71.14427860696517,0,High-impact strike/control bowlers
fcd1dd35,fcd1dd35,Ayush Jamwal,SMA,bowl,2,2019,2021,,,,,,,,,,,,20.0,,,,,,,20.0,436.0,434.0,13.0,107.0,114.0,251.0,249.0,78.0,71.0,11.0,0.0,6.0276497695852544,33.38461538461539,0.65,0.15207373271889402,0.0,5.631578947368421,6.048192771084338,6.591549295774648,15,-0.2676506669331681,0.6666666666666666,-0.17843377795544535,34.32835820895522,2,Economy support bowlers
fdf7491e,fdf7491e,IC Porel,SMA,bowl,3,2019,2023,,,,,,,,,,,,21.0,,,,,,,21.0,495.0,456.0,26.0,258.0,270.0,44.0,36.0,193.0,150.0,13.0,2.0,6.5131578947368425,17.53846153846154,1.2380952380952381,0.17105263157894735,0.02631578947368421,5.733333333333333,7.333333333333334,7.72,15,0.8204873450236043,0.6774193548387096,0.5558140079192158,86.56716417910447,0,High-impact strike/control bowlers
fe473dc2,fe473dc2,Ishwar Chaudhary,SMA,bowl,2,2018,2019,,,,,,,,,,,,16.0,,,,,,,16.0,413.0,286.0,11.0,298.0,216.0,29.0,18.0,86.0,52.0,22.0,1.0,8.664335664335663,26.0,0.6875,0.46153846153846156,0.02097902097902098,8.277777777777777,9.666666666666668,9.923076923076923,15,-1.2139180216287617,0.6153846153846154,-0.7470264748484688,7.462686567164178,3,Attacking wicket-takers
fe5f2e48,fe5f2e48,RL Jangid,SMA,bowl,3,2016,2019,,,,,,,,,,,,20.0,,,,,,,20.0,419.0,378.0,15.0,79.0,78.0,236.0,228.0,104.0,72.0,12.0,0.0,6.65079365079365,25.2,0.75,0.19047619047619047,0.0,6.076923076923077,6.210526315789474,8.666666666666666,15,-0.12192584712175325,0.6666666666666666,-0.0812838980811688,41.7910447761194,2,Economy support bowlers
034b4b7d,034b4b7d,VRV Singh,IPL,bowl,3,2008,2010,,,,,,,,,,,,18.0,,,,,,,18.0,542.0,360.0,12.0,134.0,78.0,250.0,174.0,158.0,108.0,7.0,4.0,9.033333333333333,30.0,0.6666666666666666,0.11666666666666667,0.06666666666666667,10.307692307692307,8.620689655172413,8.777777777777779,10,-0.6044815919640618,0.6428571428571429,-0.38859530911975415,16.225165562913908,2,Economy support bowlers
03806cf8,03806cf8,JR Hazlewood,IPL,bowl,6,2020,2026,,,,,,,,,,,,49.0,,,,,,,49.0,1559.0,1104.0,69.0,813.0,612.0,228.0,181.0,518.0,311.0,31.0,2.0,8.472826086956523,16.0,1.4081632653061225,0.16847826086956522,0.010869565217391304,7.970588235294118,7.558011049723756,9.993569131832798,10,0.8477809850594016,0.8305084745762712,0.704089292676452,92.3841059602649,0,High-impact strike/control bowlers
04a418e8,04a418e8,R Parag,IPL,bowl,7,2019,2026,,,,,,,,,,,,34.0,,,,,,,34.0,515.0,319.0,9.0,16.0,12.0,468.0,294.0,31.0,13.0,17.0,0.0,9.68652037617555,35.44444444444444,0.2647058823529412,0.31974921630094044,0.0,8.0,9.551020408163264,14.307692307692307,10,-1.4682833492330338,0.7727272727272727,-1.134582588043708,1.6556291390728477,1,Low-wicket expensive group
05c2ca46,05c2ca46,RE van der Merwe,IPL,bowl,5,2009,2013,,,,,,,,,,,,21.0,,,,,,,21.0,498.0,443.0,21.0,56.0,36.0,317.0,312.0,125.0,95.0,12.0,0.0,6.744920993227991,21.095238095238095,1.0,0.16252821670428894,0.0,9.333333333333334,6.096153846153846,7.894736842105264,10,0.9328598547182231,0.6774193548387096,0.6319373209381509,90.06622516556291,0,High-impact strike/control bowlers
0994d0ae,0994d0ae,V Shankar,IPL,bowl,6,2014,2022,,,,,,,,,,,,22.0,,,,,,,22.0,344.0,238.0,9.0,14.0,8.0,264.0,185.0,66.0,45.0,16.0,5.0,8.672268907563025,26.444444444444443,0.4090909090909091,0.40336134453781514,0.12605042016806722,10.5,8.562162162162164,8.799999999999999,10,-0.6440960848937864,0.6875,-0.4428160583644783,12.582781456953644,3,Attacking wicket-takers
0a3d54b9,0a3d54b9,VR Aaron,IPL,bowl,9,2011,2022,,,,,,,,,,,,50.0,,,,,,,50.0,1481.0,994.0,44.0,555.0,384.0,535.0,402.0,391.0,208.0,72.0,8.0,8.939637826961771,22.59090909090909,0.88,0.4346076458752515,0.048289738430583505,8.671875,7.985074626865672,11.278846153846153,10,-0.11543698535319659,0.8333333333333334,-0.09619748779433056,38.079470198675494,3,Attacking wicket-takers
0a67aec0,0a67aec0,Akash Deep,IPL,bowl,4,2022,2025,,,,,,,,,,,,14.0,,,,,,,14.0,548.0,278.0,10.0,219.0,120.0,212.0,114.0,117.0,44.0,24.0,4.0,11.827338129496402,27.8,0.7142857142857143,0.5179856115107914,0.08633093525179857,10.95,11.157894736842106,15.954545454545455,10,-1.5974174658109759,0.5833333333333334,-0.9318268550564027,3.9735099337748347,3,Attacking wicket-takers
0a8fce53,0a8fce53,Mustafizur Rahman,IPL,bowl,8,2016,2025,,,,,,,,,,,,60.0,,,,,,,60.0,1849.0,1364.0,65.0,549.0,462.0,424.0,326.0,876.0,576.0,51.0,8.0,8.133431085043988,20.984615384615385,1.0833333333333333,0.2243401759530792,0.03519061583577712,7.129870129870129,7.803680981595092,9.125,10,0.477193222546187,0.8571428571428571,0.40902276218244593,77.15231788079471,0,High-impact strike/control bowlers
0c2730df,0c2730df,A Kumble,IPL,bowl,3,2008,2010,,,,,,,,,,,,42.0,,,,,,,42.0,1058.0,965.0,45.0,88.0,108.0,758.0,690.0,212.0,167.0,26.0,5.0,6.5782383419689126,21.444444444444443,1.0714285714285714,0.1616580310880829,0.031088082901554404,4.888888888888888,6.591304347826087,7.616766467065869,10,1.068274594049622,0.8076923076923077,0.8628371721170024,97.68211920529801,0,High-impact strike/control bowlers
0c9652b0,0c9652b0,HR Shokeen,IPL,bowl,2,2022,2023,,,,,,,,,,,,13.0,,,,,,,13.0,314.0,204.0,5.0,67.0,54.0,223.0,144.0,24.0,6.0,11.0,2.0,9.23529411764706,40.8,0.38461538461538464,0.3235294117647059,0.058823529411764705,7.444444444444445,9.291666666666668,24.0,10,-1.3111909548230123,0.5652173913043478,-0.7411079309869201,6.95364238410596,1,Low-wicket expensive group
0dc00542,0dc00542,Shahid Afridi,IPL,bowl,1,2008,2008,,,,,,,,,,,,10.0,,,,,,,10.0,225.0,180.0,9.0,26.0,24.0,142.0,120.0,57.0,36.0,4.0,1.0,7.5,20.0,0.9,0.13333333333333333,0.03333333333333333,6.5,7.1,9.5,10,0.553662163062729,0.5,0.2768310815313643,68.54304635761589,2,Economy support bowlers
0f12f9df,0f12f9df,NLTC Perera,IPL,bowl,6,2010,2016,,,,,,,,,,,,36.0,,,,,,,36.0,1016.0,698.0,31.0,220.0,180.0,361.0,288.0,435.0,230.0,15.0,3.0,8.73352435530086,22.516129032258064,0.8611111111111112,0.12893982808022922,0.025787965616045846,7.333333333333334,7.520833333333334,11.347826086956522,10,-0.052393136926816554,0.782608695652174,-0.041003324551421735,43.70860927152318,2,Economy support bowlers
0f721006,0f721006,JO Holder,IPL,bowl,8,2013,2026,,,,,,,,,,,,53.0,,,,,,,53.0,1642.0,1153.0,66.0,516.0,354.0,610.0,471.0,516.0,328.0,59.0,4.0,8.544666088464876,17.46969696969697,1.2452830188679245,0.3070251517779705,0.020815264527320035,8.745762711864407,7.770700636942674,9.439024390243903,10,0.5956995158717481,0.8412698412698413,0.5011440371619467,82.78145695364239,3,Attacking wicket-takers
119678fd,119678fd,KV Sharma,IPL,bowl,11,2013,2025,,,,,,,,,,,,87.0,,,,,,,87.0,2215.0,1585.0,83.0,187.0,156.0,1811.0,1308.0,217.0,121.0,26.0,0.0,8.384858044164037,19.096385542168676,0.9540229885057471,0.09842271293375396,0.0,7.192307692307692,8.307339449541285,10.760330578512397,10,0.2884573633895535,0.8969072164948454,0.2587194908751665,67.21854304635761,2,Economy support bowlers
12314277,12314277,Arshad Khan (2),IPL,bowl,4,2023,2026,,,,,,,,,,,,23.0,,,,,,,23.0,637.0,340.0,17.0,322.0,186.0,129.0,72.0,186.0,82.0,38.0,1.0,11.241176470588236,20.0,0.7391304347826086,0.6705882352941177,0.01764705882352941,10.387096774193548,10.75,13.609756097560975,10,-1.1108314482126784,0.696969696969697,-0.7742158578452003,6.622516556291391,3,Attacking wicket-takers
12eddf28,12eddf28,RJ Harris,IPL,bowl,5,2009,2013,,,,,,,,,,,,37.0,,,,,,,37.0,1047.0,832.0,45.0,456.0,426.0,167.0,132.0,424.0,274.0,48.0,1.0,7.550480769230768,18.488888888888887,1.2162162162162162,0.34615384615384615,0.007211538461538462,6.422535211267605,7.590909090909091,9.284671532846716,10,0.9286933694757397,0.7872340425531915,0.7310990355447311,93.70860927152319,0,High-impact strike/control bowlers
133bbd61,133bbd61,Brijesh Sharma,IPL,bowl,1,2026,2026,,,,,,,,,,,,10.0,,,,,,,10.0,349.0,209.0,11.0,104.0,54.0,102.0,78.0,143.0,77.0,17.0,2.0,10.019138755980862,19.0,1.1,0.4880382775119617,0.057416267942583726,11.555555555555555,7.846153846153847,11.142857142857142,10,-0.19564359596772185,0.5,-0.09782179798386112,37.74834437086093,3,Attacking wicket-takers
13c35c9e,13c35c9e,TG Southee,IPL,bowl,10,2011,2023,,,,,,,,,,,,54.0,,,,,,,54.0,1742.0,1206.0,47.0,849.0,636.0,284.0,222.0,609.0,348.0,56.0,4.0,8.666666666666666,25.659574468085108,0.8703703703703703,0.2786069651741293,0.01990049751243781,8.00943396226415,7.675675675675675,10.5,10,-0.10671367172721359,0.84375,-0.09003966051983653,38.741721854304636,3,Attacking wicket-takers
13fc5c6d,13fc5c6d,DS Rathi,IPL,bowl,2,2025,2026,,,,,,,,,,,,22.0,,,,,,,22.0,787.0,528.0,19.0,199.0,132.0,441.0,312.0,147.0,84.0,17.0,2.0,8.943181818181818,27.789473684210527,0.8636363636363636,0.19318181818181818,0.022727272727272728,9.045454545454545,8.480769230769232,10.5,10,-0.28577699904730974,0.6875,-0.19647168684502556,30.4635761589404,3,Attacking wicket-takers
14f96089,14f96089,A Zampa,IPL,bowl,5,2016,2025,,,,,,,,,,,,22.0,,,,,,,22.0,652.0,467.0,31.0,47.0,42.0,439.0,336.0,166.0,89.0,13.0,0.0,8.376873661670237,15.064516129032258,1.4090909090909092,0.16702355460385437,0.0,6.714285714285714,7.839285714285714,11.191011235955056,10,0.914047168362474,0.6875,0.6284074282492008,89.73509933774835,0,High-impact strike/control bowlers
16043342,16043342,AB McDonald,IPL,bowl,5,2009,2013,,,,,,,,,,,,10.0,,,,,,,10.0,261.0,186.0,11.0,64.0,42.0,146.0,114.0,51.0,30.0,2.0,0.0,8.419354838709678,16.90909090909091,1.1,0.06451612903225806,0.0,9.142857142857142,7.684210526315789,10.2,10,0.5003410440871066,0.5,0.2501705220435531,65.89403973509934,0,High-impact strike/control bowlers
1a0c3177,1a0c3177,P Awana,IPL,bowl,3,2012,2014,,,,,,,,,,,,33.0,,,,,,,33.0,1029.0,747.0,39.0,357.0,270.0,365.0,306.0,307.0,171.0,23.0,6.0,8.265060240963855,19.153846153846153,1.1818181818181819,0.1847389558232932,0.048192771084337345,7.933333333333334,7.156862745098039,10.771929824561404,10,0.5874069690597535,0.7674418604651163,0.4508006971853922,80.13245033112582,0,High-impact strike/control bowlers
1abb78f8,1abb78f8,SN Thakur,IPL,bowl,11,2015,2026,,,,,,,,,,,,108.0,,,,,,,108.0,3473.0,2178.0,117.0,1142.0,724.0,1020.0,717.0,1311.0,737.0,149.0,11.0,9.567493112947659,18.615384615384617,1.0833333333333333,0.4104683195592287,0.030303030303030304,9.464088397790055,8.535564853556485,10.672998643147897,10,-0.023633841229055014,0.9152542372881356,-0.021630973328287673,45.6953642384106,3,Attacking wicket-takers
1c2a64cd,1c2a64cd,A Ashish Reddy,IPL,bowl,4,2012,2016,,,,,,,,,,,,20.0,,,,,,,20.0,396.0,262.0,18.0,20.0,6.0,209.0,155.0,167.0,101.0,8.0,2.0,9.068702290076336,14.555555555555555,0.9,0.183206106870229,0.04580152671755725,20.0,8.09032258064516,9.92079207920792,10,0.08854263828479891,0.6666666666666666,0.059028425523199146,53.31125827814569,3,Attacking wicket-takers
1c914163,1c914163,Yuvraj Singh,IPL,bowl,10,2008,2018,,,,,,,,,,,,73.0,,,,,,,73.0,1077.0,869.0,36.0,0.0,0.0,925.0,756.0,152.0,113.0,12.0,1.0,7.436133486766398,24.13888888888889,0.4931506849315068,0.08285385500575373,0.006904487917146145,,7.341269841269841,8.070796460176991,10,0.007066229147377586,0.8795180722891566,0.006214876238054939,47.019867549668874,2,Economy support bowlers
1da489ff,1da489ff,S Kaushik,IPL,bowl,2,2016,2017,,,,,,,,,,,,10.0,,,,,,,10.0,297.0,204.0,6.0,37.0,18.0,203.0,162.0,57.0,24.0,5.0,1.0,8.735294117647058,34.0,0.6,0.14705882352941177,0.029411764705882353,12.333333333333332,7.518518518518519,14.25,10,-0.6761684353523388,0.5,-0.3380842176761696,18.874172185430464,1,Low-wicket expensive group
1dc12ab9,1dc12ab9,SK Raina,IPL,bowl,11,2008,2019,,,,,,,,,,,,69.0,,,,,,,69.0,1118.0,908.0,25.0,82.0,66.0,849.0,713.0,187.0,129.0,22.0,0.0,7.387665198237885,36.32,0.36231884057971014,0.14537444933920707,0.0,7.454545454545455,7.14446002805049,8.69767441860465,10,-0.47226044038221804,0.8734177215189873,-0.41248063780219046,14.56953642384106,2,Economy support bowlers
1e66c162,1e66c162,JD Unadkat,IPL,bowl,17,2010,2026,,,,,,,,,,,,115.0,,,,,,,115.0,3504.0,2351.0,114.0,1119.0,852.0,1171.0,834.0,1214.0,665.0,73.0,1.0,8.942577626541897,20.62280701754386,0.991304347826087,0.1863037005529562,0.002552105487026797,7.880281690140844,8.424460431654676,10.953383458646616,10,0.0641080407588134,0.92,0.05897939749810831,52.980132450331126,3,Attacking wicket-takers
2049f3a0,2049f3a0,SJ Srivastava,IPL,bowl,2,2010,2011,,,,,,,,,,,,14.0,,,,,,,14.0,441.0,282.0,14.0,209.0,132.0,144.0,96.0,88.0,54.0,31.0,1.0,9.382978723404255,20.142857142857142,1.0,0.6595744680851064,0.02127659574468085,9.5,9.0,9.777777777777777,10,-0.0872183873739658,0.5833333333333334,-0.05087739263481354,42.384105960264904,3,Attacking wicket-takers
21d4e29b,21d4e29b,Navdeep Saini,IPL,bowl,6,2019,2026,,,,,,,,,,,,33.0,,,,,,,33.0,1017.0,682.0,24.0,408.0,288.0,310.0,210.0,299.0,184.0,27.0,12.0,8.947214076246334,28.416666666666668,0.7272727272727273,0.2375366568914956,0.1055718475073314,8.5,8.857142857142858,9.75,10,-0.45704158904116066,0.7674418604651163,-0.35075284740368157,18.211920529801322,3,Attacking wicket-takers
23eeb873,23eeb873,DL Chahar,IPL,bowl,10,2016,2026,,,,,,,,,,,,101.0,,,,,,,101.0,2796.0,2026.0,93.0,2107.0,1569.0,363.0,258.0,326.0,199.0,99.0,7.0,8.28035538005923,21.78494623655914,0.9207920792079208,0.29318854886475815,0.02073050345508391,8.05736137667304,8.44186046511628,9.829145728643216,10,0.2150800600543453,0.9099099099099099,0.19570347806746732,62.251655629139066,3,Attacking wicket-takers
244048f6,244048f6,Arshdeep Singh,IPL,bowl,8,2019,2026,,,,,,,,,,,,94.0,,,,,,,94.0,3059.0,2014.0,111.0,1434.0,990.0,526.0,354.0,1099.0,670.0,138.0,6.0,9.11320754716981,18.144144144144143,1.1808510638297873,0.41112214498510424,0.01787487586891758,8.690909090909091,8.915254237288135,9.84179104477612,10,0.27877430951079285,0.9038461538461539,0.25196908744244734,66.22516556291392,3,Attacking wicket-takers
245c97cb,245c97cb,TS Mills,IPL,bowl,2,2017,2022,,,,,,,,,,,,10.0,,,,,,,10.0,343.0,209.0,11.0,103.0,72.0,131.0,72.0,109.0,65.0,15.0,0.0,9.84688995215311,19.0,1.1,0.430622009569378,0.0,8.583333333333334,10.916666666666666,10.061538461538461,10,-0.12723549658347033,0.5,-0.06361774829173536,41.72185430463576,3,Attacking wicket-takers
2498e163,2498e163,JR Hopes,IPL,bowl,2,2008,2011,,,,,,,,,,,,20.0,,,,,,,20.0,548.0,360.0,14.0,25.0,18.0,311.0,234.0,212.0,108.0,9.0,0.0,9.133333333333333,25.714285714285715,0.7,0.15000000000000002,0.0,8.333333333333332,7.9743589743589745,11.777777777777779,10,-0.4828857123152737,0.6666666666666666,-0.32192380821018257,20.52980132450331,3,Attacking wicket-takers
24d94623,24d94623,Ankit Sharma,IPL,bowl,7,2012,2018,,,,,,,,,,,,21.0,,,,,,,21.0,450.0,367.0,12.0,152.0,144.0,249.0,198.0,49.0,25.0,14.0,0.0,7.356948228882834,30.583333333333332,0.5714285714285714,0.22888283378746593,0.0,6.333333333333334,7.545454545454545,11.76,10,-0.06141860842506666,0.6774193548387096,-0.04160615409440012,43.377483443708606,2,Economy support bowlers
25228673,25228673,Harsh Dubey,IPL,bowl,2,2025,2026,,,,,,,,,,,,11.0,,,,,,,11.0,326.0,192.0,13.0,95.0,54.0,189.0,108.0,42.0,30.0,9.0,0.0,10.1875,14.76923076923077,1.1818181818181819,0.28125,0.0,10.555555555555555,10.5,8.399999999999999,10,-0.048932802146391396,0.5238095238095238,-0.025631467790967102,45.36423841059602,3,Attacking wicket-takers
25eeb281,25eeb281,PC Valthaty,IPL,bowl,2,2011,2012,,,,,,,,,,,,10.0,,,,,,,10.0,205.0,151.0,7.0,0.0,0.0,175.0,132.0,30.0,19.0,6.0,0.0,8.14569536423841,21.571428571428573,0.7,0.23841059602649006,0.0,,7.954545454545454,9.473684210526315,10,0.029492361266062958,0.5,0.014746180633031288,48.34437086092716,2,Economy support bowlers
26a85969,26a85969,R Dhawan,IPL,bowl,7,2013,2024,,,,,,,,,,,,36.0,,,,,,,36.0,891.0,662.0,25.0,204.0,156.0,527.0,414.0,160.0,92.0,37.0,3.0,8.075528700906345,26.48,0.6944444444444444,0.33534743202416917,0.02719033232628399,7.846153846153847,7.637681159420291,10.434782608695652,10,-0.09115825076323536,0.782608695652174,-0.0713412397277495,40.06622516556291,2,Economy support bowlers
2815fe50,2815fe50,AA Jhunjhunwala,IPL,bowl,3,2010,2012,,,,,,,,,,,,10.0,,,,,,,10.0,129.0,85.0,1.0,47.0,30.0,80.0,54.0,2.0,1.0,3.0,0.0,9.105882352941176,85.0,0.1,0.21176470588235294,0.0,9.4,8.88888888888889,12.0,10,-2.8577267133022275,0.5,-1.428863356651114,0.9933774834437087,1,Low-wicket expensive group
29d72eb2,29d72eb2,AA Chavan,IPL,bowl,3,2011,2013,,,,,,,,,,,,13.0,,,,,,,13.0,326.0,248.0,8.0,155.0,144.0,139.0,90.0,32.0,14.0,8.0,0.0,7.887096774193548,31.0,0.6153846153846154,0.1935483870967742,0.0,6.458333333333333,9.266666666666667,13.714285714285714,10,-0.23522154424283045,0.5652173913043478,-0.13295130761551302,35.099337748344375,1,Low-wicket expensive group
2a2e6343,2a2e6343,DT Christian,IPL,bowl,6,2011,2021,,,,,,,,,,,,49.0,,,,,,,49.0,1192.0,883.0,38.0,254.0,180.0,575.0,492.0,363.0,211.0,37.0,3.0,8.099660249150622,23.236842105263158,0.7755102040816326,0.25141562853907135,0.020385050962627407,8.466666666666667,7.012195121951219,10.322274881516588,10,0.08335694469546438,0.8305084745762712,0.06922864898436866,53.973509933774835,2,Economy support bowlers
2a72fd4f,2a72fd4f,Harmeet Singh,IPL,bowl,5,2009,2013,,,,,,,,,,,,27.0,,,,,,,27.0,697.0,525.0,26.0,124.0,84.0,399.0,312.0,174.0,129.0,28.0,4.0,7.965714285714286,20.192307692307693,0.9629629629629629,0.32,0.045714285714285714,8.857142857142858,7.6730769230769225,8.093023255813954,10,0.43306858289083827,0.7297297297297297,0.31602301994736837,70.86092715231787,0,High-impact strike/control bowlers
2af1b6d2,2af1b6d2,AN Ahmed,IPL,bowl,6,2010,2015,,,,,,,,,,,,17.0,,,,,,,17.0,498.0,344.0,12.0,173.0,138.0,149.0,114.0,176.0,92.0,26.0,5.0,8.686046511627907,28.666666666666668,0.7058823529411765,0.45348837209302323,0.0872093023255814,7.521739130434783,7.842105263157896,11.478260869565219,10,-0.38433030656771755,0.6296296296296297,-0.24198574857967417,27.1523178807947,3,Attacking wicket-takers
2cdce1be,2cdce1be,C Sakariya,IPL,bowl,4,2021,2025,,,,,,,,,,,,20.0,,,,,,,20.0,638.0,444.0,20.0,224.0,198.0,179.0,120.0,235.0,126.0,32.0,5.0,8.621621621621621,22.2,1.0,0.43243243243243246,0.06756756756756757,6.787878787878787,8.95,11.19047619047619,10,0.15549629780247406,0.6666666666666666,0.10366419853498259,56.29139072847682,3,Attacking wicket-takers
2cffab74,2cffab74,Mukesh Kumar,IPL,bowl,4,2023,2026,,,,,,,,,,,,42.0,,,,,,,42.0,1455.0,824.0,42.0,583.0,366.0,283.0,176.0,589.0,282.0,48.0,7.0,10.594660194174757,19.61904761904762,1.0,0.34951456310679613,0.050970873786407765,9.557377049180328,9.647727272727273,12.53191489361702,10,-0.5532438841192968,0.8076923076923077,-0.44685082948097055,12.251655629139073,3,Attacking wicket-takers
2e11c706,2e11c706,BCJ Cutting,IPL,bowl,5,2014,2019,,,,,,,,,,,,17.0,,,,,,,17.0,429.0,281.0,10.0,68.0,42.0,215.0,163.0,146.0,76.0,7.0,0.0,9.160142348754448,28.1,0.5882352941176471,0.1494661921708185,0.0,9.714285714285715,7.914110429447852,11.526315789473685,10,-0.6868672911023666,0.6296296296296297,-0.43247199810149023,12.91390728476821,1,Low-wicket expensive group
2e171977,2e171977,AR Patel,IPL,bowl,13,2014,2026,,,,,,,,,,,,172.0,,,,,,,172.0,4399.0,3561.0,138.0,906.0,690.0,2949.0,2489.0,544.0,382.0,68.0,0.0,7.4119629317607405,25.804347826086957,0.8023255813953488,0.11457455770850886,0.0,7.878260869565217,7.108879067898754,8.544502617801047,10,0.31180457698515457,0.945054945054945,0.2946724573705856,69.86754966887418,2,Economy support bowlers
2e78f685,2e78f685,KR Sen,IPL,bowl,3,2022,2024,,,,,,,,,,,,12.0,,,,,,,12.0,387.0,241.0,14.0,61.0,42.0,190.0,138.0,136.0,61.0,13.0,2.0,9.634854771784234,17.214285714285715,1.1666666666666667,0.3236514522821577,0.049792531120331954,8.714285714285714,8.26086956521739,13.377049180327868,10,0.0828127967797059,0.5454545454545454,0.04517061642529396,51.324503311258276,3,Attacking wicket-takers
2e81a32d,2e81a32d,B Kumar,IPL,bowl,16,2011,2026,,,,,,,,,,,,203.0,,,,,,,203.0,5805.0,4528.0,222.0,2730.0,2507.0,628.0,446.0,2447.0,1575.0,188.0,13.0,7.69213780918728,20.396396396396398,1.0935960591133005,0.24911660777385158,0.017226148409893994,6.533705624252094,8.448430493273543,9.321904761904761,10,0.6809095642940795,0.9530516431924883,0.6489419791159536,91.05960264900662,0,High-impact strike/control bowlers
2e8994e7,2e8994e7,JP Duminy,IPL,bowl,8,2009,2018,,,,,,,,,,,,49.0,,,,,,,49.0,834.0,678.0,23.0,199.0,162.0,548.0,462.0,87.0,54.0,32.0,0.0,7.380530973451327,29.47826086956522,0.46938775510204084,0.2831858407079646,0.0,7.37037037037037,7.116883116883117,9.666666666666668,10,-0.15208651888270322,0.8305084745762712,-0.12630914280088917,35.430463576158935,2,Economy support bowlers
2ed569a0,2ed569a0,RD Chahar,IPL,bowl,9,2017,2026,,,,,,,,,,,,79.0,,,,,,,79.0,2196.0,1694.0,75.0,93.0,72.0,1868.0,1452.0,235.0,170.0,39.0,1.0,7.778040141676506,22.586666666666666,0.9493670886075949,0.1381345926800472,0.0035419126328217233,7.75,7.7190082644628095,8.294117647058822,10,0.42306518930877973,0.8876404494382022,0.3755297747797033,74.83443708609272,2,Economy support bowlers
2f49c897,2f49c897,Mohammed Siraj,IPL,bowl,10,2017,2026,,,,,,,,,,,,121.0,,,,,,,121.0,3761.0,2588.0,123.0,1905.0,1398.0,590.0,456.0,1266.0,734.0,180.0,8.0,8.719474497681608,21.040650406504064,1.0165289256198347,0.41731066460587324,0.01854714064914992,8.17596566523605,7.763157894736842,10.348773841961853,10,0.16861542332840374,0.9236641221374046,0.15574401696745685,60.264900662251655,3,Attacking wicket-takers
2f9d0389,2f9d0389,LH Ferguson,IPL,bowl,9,2017,2026,,,,,,,,,,,,52.0,,,,,,,52.0,1673.0,1092.0,54.0,462.0,299.0,602.0,456.0,609.0,337.0,58.0,9.0,9.192307692307693,20.22222222222222,1.0384615384615385,0.31868131868131866,0.049450549450549455,9.270903010033445,7.921052631578947,10.84272997032641,10,0.028928200768902512,0.8387096774193549,0.024262361935208497,49.00662251655629,3,Attacking wicket-takers
30df8c66,30df8c66,Simarjeet Singh,IPL,bowl,3,2022,2025,,,,,,,,,,,,14.0,,,,,,,14.0,400.0,240.0,11.0,205.0,126.0,131.0,78.0,64.0,36.0,18.0,2.0,10.0,21.818181818181817,0.7857142857142857,0.44999999999999996,0.05,9.761904761904763,10.076923076923077,10.666666666666666,10,-0.6188820938532797,0.5833333333333334,-0.3610145547477467,17.880794701986755,3,Attacking wicket-takers
3204c99f,3204c99f,G Coetzee,IPL,bowl,2,2024,2025,,,,,,,,,,,,14.0,,,,,,,14.0,472.0,273.0,15.0,119.0,66.0,177.0,108.0,176.0,99.0,26.0,1.0,10.373626373626374,18.2,1.0714285714285714,0.5714285714285714,0.021978021978021976,10.818181818181818,9.833333333333332,10.666666666666666,10,-0.3449653398540453,0.5833333333333334,-0.2012297815815266,29.13907284768212,3,Attacking wicket-takers
32198ae0,32198ae0,MC Henriques,IPL,bowl,8,2009,2021,,,,,,,,,,,,60.0,,,,,,,60.0,1289.0,950.0,42.0,275.0,203.0,857.0,649.0,157.0,98.0,32.0,1.0,8.141052631578948,22.61904761904762,0.7,0.20210526315789473,0.00631578947368421,8.12807881773399,7.922958397534669,9.612244897959183,10,0.0009558281383980835,0.8571428571428571,0.0008192812614840169,46.35761589403973,2,Economy support bowlers
327b58d3,327b58d3,PVD Chameera,IPL,bowl,4,2022,2026,,,,,,,,,,,,20.0,,,,,,,20.0,648.0,396.0,13.0,324.0,204.0,127.0,90.0,197.0,102.0,25.0,3.0,9.818181818181818,30.46153846153846,0.65,0.3787878787878788,0.045454545454545456,9.529411764705882,8.466666666666667,11.588235294117647,10,-0.9480797968183055,0.6666666666666666,-0.6320531978788704,8.940397350993377,3,Attacking wicket-takers
33a364a6,33a364a6,R Bhatia,IPL,bowl,10,2008,2017,,,,,,,,,,,,91.0,,,,,,,91.0,2020.0,1636.0,71.0,25.0,12.0,1662.0,1393.0,333.0,231.0,32.0,2.0,7.408312958435207,23.04225352112676,0.7802197802197802,0.11735941320293398,0.007334963325183374,12.5,7.158650394831299,8.649350649350648,10,0.3687978981800285,0.900990099009901,0.33228325479586723,72.84768211920529,2,Economy support bowlers
342d8ade,342d8ade,CRD Fernando,IPL,bowl,2,2008,2010,,,,,,,,,,,,10.0,,,,,,,10.0,298.0,234.0,17.0,87.0,78.0,83.0,72.0,128.0,84.0,11.0,8.0,7.6410256410256405,13.764705882352942,1.7,0.28205128205128205,0.20512820512820515,6.6923076923076925,6.916666666666666,9.142857142857142,10,1.5671273369961478,0.5,0.7835636684980737,96.68874172185431,0,High-impact strike/control bowlers
350bb1b1,350bb1b1,AF Milne,IPL,bowl,5,2016,2026,,,,,,,,,,,,11.0,,,,,,,11.0,368.0,227.0,7.0,175.0,108.0,85.0,54.0,108.0,65.0,15.0,1.0,9.726872246696034,32.42857142857143,0.6363636363636364,0.3964757709251101,0.026431718061674013,9.722222222222223,9.444444444444445,9.96923076923077,10,-0.9840068485381571,0.5238095238095238,-0.5154321587580826,10.927152317880795,3,Attacking wicket-takers
35205dfc,35205dfc,DR Smith,IPL,bowl,9,2008,2017,,,,,,,,,,,,46.0,,,,,,,46.0,810.0,539.0,26.0,121.0,66.0,534.0,402.0,155.0,71.0,19.0,4.0,9.01669758812616,20.73076923076923,0.5652173913043478,0.21150278293135433,0.04452690166975881,11.0,7.970149253731344,13.098591549295776,10,-0.44176362097680183,0.8214285714285714,-0.36287726008808724,17.549668874172188,3,Attacking wicket-takers
36619795,36619795,Zeeshan Ansari,IPL,bowl,1,2025,2025,,,,,,,,,,,,10.0,,,,,,,10.0,333.0,203.0,6.0,0.0,0.0,283.0,180.0,50.0,23.0,5.0,1.0,9.842364532019705,33.833333333333336,0.6,0.1477832512315271,0.029556650246305417,,9.433333333333334,13.043478260869565,10,-1.1110049105642883,0.5,-0.5555024552821444,10.596026490066226,1,Low-wicket expensive group
39a2dfa8,39a2dfa8,R Tewatia,IPL,bowl,9,2014,2023,,,,,,,,,,,,52.0,,,,,,,52.0,1111.0,843.0,32.0,15.0,12.0,1041.0,786.0,55.0,45.0,21.0,2.0,7.907473309608541,26.34375,0.6153846153846154,0.1494661921708185,0.014234875444839859,7.5,7.9465648854961835,7.333333333333334,10,-0.10828531604147823,0.8387096774193549,-0.09081994248640116,38.41059602649007,2,Economy support bowlers
39f01cdb,39f01cdb,KP Pietersen,IPL,bowl,3,2009,2012,,,,,,,,,,,,13.0,,,,,,,13.0,215.0,174.0,7.0,20.0,18.0,156.0,132.0,39.0,24.0,10.0,0.0,7.413793103448276,24.857142857142858,0.5384615384615384,0.3448275862068966,0.0,6.666666666666667,7.090909090909092,9.75,10,0.04544170299444347,0.5652173913043478,0.02568444082294614,49.337748344370866,2,Economy support bowlers
3a60e0b5,3a60e0b5,WD Parnell,IPL,bowl,5,2011,2023,,,,,,,,,,,,33.0,,,,,,,33.0,937.0,723.0,35.0,464.0,372.0,138.0,120.0,335.0,231.0,50.0,6.0,7.775933609958507,20.65714285714286,1.0606060606060606,0.4149377593360996,0.049792531120331954,7.483870967741936,6.8999999999999995,8.701298701298702,10,0.6034229817416616,0.7674418604651163,0.4630920557552286,81.78807947019867,0,High-impact strike/control bowlers
3b53243a,3b53243a,XC Bartlett,IPL,bowl,2,2025,2026,,,,,,,,,,,,13.0,,,,,,,13.0,484.0,261.0,7.0,253.0,136.0,105.0,54.0,126.0,71.0,11.0,1.0,11.126436781609197,37.285714285714285,0.5384615384615384,0.25287356321839083,0.022988505747126436,11.161764705882353,11.666666666666666,10.647887323943662,10,-1.7894454631268546,0.5652173913043478,-1.0114256965499615,2.6490066225165565,1,Low-wicket expensive group
3c6ffae8,3c6ffae8,YK Pathan,IPL,bowl,12,2008,2019,,,,,,,,,,,,82.0,,,,,,,82.0,1415.0,1147.0,42.0,395.0,354.0,896.0,714.0,124.0,79.0,43.0,0.0,7.401918047079337,27.30952380952381,0.5121951219512195,0.2249346120313862,0.0,6.694915254237288,7.529411764705882,9.417721518987342,10,-0.05013702382413303,0.8913043478260869,-0.04468734732150991,42.71523178807947,2,Economy support bowlers
3d7e087f,3d7e087f,SK Trivedi,IPL,bowl,6,2008,2013,,,,,,,,,,,,75.0,,,,,,,75.0,1904.0,1506.0,65.0,197.0,126.0,1250.0,1074.0,457.0,306.0,55.0,9.0,7.585657370517929,23.16923076923077,0.8666666666666667,0.21912350597609564,0.03585657370517928,9.380952380952381,6.983240223463687,8.96078431372549,10,0.39071042429155023,0.8823529411764706,0.344744492021956,73.50993377483444,2,Economy support bowlers
3d8feaf8,3d8feaf8,MR Marsh,IPL,bowl,8,2010,2024,,,,,,,,,,,,34.0,,,,,,,34.0,795.0,560.0,37.0,153.0,106.0,421.0,333.0,221.0,121.0,30.0,3.0,8.517857142857142,15.135135135135135,1.088235294117647,0.3214285714285714,0.03214285714285714,8.660377358490566,7.585585585585585,10.958677685950413,10,0.4995964706854811,0.7727272727272727,0.38605181825696255,76.15894039735099,3,Attacking wicket-takers
3eac9d95,3eac9d95,JDP Oram,IPL,bowl,4,2008,2013,,,,,,,,,,,,14.0,,,,,,,14.0,349.0,237.0,9.0,171.0,108.0,78.0,54.0,100.0,75.0,6.0,1.0,8.835443037974684,26.333333333333332,0.6428571428571429,0.1518987341772152,0.025316455696202528,9.5,8.666666666666666,8.0,10,-0.44600672337731884,0.5833333333333334,-0.2601705886367695,25.496688741721858,2,Economy support bowlers
3edb58fc,3edb58fc,AD Mascarenhas,IPL,bowl,5,2008,2013,,,,,,,,,,,,13.0,,,,,,,13.0,356.0,308.0,19.0,204.0,168.0,110.0,114.0,42.0,26.0,3.0,0.0,6.935064935064935,16.210526315789473,1.4615384615384615,0.05844155844155844,0.0,7.285714285714285,5.7894736842105265,9.692307692307693,10,1.5116831306747427,0.5652173913043478,0.8544295955987674,97.35099337748345,0,High-impact strike/control bowlers
3fb19989,3fb19989,MA Starc,IPL,bowl,5,2014,2026,,,,,,,,,,,,55.0,,,,,,,55.0,1735.0,1178.0,74.0,989.0,665.0,213.0,162.0,533.0,351.0,95.0,8.0,8.837011884550085,15.91891891891892,1.3454545454545455,0.4838709677419355,0.040747028862478774,8.923308270676692,7.888888888888889,9.11111111111111,10,0.6358391254158406,0.8461538461538461,0.5380177215057111,84.10596026490066,3,Attacking wicket-takers
4125d931,4125d931,J Suchith,IPL,bowl,5,2015,2022,,,,,,,,,,,,21.0,,,,,,,21.0,602.0,420.0,19.0,104.0,72.0,471.0,336.0,27.0,12.0,17.0,0.0,8.6,22.105263157894736,0.9047619047619048,0.24285714285714288,0.0,8.666666666666666,8.410714285714285,13.5,10,0.06103855795950221,0.6774193548387096,0.04134870055321104,50.66225165562914,3,Attacking wicket-takers
41eb4a4f,41eb4a4f,R Vinay Kumar,IPL,bowl,11,2008,2018,,,,,,,,,,,,104.0,,,,,,,104.0,2986.0,2127.0,105.0,906.0,756.0,924.0,714.0,1156.0,657.0,50.0,11.0,8.423131170662906,20.257142857142856,1.0096153846153846,0.14104372355430184,0.031029619181946404,7.19047619047619,7.764705882352942,10.557077625570775,10,0.30134891089757615,0.9122807017543859,0.27491479590656065,67.88079470198676,2,Economy support bowlers
4329fbb5,4329fbb5,SR Watson,IPL,bowl,10,2008,2018,,,,,,,,,,,,105.0,,,,,,,105.0,2682.0,2029.0,92.0,986.0,834.0,746.0,618.0,950.0,577.0,98.0,13.0,7.931000492853622,22.054347826086957,0.8761904761904762,0.2897979300147856,0.03844258255298176,7.093525179856115,7.242718446601941,9.878682842287695,10,0.296468630635514,0.9130434782608695,0.2706887497106866,67.54966887417218,2,Economy support bowlers
4353bba5,4353bba5,YA Abdulla,IPL,bowl,2,2009,2010,,,,,,,,,,,,11.0,,,,,,,11.0,307.0,209.0,15.0,103.0,84.0,90.0,66.0,114.0,59.0,12.0,1.0,8.813397129186603,13.933333333333334,1.3636363636363635,0.3444976076555024,0.028708133971291863,7.357142857142858,8.181818181818182,11.59322033898305,10,0.7229952115967073,0.5238095238095238,0.37871177750303703,75.16556291390728,3,Attacking wicket-takers
45c2196c,45c2196c,DE Bollinger,IPL,bowl,3,2010,2012,,,,,,,,,,,,27.0,,,,,,,27.0,693.0,576.0,37.0,386.0,324.0,15.0,18.0,292.0,234.0,28.0,2.0,7.21875,15.567567567567568,1.3703703703703705,0.2916666666666667,0.020833333333333332,7.148148148148148,5.0,7.487179487179487,10,1.3163929121548674,0.7297297297297297,0.9606110440049032,99.33774834437085,0,High-impact strike/control bowlers
462411b3,462411b3,JJ Bumrah,IPL,bowl,13,2013,2026,,,,,,,,,,,,157.0,,,,,,,157.0,4443.0,3629.0,189.0,1477.0,1276.0,1030.0,936.0,1936.0,1417.0,118.0,41.0,7.345825296224856,19.201058201058203,1.2038216560509554,0.19509506751171124,0.06778726922017084,6.94514106583072,6.602564102564103,8.197600564573042,10,0.9755510814175161,0.9401197604790419,0.9171348489973056,98.67549668874173,0,High-impact strike/control bowlers
465aa633,465aa633,N Burger,IPL,bowl,2,2024,2026,,,,,,,,,,,,15.0,,,,,,,15.0,481.0,297.0,16.0,297.0,180.0,122.0,72.0,62.0,45.0,24.0,1.0,9.717171717171718,18.5625,1.0666666666666667,0.48484848484848486,0.0202020202020202,9.899999999999999,10.166666666666666,8.266666666666666,10,-0.100058231443406,0.6,-0.060034938866043754,42.05298013245033,3,Attacking wicket-takers
46a9bea1,46a9bea1,TU Deshpande,IPL,bowl,6,2020,2026,,,,,,,,,,,,52.0,,,,,,,52.0,1824.0,1085.0,55.0,752.0,516.0,376.0,216.0,696.0,353.0,85.0,7.0,10.086635944700461,19.727272727272727,1.0576923076923077,0.4700460829493087,0.03870967741935484,8.744186046511627,10.444444444444445,11.830028328611897,10,-0.2905364856158411,0.8387096774193549,-0.2436757621294152,26.82119205298013,3,Attacking wicket-takers
4933f499,4933f499,JP Behrendorff,IPL,bowl,2,2019,2023,,,,,,,,,,,,17.0,,,,,,,17.0,552.0,366.0,19.0,328.0,240.0,98.0,66.0,126.0,60.0,17.0,0.0,9.049180327868852,19.263157894736842,1.1176470588235294,0.27868852459016397,0.0,8.2,8.90909090909091,12.600000000000001,10,0.20154370819962977,0.6296296296296297,0.1268978903479149,57.94701986754966,3,Attacking wicket-takers
495d42a5,495d42a5,R Ashwin,IPL,bowl,16,2009,2025,,,,,,,,,,,,217.0,,,,,,,217.0,5652.0,4710.0,187.0,1480.0,1252.0,3347.0,2857.0,825.0,601.0,190.0,4.0,7.199999999999999,25.18716577540107,0.8617511520737328,0.24203821656050956,0.005095541401273886,7.092651757188499,7.029051452572629,8.236272878535774,10,0.479893853275885,0.9559471365638766,0.45875315489368745,80.79470198675497,2,Economy support bowlers
4b31f3a3,4b31f3a3,Yash Thakur,IPL,bowl,4,2023,2026,,,,,,,,,,,,22.0,,,,,,,22.0,825.0,467.0,27.0,205.0,120.0,255.0,160.0,365.0,187.0,33.0,5.0,10.599571734475376,17.296296296296298,1.2272727272727273,0.423982869379015,0.06423982869379015,10.25,9.5625,11.711229946524064,10,-0.2353777395631323,0.6875,-0.16182219594965355,33.11258278145696,3,Attacking wicket-takers
4ba44e19,4ba44e19,M Muralitharan,IPL,bowl,7,2008,2014,,,,,,,,,,,,66.0,,,,,,,66.0,1706.0,1528.0,64.0,159.0,148.0,1174.0,1105.0,373.0,275.0,62.0,2.0,6.698952879581152,23.875,0.9696969696969697,0.24345549738219896,0.007853403141361258,6.445945945945946,6.374660633484163,8.138181818181819,10,0.8368432791195433,0.868421052631579,0.726732321340656,93.04635761589404,0,High-impact strike/control bowlers
4bd09374,4bd09374,Akash Madhwal,IPL,bowl,3,2023,2025,,,,,,,,,,,,17.0,,,,,,,17.0,590.0,352.0,23.0,105.0,78.0,230.0,138.0,255.0,136.0,21.0,7.0,10.056818181818182,15.304347826086957,1.3529411764705883,0.35795454545454547,0.11931818181818182,8.076923076923077,10.0,11.25,10,0.17753518501650695,0.6296296296296297,0.1117814127881709,56.95364238410596,3,Attacking wicket-takers
4c5d73db,4c5d73db,CR Woakes,IPL,bowl,3,2017,2021,,,,,,,,,,,,21.0,,,,,,,21.0,658.0,440.0,30.0,242.0,162.0,133.0,120.0,283.0,158.0,22.0,1.0,8.972727272727273,14.666666666666666,1.4285714285714286,0.30000000000000004,0.013636363636363636,8.962962962962962,6.65,10.746835443037975,10,0.710582375432639,0.6774193548387096,0.48136225432533597,82.45033112582782,0,High-impact strike/control bowlers
4ec07775,4ec07775,RN ten Doeschate,IPL,bowl,5,2011,2015,,,,,,,,,,,,10.0,,,,,,,10.0,94.0,78.0,2.0,0.0,0.0,82.0,72.0,12.0,6.0,6.0,0.0,7.23076923076923,39.0,0.2,0.46153846153846156,0.0,,6.833333333333333,12.0,10,-0.667974609351774,0.5,-0.33398730467588716,19.205298013245034,1,Low-wicket expensive group
50c6bc2b,50c6bc2b,LS Livingstone,IPL,bowl,5,2019,2025,,,,,,,,,,,,27.0,,,,,,,27.0,469.0,312.0,13.0,17.0,18.0,424.0,270.0,28.0,24.0,9.0,0.0,9.01923076923077,24.0,0.48148148148148145,0.17307692307692307,0.0,5.666666666666666,9.422222222222222,7.0,10,-0.6305907794892908,0.7297297297297297,-0.46016083908677985,11.589403973509933,2,Economy support bowlers
51a3c5ef,51a3c5ef,MJ McClenaghan,IPL,bowl,5,2015,2019,,,,,,,,,,,,56.0,,,,,,,56.0,1803.0,1274.0,71.0,850.0,654.0,367.0,252.0,586.0,368.0,68.0,9.0,8.491365777080063,17.943661971830984,1.2678571428571428,0.3202511773940345,0.0423861852433281,7.79816513761468,8.738095238095237,9.554347826086957,10,0.6281985520741995,0.8484848484848485,0.5330169532750783,83.77483443708608,3,Attacking wicket-takers
54e52590,54e52590,Vijaykumar Vyshak,IPL,bowl,4,2023,2026,,,,,,,,,,,,24.0,,,,,,,24.0,880.0,501.0,26.0,147.0,78.0,485.0,306.0,248.0,117.0,31.0,3.0,10.538922155688622,19.26923076923077,1.0833333333333333,0.3712574850299401,0.035928143712574856,11.307692307692307,9.509803921568627,12.717948717948719,10,-0.42839517366202245,0.7058823529411765,-0.30239659317319245,22.516556291390728,3,Attacking wicket-takers
557153ca,557153ca,KK Cooper,IPL,bowl,3,2012,2014,,,,,,,,,,,,25.0,,,,,,,25.0,757.0,576.0,33.0,108.0,96.0,267.0,216.0,382.0,264.0,31.0,1.0,7.885416666666667,17.454545454545453,1.32,0.3229166666666667,0.010416666666666666,6.75,7.416666666666667,8.681818181818182,10,0.9409546789456417,0.7142857142857143,0.6721104849611725,91.72185430463577,0,High-impact strike/control bowlers
5574750c,5574750c,JC Archer,IPL,bowl,6,2018,2026,,,,,,,,,,,,65.0,,,,,,,65.0,2041.0,1506.0,77.0,837.0,702.0,318.0,264.0,886.0,540.0,87.0,11.0,8.131474103585656,19.558441558441558,1.1846153846153846,0.34661354581673304,0.04382470119521912,7.153846153846153,7.2272727272727275,9.844444444444445,10,0.631834437909952,0.8666666666666667,0.547589846188625,85.43046357615894,0,High-impact strike/control bowlers
56ab442f,56ab442f,NM Coulter-Nile,IPL,bowl,8,2013,2022,,,,,,,,,,,,38.0,,,,,,,38.0,1100.0,857.0,48.0,428.0,360.0,279.0,249.0,393.0,248.0,28.0,9.0,7.7012835472578764,17.854166666666668,1.263157894736842,0.19603267211201866,0.06301050175029171,7.133333333333333,6.72289156626506,9.508064516129032,10,0.939352670384551,0.7916666666666666,0.7436541973877694,94.37086092715232,0,High-impact strike/control bowlers
5750bcb4,5750bcb4,E Malinga,IPL,bowl,2,2025,2026,,,,,,,,,,,,20.0,,,,,,,20.0,672.0,438.0,30.0,193.0,120.0,236.0,174.0,243.0,144.0,29.0,0.0,9.205479452054794,14.6,1.5,0.3972602739726027,0.0,9.65,8.137931034482758,10.125,10,0.699422852013617,0.6666666666666666,0.4662819013424112,82.11920529801324,3,Attacking wicket-takers
57ee1fde,57ee1fde,YS Chahal,IPL,bowl,14,2013,2026,,,,,,,,,,,,183.0,,,,,,,183.0,5392.0,4013.0,231.0,530.0,404.0,3798.0,2936.0,1064.0,673.0,139.0,13.0,8.06179915275355,17.372294372294373,1.2622950819672132,0.20782457014702216,0.01943683030152006,7.871287128712872,7.76158038147139,9.485884101040119,10,0.8091905786049691,0.9481865284974094,0.7672636056202558,95.69536423841059,0,High-impact strike/control bowlers
57efa3be,57efa3be,SB Styris,IPL,bowl,3,2008,2011,,,,,,,,,,,,11.0,,,,,,,11.0,276.0,216.0,8.0,45.0,42.0,118.0,108.0,113.0,66.0,6.0,0.0,7.666666666666666,27.0,0.7272727272727273,0.16666666666666666,0.0,6.428571428571429,6.555555555555555,10.272727272727273,10,0.09260656056246257,0.5238095238095238,0.04850819838986117,51.65562913907284,2,Economy support bowlers
59559bc2,59559bc2,J Overton,IPL,bowl,2,2025,2026,,,,,,,,,,,,13.0,,,,,,,13.0,332.0,204.0,14.0,76.0,30.0,145.0,108.0,111.0,66.0,13.0,0.0,9.764705882352942,14.571428571428571,1.0769230769230769,0.38235294117647056,0.0,15.2,8.055555555555555,10.090909090909092,10,0.008195596161397867,0.5652173913043478,0.004632293482529062,46.688741721854306,3,Attacking wicket-takers
5b040b81,5b040b81,A Singh,IPL,bowl,3,2009,2012,,,,,,,,,,,,23.0,,,,,,,23.0,620.0,473.0,28.0,295.0,264.0,57.0,48.0,268.0,161.0,16.0,1.0,7.864693446088795,16.892857142857142,1.2173913043478262,0.20295983086680763,0.012684989429175477,6.704545454545455,7.125,9.987577639751553,10,0.8514940971988593,0.696969696969697,0.5934655828961746,87.41721854304636,0,High-impact strike/control bowlers
5b7ab5a9,5b7ab5a9,CV Varun,IPL,bowl,8,2019,2026,,,,,,,,,,,,92.0,,,,,,,92.0,2682.0,2086.0,110.0,506.0,384.0,1728.0,1386.0,448.0,316.0,47.0,8.0,7.714285714285715,18.963636363636365,1.1956521739130435,0.13518696069031638,0.023010546500479387,7.90625,7.48051948051948,8.50632911392405,10,0.8270284344525418,0.9019607843137255,0.7459472153885671,94.70198675496688,0,High-impact strike/control bowlers
5b8c830e,5b8c830e,KH Pandya,IPL,bowl,11,2016,2026,,,,,,,,,,,,144.0,,,,,,,144.0,3347.0,2644.0,103.0,733.0,558.0,2318.0,1878.0,296.0,208.0,97.0,3.0,7.595310136157337,25.66990291262136,0.7152777777777778,0.22012102874432676,0.006807866868381241,7.881720430107527,7.405750798722045,8.538461538461538,10,0.1461934994264459,0.935064935064935,0.13670041504810523,58.609271523178805,2,Economy support bowlers
5bb1a1c4,5bb1a1c4,I Sharma,IPL,bowl,15,2008,2025,,,,,,,,,,,,117.0,,,,,,,117.0,3377.0,2419.0,96.0,1885.0,1521.0,643.0,432.0,849.0,466.0,136.0,23.0,8.376188507647788,25.197916666666668,0.8205128205128205,0.33732947498966515,0.05704836709384044,7.435897435897436,8.930555555555555,10.931330472103005,10,-0.03334588596615872,0.9212598425196851,-0.03072022565386279,45.033112582781456,3,Attacking wicket-takers
5bb5a915,5bb5a915,M Morkel,IPL,bowl,8,2009,2016,,,,,,,,,,,,70.0,,,,,,,70.0,2089.0,1629.0,77.0,1077.0,906.0,420.0,333.0,592.0,390.0,71.0,13.0,7.694290976058932,21.155844155844157,1.1,0.26151012891344383,0.04788213627992634,7.132450331125828,7.5675675675675675,9.107692307692307,10,0.665144471268183,0.875,0.5820014123596601,86.75496688741721,0,High-impact strike/control bowlers
5bdcdb72,5bdcdb72,TM Dilshan,IPL,bowl,6,2008,2013,,,,,,,,,,,,25.0,,,,,,,25.0,366.0,271.0,5.0,62.0,42.0,273.0,204.0,31.0,25.0,5.0,0.0,8.103321033210332,54.2,0.2,0.11070110701107011,0.0,8.857142857142858,8.029411764705882,7.4399999999999995,10,-1.455297662340768,0.7142857142857143,-1.0394983302434058,2.3178807947019866,1,Low-wicket expensive group
5d096f3d,5d096f3d,RR Powar,IPL,bowl,5,2008,2012,,,,,,,,,,,,26.0,,,,,,,26.0,527.0,426.0,13.0,169.0,132.0,323.0,270.0,35.0,24.0,25.0,1.0,7.422535211267606,32.76923076923077,0.5,0.352112676056338,0.014084507042253521,7.681818181818182,7.177777777777777,8.75,10,-0.2302001300540953,0.7222222222222222,-0.16625564948351337,32.78145695364238,2,Economy support bowlers
5d2eea49,5d2eea49,Kartik Tyagi,IPL,bowl,6,2020,2026,,,,,,,,,,,,31.0,,,,,,,31.0,1119.0,680.0,31.0,386.0,210.0,353.0,252.0,380.0,218.0,37.0,11.0,9.873529411764705,21.93548387096774,1.0,0.3264705882352941,0.09705882352941178,11.028571428571428,8.404761904761905,10.458715596330276,10,-0.33402432878686544,0.7560975609756098,-0.25255498030226425,25.82781456953642,3,Attacking wicket-takers
5d9a1a73,5d9a1a73,R Sharma,IPL,bowl,5,2010,2014,,,,,,,,,,,,44.0,,,,,,,44.0,1086.0,928.0,40.0,99.0,90.0,759.0,684.0,228.0,154.0,7.0,0.0,7.0215517241379315,23.2,0.9090909090909091,0.04525862068965517,0.0,6.6000000000000005,6.657894736842105,8.883116883116884,10,0.6609765464393547,0.8148148148148148,0.5385734822839184,84.43708609271523,2,Economy support bowlers
5f26df4f,5f26df4f,VS Malik,IPL,bowl,5,2009,2014,,,,,,,,,,,,13.0,,,,,,,13.0,261.0,205.0,6.0,155.0,126.0,94.0,72.0,12.0,7.0,5.0,2.0,7.639024390243902,34.166666666666664,0.46153846153846156,0.14634146341463417,0.058536585365853655,7.380952380952381,7.833333333333334,10.285714285714285,10,-0.3994267409930532,0.5652173913043478,-0.2257629405612911,28.47682119205298,2,Economy support bowlers
5f4e9e8f,5f4e9e8f,RR Raje,IPL,bowl,2,2008,2009,,,,,,,,,,,,10.0,,,,,,,10.0,209.0,139.0,6.0,9.0,6.0,136.0,96.0,64.0,37.0,8.0,1.0,9.021582733812949,23.166666666666668,0.6,0.34532374100719426,0.04316546762589928,9.0,8.5,10.378378378378379,10,-0.47570635286095997,0.5,-0.23785317643048018,28.14569536423841,3,Attacking wicket-takers
5f547c8b,5f547c8b,Rashid Khan,IPL,bowl,10,2017,2026,,,,,,,,,,,,149.0,,,,,,,149.0,4180.0,3477.0,174.0,457.0,361.0,2855.0,2504.0,868.0,612.0,65.0,0.0,7.213114754098361,19.982758620689655,1.167785234899329,0.11216566005176877,0.0,7.59556786703601,6.8410543130990416,8.509803921568627,10,0.965557951973792,0.9371069182389937,0.9048310367553145,98.34437086092716,0,High-impact strike/control bowlers
5fa06777,5fa06777,IK Pathan,IPL,bowl,9,2008,2017,,,,,,,,,,,,101.0,,,,,,,101.0,2649.0,2043.0,80.0,1082.0,918.0,819.0,636.0,748.0,489.0,79.0,1.0,7.779735682819384,25.5375,0.7920792079207921,0.2320117474302496,0.0029368575624082235,7.071895424836601,7.726415094339623,9.177914110429448,10,0.16210132798669677,0.9099099099099099,0.14749760474465198,59.93377483443708,2,Economy support bowlers
5ffc0565,5ffc0565,V Nigam,IPL,bowl,2,2025,2026,,,,,,,,,,,,18.0,,,,,,,18.0,469.0,288.0,13.0,83.0,54.0,349.0,198.0,37.0,36.0,9.0,5.0,9.770833333333334,22.153846153846153,0.7222222222222222,0.1875,0.10416666666666667,9.222222222222221,10.575757575757574,6.166666666666666,10,-0.6081313300873519,0.6428571428571429,-0.3909415693418692,15.894039735099339,3,Attacking wicket-takers
626c5379,626c5379,R Sathish,IPL,bowl,4,2010,2016,,,,,,,,,,,,14.0,,,,,,,14.0,232.0,139.0,3.0,0.0,0.0,154.0,114.0,78.0,25.0,5.0,0.0,10.014388489208633,46.333333333333336,0.21428571428571427,0.2158273381294964,0.0,,8.105263157894736,18.72,10,-1.970274567768318,0.5833333333333334,-1.1493268311981857,1.3245033112582782,1,Low-wicket expensive group
62af8546,62af8546,Mohammad Nabi,IPL,bowl,6,2017,2024,,,,,,,,,,,,23.0,,,,,,,23.0,517.0,417.0,15.0,173.0,168.0,309.0,228.0,35.0,21.0,3.0,0.0,7.438848920863309,27.8,0.6521739130434783,0.04316546762589928,0.0,6.178571428571428,8.131578947368421,10.0,10,0.07646315683663885,0.696969696969697,0.053292503249778474,52.317880794701985,2,Economy support bowlers
64775749,64775749,RP Meredith,IPL,bowl,3,2021,2023,,,,,,,,,,,,18.0,,,,,,,18.0,612.0,388.0,19.0,157.0,108.0,214.0,150.0,241.0,130.0,38.0,2.0,9.463917525773196,20.42105263157895,1.0555555555555556,0.5876288659793815,0.030927835051546393,8.722222222222221,8.56,11.123076923076923,10,-0.06571849779344319,0.6428571428571429,-0.04224760572435648,43.04635761589404,3,Attacking wicket-takers
64839cb3,64839cb3,M Pathirana,IPL,bowl,5,2022,2026,,,,,,,,,,,,33.0,,,,,,,33.0,1025.0,710.0,47.0,9.0,8.0,402.0,300.0,614.0,402.0,105.0,2.0,8.661971830985916,15.106382978723405,1.4242424242424243,0.8873239436619718,0.016901408450704227,6.75,8.040000000000001,9.164179104477611,10,0.8164377123214908,0.7674418604651163,0.6265684768978882,89.40397350993378,3,Attacking wicket-takers
64d43928,64d43928,Sohail Tanvir,IPL,bowl,1,2008,2008,,,,,,,,,,,,11.0,,,,,,,11.0,266.0,247.0,22.0,141.0,132.0,8.0,12.0,117.0,103.0,19.0,1.0,6.461538461538462,11.227272727272727,2.0,0.46153846153846156,0.024291497975708502,6.409090909090908,4.0,6.815533980582524,10,2.442386194085695,0.5238095238095238,1.279345149282983,100.0,0,High-impact strike/control bowlers
66b30f71,66b30f71,AB Dinda,IPL,bowl,10,2008,2017,,,,,,,,,,,,75.0,,,,,,,75.0,2073.0,1516.0,69.0,991.0,810.0,321.0,294.0,761.0,412.0,72.0,14.0,8.20448548812665,21.971014492753625,0.92,0.28496042216358836,0.0554089709762533,7.34074074074074,6.551020408163265,11.08252427184466,10,0.23893582936350227,0.8823529411764706,0.21082573179132547,62.913907284768214,2,Economy support bowlers
66cf56a5,66cf56a5,A Mithun,IPL,bowl,5,2009,2013,,,,,,,,,,,,16.0,,,,,,,16.0,472.0,288.0,7.0,103.0,66.0,215.0,144.0,154.0,78.0,15.0,9.0,9.833333333333332,41.142857142857146,0.4375,0.3125,0.1875,9.363636363636363,8.958333333333334,11.846153846153847,10,-1.4998980304606844,0.6153846153846154,-0.9230141725911906,4.304635761589404,1,Low-wicket expensive group
68c56d09,68c56d09,KA Jamieson,IPL,bowl,3,2021,2026,,,,,,,,,,,,15.0,,,,,,,15.0,506.0,300.0,16.0,296.0,186.0,72.0,54.0,138.0,60.0,12.0,3.0,10.120000000000001,18.75,1.0666666666666667,0.24,0.06,9.548387096774192,8.0,13.799999999999999,10,-0.2654776817741673,0.6,-0.15928660906450054,33.443708609271525,3,Attacking wicket-takers
69be866a,69be866a,Anureet Singh,IPL,bowl,5,2009,2018,,,,,,,,,,,,22.0,,,,,,,22.0,623.0,412.0,18.0,191.0,162.0,192.0,120.0,240.0,130.0,15.0,7.0,9.072815533980583,22.88888888888889,0.8181818181818182,0.21844660194174756,0.10194174757281553,7.0740740740740735,9.600000000000001,11.076923076923077,10,-0.24563800442001843,0.6875,-0.16887612803876278,32.450331125827816,3,Attacking wicket-takers
6a26221c,6a26221c,AK Markram,IPL,bowl,6,2021,2026,,,,,,,,,,,,24.0,,,,,,,24.0,357.0,223.0,6.0,59.0,42.0,268.0,168.0,30.0,13.0,6.0,1.0,9.605381165919283,37.166666666666664,0.25,0.16143497757847536,0.026905829596412557,8.428571428571427,9.571428571428573,13.846153846153845,10,-1.502338190361971,0.7058823529411765,-1.0604740167260975,1.9867549668874174,1,Low-wicket expensive group
6aed7e79,6aed7e79,PV Tambe,IPL,bowl,4,2013,2016,,,,,,,,,,,,33.0,,,,,,,33.0,853.0,660.0,28.0,112.0,78.0,598.0,504.0,143.0,78.0,19.0,0.0,7.754545454545455,23.571428571428573,0.8484848484848485,0.17272727272727273,0.0,8.615384615384615,7.119047619047619,11.0,10,0.2917768498204936,0.7674418604651163,0.22392176846689038,64.90066225165563,2,Economy support bowlers
6b19d823,6b19d823,A Mishra,IPL,bowl,16,2008,2024,,,,,,,,,,,,162.0,,,,,,,162.0,4145.0,3371.0,174.0,172.0,138.0,3150.0,2712.0,823.0,521.0,59.0,21.0,7.377632749925838,19.373563218390803,1.0740740740740742,0.10501334915455354,0.03737763274992584,7.478260869565217,6.969026548672566,9.477927063339731,10,0.8137905784222883,0.9418604651162791,0.7664771727000622,95.36423841059603,0,High-impact strike/control bowlers
6b8eb6e5,6b8eb6e5,S Sreesanth,IPL,bowl,5,2008,2013,,,,,,,,,,,,44.0,,,,,,,44.0,1194.0,880.0,40.0,729.0,570.0,221.0,174.0,244.0,136.0,55.0,27.0,8.14090909090909,22.0,0.9090909090909091,0.375,0.18409090909090908,7.673684210526316,7.620689655172415,10.764705882352942,10,0.25122644733765936,0.8148148148148148,0.20470303116401864,62.58278145695364,3,Attacking wicket-takers
6c6591ab,6c6591ab,PP Ojha,IPL,bowl,8,2008,2015,,,,,,,,,,,,90.0,,,,,,,90.0,2332.0,1899.0,89.0,317.0,240.0,1567.0,1373.0,448.0,286.0,69.0,2.0,7.368088467614534,21.337078651685392,0.9888888888888889,0.21800947867298576,0.00631911532385466,7.925,6.847778587035689,9.398601398601398,10,0.6660151020420393,0.9,0.5994135918378354,88.0794701986755,0,High-impact strike/control bowlers
7210d461,7210d461,Yash Dayal,IPL,bowl,4,2022,2025,,,,,,,,,,,,43.0,,,,,,,43.0,1390.0,871.0,41.0,688.0,438.0,287.0,205.0,415.0,228.0,47.0,10.0,9.575200918484501,21.24390243902439,0.9534883720930233,0.3237657864523536,0.06888633754305397,9.424657534246574,8.399999999999999,10.921052631578947,10,-0.247154442055997,0.8113207547169812,-0.20052152846052596,29.47019867549669,3,Attacking wicket-takers
725529bc,725529bc,SC Ganguly,IPL,bowl,4,2008,2012,,,,,,,,,,,,20.0,,,,,,,20.0,363.0,276.0,10.0,32.0,18.0,299.0,246.0,32.0,12.0,3.0,1.0,7.891304347826088,27.6,0.5,0.06521739130434782,0.021739130434782608,10.666666666666666,7.292682926829268,16.0,10,-0.2664655255109572,0.6666666666666666,-0.1776436836739716,31.125827814569533,1,Low-wicket expensive group
73ad96ed,73ad96ed,DJ Hooda,IPL,bowl,11,2015,2025,,,,,,,,,,,,34.0,,,,,,,34.0,546.0,379.0,10.0,96.0,72.0,355.0,264.0,95.0,43.0,14.0,0.0,8.643799472295516,37.9,0.29411764705882354,0.2216358839050132,0.0,8.0,8.068181818181818,13.25581395348837,10,-1.0927085541640686,0.7727272727272727,-0.8443657009449622,6.291390728476822,1,Low-wicket expensive group
740742ef,740742ef,RG Sharma,IPL,bowl,8,2008,2021,,,,,,,,,,,,32.0,,,,,,,32.0,453.0,339.0,15.0,67.0,50.0,315.0,240.0,71.0,49.0,15.0,0.0,8.017699115044248,22.6,0.46875,0.2654867256637168,0.0,8.040000000000001,7.875,8.693877551020408,10,-0.20637856620459372,0.7619047619047619,-0.1572408123463572,33.77483443708609,2,Economy support bowlers
759ac88f,759ac88f,MM Sharma,IPL,bowl,11,2013,2025,,,,,,,,,,,,119.0,,,,,,,119.0,3513.0,2403.0,134.0,1162.0,858.0,970.0,738.0,1381.0,807.0,58.0,11.0,8.771535580524345,17.932835820895523,1.1260504201680672,0.14481897627965043,0.02746566791510612,8.125874125874127,7.8861788617886175,10.267657992565056,10,0.3597226965810715,0.9224806201550387,0.3318372162259496,72.51655629139073,0,High-impact strike/control bowlers
76388dc8,76388dc8,S Badree,IPL,bowl,3,2013,2017,,,,,,,,,,,,12.0,,,,,,,12.0,319.0,258.0,11.0,194.0,156.0,121.0,96.0,4.0,6.0,10.0,0.0,7.4186046511627906,23.454545454545453,0.9166666666666666,0.23255813953488372,0.0,7.461538461538462,7.5625,4.0,10,0.5043217541292034,0.5454545454545454,0.2750845931613835,68.21192052980133,0,High-impact strike/control bowlers
765a4731,765a4731,Mukesh Choudhary,IPL,bowl,4,2022,2026,,,,,,,,,,,,23.0,,,,,,,23.0,735.0,459.0,24.0,481.0,318.0,98.0,66.0,156.0,75.0,28.0,1.0,9.607843137254903,19.125,1.0434782608695652,0.36601307189542487,0.013071895424836603,9.075471698113208,8.90909090909091,12.48,10,-0.09870896139577223,0.696969696969697,-0.068797154912205,40.728476821192054,3,Attacking wicket-takers
77b1aa15,77b1aa15,Harshit Rana,IPL,bowl,4,2022,2025,,,,,,,,,,,,32.0,,,,,,,32.0,1029.0,649.0,40.0,468.0,294.0,307.0,198.0,254.0,157.0,26.0,4.0,9.513097072419107,16.225,1.25,0.24036979969183359,0.03697996918335902,9.551020408163264,9.303030303030305,9.707006369426752,10,0.2524252669484027,0.7619047619047619,0.19232401291306864,61.58940397350994,3,Attacking wicket-takers
7a8bd078,7a8bd078,S Gopal,IPL,bowl,9,2014,2024,,,,,,,,,,,,51.0,,,,,,,51.0,1349.0,991.0,52.0,150.0,114.0,1137.0,822.0,62.0,55.0,8.0,1.0,8.167507568113017,19.057692307692307,1.0196078431372548,0.04843592330978809,0.006054490413723511,7.894736842105264,8.2992700729927,6.763636363636364,10,0.44875225932995977,0.8360655737704918,0.37518631517750733,74.50331125827815,0,High-impact strike/control bowlers
7b44eb3e,7b44eb3e,Shivang Kumar,IPL,bowl,1,2026,2026,,,,,,,,,,,,11.0,,,,,,,11.0,324.0,210.0,8.0,0.0,0.0,299.0,198.0,25.0,12.0,5.0,0.0,9.257142857142858,26.25,0.7272727272727273,0.14285714285714285,0.0,,9.06060606060606,12.5,10,-0.5172967304942464,0.5238095238095238,-0.270964954068415,24.503311258278146,3,Attacking wicket-takers
7c3b3b78,7c3b3b78,VG Arora,IPL,bowl,5,2022,2026,,,,,,,,,,,,42.0,,,,,,,42.0,1406.0,866.0,47.0,815.0,540.0,198.0,102.0,393.0,224.0,56.0,10.0,9.74133949191686,18.425531914893618,1.119047619047619,0.38799076212471134,0.06928406466512702,9.055555555555555,11.647058823529411,10.526785714285715,10,-0.04749878093973148,0.8076923076923077,-0.03836439998978319,44.03973509933775,3,Attacking wicket-takers
7c503806,7c503806,J Botha,IPL,bowl,5,2009,2015,,,,,,,,,,,,34.0,,,,,,,34.0,800.0,694.0,25.0,253.0,192.0,411.0,396.0,136.0,106.0,19.0,0.0,6.9164265129683,27.76,0.7352941176470589,0.1642651296829971,0.0,7.90625,6.227272727272727,7.69811320754717,10,0.3774329081623994,0.7727272727272727,0.2916527017618539,69.20529801324503,2,Economy support bowlers
7c7d63a2,7c7d63a2,AJ Tye,IPL,bowl,5,2017,2022,,,,,,,,,,,,30.0,,,,,,,30.0,979.0,684.0,42.0,253.0,192.0,275.0,204.0,451.0,288.0,27.0,3.0,8.587719298245615,16.285714285714285,1.4,0.23684210526315788,0.02631578947368421,7.90625,8.088235294117649,9.395833333333334,10,0.7847980427170793,0.75,0.5885985320378094,87.08609271523179,0,High-impact strike/control bowlers
7ca5e05d,7ca5e05d,RS Bopara,IPL,bowl,3,2009,2015,,,,,,,,,,,,14.0,,,,,,,14.0,292.0,206.0,11.0,0.0,0.0,224.0,164.0,68.0,42.0,16.0,0.0,8.504854368932039,18.727272727272727,0.7857142857142857,0.4660194174757281,0.0,,8.195121951219512,9.714285714285715,10,0.06454521669378518,0.5833333333333334,0.037651376404707865,50.331125827814574,3,Attacking wicket-takers
7d92277a,7d92277a,Mujeeb Ur Rahman,IPL,bowl,5,2018,2025,,,,,,,,,,,,20.0,,,,,,,20.0,620.0,446.0,20.0,178.0,140.0,300.0,234.0,142.0,72.0,33.0,0.0,8.340807174887892,22.3,1.0,0.44394618834080724,0.0,7.628571428571428,7.692307692307693,11.833333333333334,10,0.26412097347746094,0.6666666666666666,0.1760806489849738,61.258278145695364,3,Attacking wicket-takers
7dc35884,7dc35884,Shakib Al Hasan,IPL,bowl,9,2011,2021,,,,,,,,,,,,70.0,,,,,,,70.0,1839.0,1484.0,63.0,561.0,450.0,971.0,840.0,307.0,194.0,37.0,0.0,7.435309973045822,23.555555555555557,0.9,0.1495956873315364,0.0,7.4799999999999995,6.935714285714285,9.494845360824742,10,0.47624444414834327,0.875,0.4167138886298003,78.80794701986756,2,Economy support bowlers
7f048519,7f048519,DJ Willey,IPL,bowl,3,2018,2023,,,,,,,,,,,,11.0,,,,,,,11.0,272.0,216.0,6.0,152.0,138.0,57.0,42.0,63.0,36.0,5.0,0.0,7.555555555555555,36.0,0.5454545454545454,0.1388888888888889,0.0,6.608695652173913,8.142857142857142,10.5,10,-0.32622766234862005,0.5238095238095238,-0.170881156468325,31.788079470198678,2,Economy support bowlers
808f425a,808f425a,JP Faulkner,IPL,bowl,7,2011,2017,,,,,,,,,,,,60.0,,,,,,,60.0,1799.0,1238.0,61.0,482.0,371.0,539.0,400.0,778.0,467.0,50.0,5.0,8.718901453957997,20.295081967213115,1.0166666666666666,0.24232633279483037,0.024232633279483037,7.795148247978437,8.084999999999999,9.995717344753746,10,0.19061708871971633,0.8571428571428571,0.1633860760454711,60.59602649006622,3,Attacking wicket-takers
80b2fb19,80b2fb19,Prince Yadav,IPL,bowl,2,2025,2026,,,,,,,,,,,,19.0,,,,,,,19.0,656.0,432.0,19.0,181.0,127.0,229.0,168.0,246.0,137.0,25.0,0.0,9.11111111111111,22.736842105263158,1.0,0.3472222222222222,0.0,8.551181102362204,8.178571428571429,10.773722627737227,10,-0.054471123003333205,0.6551724137931034,-0.03568797714011499,44.70198675496689,3,Attacking wicket-takers
81049310,81049310,J Yadav,IPL,bowl,7,2015,2023,,,,,,,,,,,,20.0,,,,,,,20.0,445.0,390.0,8.0,205.0,162.0,218.0,210.0,22.0,18.0,6.0,2.0,6.846153846153846,48.75,0.4,0.09230769230769231,0.03076923076923077,7.5925925925925934,6.2285714285714295,7.333333333333334,10,-0.5758071929807733,0.6666666666666666,-0.3838714619871823,16.55629139072848,2,Economy support bowlers
81c08fa3,81c08fa3,Umran Malik,IPL,bowl,4,2021,2024,,,,,,,,,,,,26.0,,,,,,,26.0,772.0,493.0,29.0,95.0,30.0,551.0,390.0,126.0,73.0,36.0,4.0,9.39553752535497,17.0,1.1153846153846154,0.4381338742393509,0.0486815415821501,19.0,8.476923076923077,10.356164383561644,10,0.12710616372372452,0.7222222222222222,0.09179889602268981,55.29801324503312,3,Attacking wicket-takers
81c36ee9,81c36ee9,M Jansen,IPL,bowl,6,2021,2026,,,,,,,,,,,,46.0,,,,,,,46.0,1599.0,993.0,43.0,746.0,498.0,537.0,336.0,316.0,159.0,70.0,10.0,9.661631419939578,23.093023255813954,0.9347826086956522,0.42296072507552873,0.060422960725075525,8.987951807228916,9.589285714285715,11.924528301886792,10,-0.3558822177192735,0.8214285714285714,-0.29233182169797467,23.509933774834437,3,Attacking wicket-takers
8291f939,8291f939,AL Menaria,IPL,bowl,2,2011,2012,,,,,,,,,,,,12.0,,,,,,,12.0,144.0,110.0,3.0,55.0,48.0,41.0,42.0,48.0,20.0,4.0,0.0,7.8545454545454545,36.666666666666664,0.25,0.21818181818181817,0.0,6.875,5.857142857142857,14.399999999999999,10,-0.7924992754924784,0.5454545454545454,-0.43227233208680654,13.245033112582782,1,Low-wicket expensive group
83c3e8e3,83c3e8e3,SH Johnson,IPL,bowl,3,2024,2026,,,,,,,,,,,,11.0,,,,,,,11.0,349.0,206.0,6.0,186.0,114.0,94.0,48.0,69.0,44.0,10.0,0.0,10.16504854368932,34.333333333333336,0.5454545454545454,0.2912621359223301,0.0,9.789473684210526,11.75,9.409090909090908,10,-1.3142476063745017,0.5238095238095238,-0.6884154128628345,8.27814569536424,3,Attacking wicket-takers
85aae393,85aae393,Iqbal Abdulla,IPL,bowl,9,2008,2017,,,,,,,,,,,,48.0,,,,,,,48.0,1109.0,920.0,40.0,291.0,276.0,646.0,525.0,172.0,119.0,26.0,0.0,7.232608695652175,23.0,0.8333333333333334,0.16956521739130434,0.0,6.326086956521739,7.382857142857143,8.672268907563025,10,0.49880304715836943,0.8275862068965517,0.4128025217862367,78.1456953642384,2,Economy support bowlers
85e0cf10,85e0cf10,M Prasidh Krishna,IPL,bowl,7,2018,2026,,,,,,,,,,,,74.0,,,,,,,74.0,2493.0,1679.0,89.0,837.0,618.0,703.0,519.0,953.0,542.0,94.0,17.0,8.908874329958309,18.865168539325843,1.2027027027027026,0.33591423466349013,0.06075044669446099,8.126213592233011,8.127167630057803,10.549815498154981,10,0.3632884786774221,0.8809523809523809,0.3200398502634432,71.19205298013244,3,Attacking wicket-takers
86dc8f2e,86dc8f2e,JH Kallis,IPL,bowl,7,2008,2014,,,,,,,,,,,,89.0,,,,,,,89.0,2293.0,1742.0,65.0,632.0,516.0,1057.0,866.0,604.0,360.0,62.0,9.0,7.897818599311137,26.8,0.7303370786516854,0.2135476463834673,0.030998851894374284,7.348837209302325,7.323325635103926,10.066666666666666,10,0.01000908101152087,0.898989898989899,0.008998062727528825,47.35099337748344,2,Economy support bowlers
871e9faf,871e9faf,Basil Thampi,IPL,bowl,5,2017,2022,,,,,,,,,,,,25.0,,,,,,,25.0,846.0,521.0,22.0,253.0,162.0,264.0,186.0,329.0,173.0,17.0,1.0,9.742802303262955,23.681818181818183,0.88,0.19577735124760076,0.011516314779270634,9.37037037037037,8.516129032258064,11.410404624277456,10,-0.4660471330324663,0.7142857142857143,-0.33289080930890463,19.5364238410596,3,Attacking wicket-takers
87e562a9,87e562a9,DJ Bravo,IPL,bowl,13,2008,2022,,,,,,,,,,,,158.0,,,,,,,158.0,4360.0,3120.0,183.0,299.0,228.0,1900.0,1507.0,2161.0,1385.0,173.0,9.0,8.384615384615383,17.049180327868854,1.1582278481012658,0.3326923076923077,0.01730769230769231,7.868421052631579,7.56469807564698,9.36173285198556,10,0.5747556351683059,0.9404761904761905,0.5405439902178114,85.09933774834437,0,High-impact strike/control bowlers
88fccd6c,88fccd6c,SM Pollock,IPL,bowl,1,2008,2008,,,,,,,,,,,,13.0,,,,,,,13.0,301.0,276.0,11.0,209.0,204.0,84.0,66.0,8.0,6.0,4.0,0.0,6.5434782608695645,25.09090909090909,0.8461538461538461,0.08695652173913043,0.0,6.147058823529411,7.636363636363637,8.0,10,0.7260951576704168,0.5652173913043478,0.4104016108571919,77.48344370860927,2,Economy support bowlers
896d78ad,896d78ad,AD Mathews,IPL,bowl,6,2009,2017,,,,,,,,,,,,44.0,,,,,,,44.0,1079.0,791.0,27.0,183.0,126.0,673.0,510.0,223.0,155.0,24.0,1.0,8.184576485461442,29.296296296296298,0.6136363636363636,0.1820480404551201,0.007585335018963338,8.714285714285714,7.91764705882353,8.63225806451613,10,-0.3059002343732127,0.8148148148148148,-0.24925204282261781,26.158940397350992,2,Economy support bowlers
8abdf100,8abdf100,CJ Anderson,IPL,bowl,4,2014,2018,,,,,,,,,,,,22.0,,,,,,,22.0,518.0,297.0,11.0,120.0,71.0,199.0,138.0,199.0,88.0,21.0,0.0,10.464646464646465,27.0,0.5,0.4242424242424242,0.0,10.140845070422536,8.652173913043478,13.568181818181817,10,-1.271061009803347,0.6875,-0.8738544442398012,5.629139072847682,3,Attacking wicket-takers
8b5b6769,8b5b6769,Harbhajan Singh,IPL,bowl,13,2008,2021,,,,,,,,,,,,160.0,,,,,,,160.0,4030.0,3416.0,150.0,915.0,773.0,2737.0,2370.0,378.0,273.0,98.0,4.0,7.078454332552693,22.773333333333333,0.9375,0.1721311475409836,0.00702576112412178,7.102199223803364,6.929113924050633,8.307692307692307,10,0.6823082238970933,0.9411764705882353,0.6421724460207937,90.72847682119205,2,Economy support bowlers
8ba8195d,8ba8195d,V Sehwag,IPL,bowl,5,2008,2013,,,,,,,,,,,,15.0,,,,,,,15.0,235.0,136.0,6.0,47.0,12.0,138.0,102.0,50.0,22.0,1.0,1.0,10.367647058823529,22.666666666666668,0.4,0.044117647058823525,0.044117647058823525,23.5,8.117647058823529,13.636363636363637,10,-1.217955303372571,0.6,-0.7307731820235427,7.6158940397351,1,Low-wicket expensive group
8cf9814c,8cf9814c,Mohammed Shami,IPL,bowl,12,2013,2026,,,,,,,,,,,,131.0,,,,,,,131.0,4171.0,2896.0,143.0,2119.0,1646.0,759.0,528.0,1293.0,722.0,155.0,9.0,8.64157458563536,20.251748251748253,1.0916030534351144,0.32113259668508287,0.018646408839779006,7.7241798298906446,8.625,10.745152354570639,10,0.3058244307429961,0.9290780141843972,0.28413475480377653,68.87417218543047,3,Attacking wicket-takers
8d2c70ad,8d2c70ad,Kuldeep Yadav,IPL,bowl,10,2016,2026,,,,,,,,,,,,106.0,,,,,,,106.0,3130.0,2262.0,109.0,87.0,60.0,2513.0,1838.0,530.0,364.0,55.0,3.0,8.30238726790451,20.75229357798165,1.028301886792453,0.14588859416445624,0.007957559681697613,8.7,8.20348204570185,8.736263736263735,10,0.355700160955474,0.9137931034482759,0.3250363539765538,72.18543046357617,2,Economy support bowlers
8f6dd463,8f6dd463,Azmatullah Omarzai,IPL,bowl,3,2024,2026,,,,,,,,,,,,17.0,,,,,,,17.0,539.0,336.0,14.0,283.0,174.0,140.0,96.0,116.0,66.0,16.0,0.0,9.625,24.0,0.8235294117647058,0.2857142857142857,0.0,9.758620689655173,8.75,10.545454545454545,10,-0.49121784254754364,0.6296296296296297,-0.3092853082706758,21.52317880794702,3,Attacking wicket-takers
8fd1a8f5,8fd1a8f5,DW Steyn,IPL,bowl,11,2008,2020,,,,,,,,,,,,95.0,,,,,,,95.0,2523.0,2182.0,97.0,1199.0,1140.0,447.0,408.0,877.0,634.0,110.0,7.0,6.937671860678277,22.49484536082474,1.0210526315789474,0.3024747937671861,0.01924839596700275,6.310526315789474,6.5735294117647065,8.299684542586752,10,0.839107179297926,0.9047619047619048,0.7591922098409807,95.03311258278146,0,High-impact strike/control bowlers
9061a703,9061a703,J Little,IPL,bowl,2,2023,2024,,,,,,,,,,,,11.0,,,,,,,11.0,339.0,228.0,11.0,121.0,78.0,129.0,96.0,89.0,54.0,8.0,0.0,8.921052631578949,20.727272727272727,1.0,0.21052631578947367,0.0,9.307692307692308,8.0625,9.88888888888889,10,0.07928645114786036,0.5238095238095238,0.041530998220307626,50.993377483443716,3,Attacking wicket-takers
90de905a,90de905a,K Gowtham,IPL,bowl,6,2018,2024,,,,,,,,,,,,35.0,,,,,,,35.0,808.0,588.0,21.0,386.0,270.0,372.0,294.0,50.0,24.0,11.0,0.0,8.244897959183673,28.0,0.6,0.11224489795918367,0.0,8.577777777777778,7.591836734693878,12.5,10,-0.3074123365909027,0.7777777777777778,-0.23909848401514666,27.483443708609272,2,Economy support bowlers
9170ff49,9170ff49,Parvez Rasool,IPL,bowl,4,2013,2016,,,,,,,,,,,,11.0,,,,,,,11.0,271.0,198.0,4.0,100.0,66.0,171.0,132.0,0.0,0.0,3.0,0.0,8.212121212121213,49.5,0.36363636363636365,0.09090909090909091,0.0,9.09090909090909,7.7727272727272725,,10,-1.1804399707918771,0.5238095238095238,-0.6183256989862216,9.602649006622517,1,Low-wicket expensive group
91a4a398,91a4a398,Z Khan,IPL,bowl,10,2008,2017,,,,,,,,,,,,99.0,,,,,,,99.0,2782.0,2200.0,102.0,1452.0,1292.0,414.0,301.0,916.0,607.0,89.0,2.0,7.587272727272728,21.568627450980394,1.0303030303030303,0.2427272727272727,0.005454545454545455,6.743034055727555,8.252491694352159,9.054365733113674,10,0.618255436628532,0.908256880733945,0.5615347543690337,86.09271523178808,0,High-impact strike/control bowlers
91ffa6c6,91ffa6c6,JD Ryder,IPL,bowl,3,2009,2012,,,,,,,,,,,,16.0,,,,,,,16.0,303.0,236.0,8.0,7.0,6.0,241.0,204.0,55.0,26.0,6.0,0.0,7.703389830508474,29.5,0.5,0.15254237288135594,0.0,7.0,7.088235294117647,12.692307692307693,10,-0.24693479762699236,0.6153846153846154,-0.15195987546276468,34.105960264900666,2,Economy support bowlers
9219eff0,9219eff0,JDS Neesham,IPL,bowl,4,2014,2022,,,,,,,,,,,,13.0,,,,,,,13.0,334.0,216.0,8.0,63.0,36.0,231.0,168.0,40.0,12.0,6.0,0.0,9.277777777777779,27.0,0.6153846153846154,0.16666666666666666,0.0,10.5,8.25,20.0,10,-0.6715285458294142,0.5652173913043478,-0.3795596128601038,16.887417218543046,1,Low-wicket expensive group
93a17209,93a17209,VY Mahesh,IPL,bowl,4,2008,2012,,,,,,,,,,,,17.0,,,,,,,17.0,499.0,339.0,21.0,149.0,78.0,270.0,198.0,80.0,63.0,14.0,7.0,8.831858407079647,16.142857142857142,1.2352941176470589,0.24778761061946902,0.12389380530973451,11.461538461538462,8.181818181818182,7.619047619047619,10,0.5090237394165218,0.6296296296296297,0.32049642852151355,71.52317880794702,3,Attacking wicket-takers
9440ef41,9440ef41,Suyash Sharma,IPL,bowl,4,2023,2026,,,,,,,,,,,,38.0,,,,,,,38.0,1154.0,785.0,26.0,22.0,18.0,986.0,672.0,146.0,95.0,21.0,1.0,8.820382165605094,30.192307692307693,0.6842105263157895,0.1605095541401274,0.007643312101910828,7.333333333333334,8.803571428571427,9.221052631578946,10,-0.5059974845709697,0.7916666666666666,-0.4005813419520177,15.2317880794702,2,Economy support bowlers
94d7f855,94d7f855,C de Grandhomme,IPL,bowl,3,2017,2019,,,,,,,,,,,,19.0,,,,,,,19.0,319.0,216.0,6.0,13.0,12.0,277.0,190.0,29.0,14.0,16.0,2.0,8.86111111111111,36.0,0.3157894736842105,0.4444444444444444,0.05555555555555555,6.5,8.747368421052633,12.42857142857143,10,-1.099840845160093,0.6551724137931034,-0.7205853813117851,7.9470198675496695,1,Low-wicket expensive group
957532de,957532de,S Aravind,IPL,bowl,5,2011,2017,,,,,,,,,,,,38.0,,,,,,,38.0,1039.0,760.0,45.0,536.0,426.0,265.0,186.0,238.0,148.0,31.0,1.0,8.202631578947368,16.88888888888889,1.1842105263157894,0.24473684210526317,0.007894736842105263,7.549295774647887,8.548387096774194,9.64864864864865,10,0.6805403056942849,0.7916666666666666,0.5387610753413088,84.76821192052981,0,High-impact strike/control bowlers
96fd40ae,96fd40ae,A Nehra,IPL,bowl,9,2008,2017,,,,,,,,,,,,88.0,,,,,,,88.0,2495.0,1908.0,106.0,1366.0,1093.0,351.0,288.0,778.0,527.0,64.0,9.0,7.845911949685535,18.0,1.2045454545454546,0.20125786163522014,0.02830188679245283,7.498627630375115,7.3125,8.857685009487666,10,0.8125771959103006,0.8979591836734694,0.7296611555112904,93.37748344370861,0,High-impact strike/control bowlers
983f2f61,983f2f61,Swapnil Singh,IPL,bowl,4,2016,2024,,,,,,,,,,,,14.0,,,,,,,14.0,241.0,162.0,7.0,62.0,42.0,179.0,120.0,0.0,0.0,2.0,1.0,8.925925925925926,23.142857142857142,0.5,0.07407407407407407,0.037037037037037035,8.857142857142858,8.95,,10,-0.548107693474371,0.5833333333333334,-0.31972948786004995,20.86092715231788,2,Economy support bowlers
98ae73b1,98ae73b1,PP Chawla,IPL,bowl,16,2008,2024,,,,,,,,,,,,191.0,,,,,,,191.0,5108.0,3850.0,192.0,571.0,437.0,3896.0,2969.0,641.0,444.0,79.0,2.0,7.960519480519481,20.052083333333332,1.0052356020942408,0.12311688311688312,0.003116883116883117,7.839816933638444,7.873358033007747,8.662162162162161,10,0.4861552465973399,0.9502487562189055,0.4619684184084175,81.45695364238411,0,High-impact strike/control bowlers
99b202b3,99b202b3,A Chandila,IPL,bowl,2,2012,2013,,,,,,,,,,,,12.0,,,,,,,12.0,242.0,234.0,11.0,137.0,144.0,99.0,84.0,6.0,6.0,0.0,0.0,6.205128205128206,21.272727272727273,0.9166666666666666,0.0,0.0,5.708333333333333,7.071428571428571,6.0,10,1.0495218466449097,0.5454545454545454,0.5724664618063141,86.42384105960265,0,High-impact strike/control bowlers
9a158001,9a158001,Azhar Mahmood,IPL,bowl,3,2012,2015,,,,,,,,,,,,23.0,,,,,,,23.0,700.0,537.0,29.0,162.0,144.0,204.0,186.0,334.0,207.0,14.0,5.0,7.82122905027933,18.517241379310345,1.2608695652173914,0.1564245810055866,0.0558659217877095,6.75,6.580645161290322,9.681159420289855,10,0.8699459528714214,0.696969696969697,0.6063259671528087,88.41059602649007,0,High-impact strike/control bowlers
9caf69a1,9caf69a1,WG Jacks,IPL,bowl,3,2024,2026,,,,,,,,,,,,17.0,,,,,,,17.0,295.0,174.0,9.0,99.0,48.0,185.0,120.0,11.0,6.0,13.0,1.0,10.172413793103448,19.333333333333332,0.5294117647058824,0.4482758620689655,0.034482758620689655,12.375,9.25,11.0,10,-0.9000014612391337,0.6296296296296297,-0.5666675867061214,10.264900662251655,3,Attacking wicket-takers
9d430b40,9d430b40,SP Narine,IPL,bowl,15,2012,2026,,,,,,,,,,,,198.0,,,,,,,198.0,5222.0,4612.0,207.0,1145.0,993.0,2742.0,2520.0,1335.0,1099.0,89.0,6.0,6.793581960104077,22.280193236714975,1.0454545454545454,0.11578490893321769,0.007805724197745013,6.9184290030211475,6.5285714285714285,7.2884440400363975,10,0.9296628898453382,0.9519230769230769,0.8849675586027738,98.01324503311258,0,High-impact strike/control bowlers
9d80c5e1,9d80c5e1,S Nadeem,IPL,bowl,11,2011,2021,,,,,,,,,,,,70.0,,,,,,,70.0,1784.0,1415.0,48.0,411.0,300.0,1192.0,1001.0,181.0,114.0,27.0,4.0,7.564664310954063,29.479166666666668,0.6857142857142857,0.11448763250883393,0.01696113074204947,8.22,7.144855144855145,9.526315789473685,10,0.015058221957466533,0.875,0.013175944212783168,48.01324503311258,2,Economy support bowlers
9eb1455b,9eb1455b,NT Ellis,IPL,bowl,5,2021,2025,,,,,,,,,,,,17.0,,,,,,,17.0,546.0,378.0,19.0,120.0,102.0,181.0,138.0,245.0,138.0,10.0,3.0,8.666666666666666,19.894736842105264,1.1176470588235294,0.15873015873015872,0.047619047619047616,7.0588235294117645,7.869565217391305,10.652173913043477,10,0.33514242465218935,0.6296296296296297,0.2110156007069339,63.24503311258278,0,High-impact strike/control bowlers
9f961c14,9f961c14,Joginder Sharma,IPL,bowl,4,2008,2011,,,,,,,,,,,,15.0,,,,,,,15.0,419.0,256.0,12.0,48.0,24.0,266.0,180.0,105.0,52.0,10.0,7.0,9.8203125,21.333333333333332,0.8,0.234375,0.1640625,12.0,8.866666666666667,12.115384615384615,10,-0.5175905941408616,0.6,-0.3105543564845171,21.192052980132452,3,Attacking wicket-takers
9fc0ef64,9fc0ef64,PJ Sangwan,IPL,bowl,9,2008,2022,,,,,,,,,,,,42.0,,,,,,,42.0,1240.0,856.0,38.0,509.0,354.0,512.0,366.0,219.0,136.0,52.0,6.0,8.69158878504673,22.526315789473685,0.9047619047619048,0.3644859813084112,0.04205607476635514,8.627118644067796,8.39344262295082,9.661764705882353,10,0.01245404828333737,0.8076923076923077,0.010059038998080111,47.682119205298015,3,Attacking wicket-takers
a12e1d51,a12e1d51,SL Malinga,IPL,bowl,9,2009,2019,,,,,,,,,,,,122.0,,,,,,,122.0,3366.0,2827.0,170.0,1161.0,1110.0,741.0,600.0,1464.0,1117.0,152.0,20.0,7.14396887159533,16.629411764705882,1.3934426229508197,0.3226034665723382,0.04244782454899187,6.275675675675675,7.41,7.863921217547001,10,1.340928144382278,0.9242424242424242,1.239342678898772,99.66887417218543,0,High-impact strike/control bowlers
a2f46292,a2f46292,KK Ahmed,IPL,bowl,9,2018,2026,,,,,,,,,,,,76.0,,,,,,,76.0,2474.0,1657.0,91.0,1348.0,978.0,370.0,264.0,756.0,415.0,80.0,8.0,8.958358479179239,18.208791208791208,1.1973684210526316,0.28968014484007243,0.028968014484007244,8.269938650306749,8.40909090909091,10.93012048192771,10,0.35674517405169387,0.8837209302325582,0.3152631770689387,70.52980132450331,3,Attacking wicket-takers
a45a5e8d,a45a5e8d,AM Nayar,IPL,bowl,5,2008,2013,,,,,,,,,,,,19.0,,,,,,,19.0,322.0,229.0,9.0,10.0,6.0,303.0,217.0,9.0,6.0,11.0,0.0,8.436681222707424,25.444444444444443,0.47368421052631576,0.28820960698689957,0.0,10.0,8.377880184331797,9.0,10,-0.449782397647882,0.6551724137931034,-0.29468501914861245,22.8476821192053,3,Attacking wicket-takers
a4e37e47,a4e37e47,S Dube,IPL,bowl,7,2019,2026,,,,,,,,,,,,18.0,,,,,,,18.0,262.0,148.0,6.0,0.0,0.0,186.0,108.0,76.0,40.0,12.0,0.0,10.621621621621621,24.666666666666668,0.3333333333333333,0.4864864864864865,0.0,,10.333333333333334,11.399999999999999,10,-1.4508738663018288,0.6428571428571429,-0.9327046283368902,3.642384105960265,3,Attacking wicket-takers
a757b0d8,a757b0d8,KA Pollard,IPL,bowl,11,2010,2022,,,,,,,,,,,,107.0,,,,,,,107.0,2180.0,1488.0,69.0,59.0,36.0,1514.0,1115.0,607.0,337.0,95.0,8.0,8.790322580645162,21.565217391304348,0.6448598130841121,0.38306451612903225,0.03225806451612903,9.833333333333332,8.147085201793722,10.807121661721068,10,-0.2875899098002811,0.9145299145299145,-0.2630095756293169,24.834437086092713,3,Attacking wicket-takers
a818c1be,a818c1be,TA Boult,IPL,bowl,12,2015,2026,,,,,,,,,,,,124.0,,,,,,,124.0,3950.0,2784.0,145.0,2060.0,1660.0,572.0,378.0,1318.0,746.0,131.0,2.0,8.512931034482758,19.2,1.1693548387096775,0.2823275862068966,0.004310344827586207,7.445783132530121,9.079365079365079,10.600536193029491,10,0.4737829019199249,0.9253731343283582,0.43842596894082597,79.80132450331125,3,Attacking wicket-takers
a97c8ec2,a97c8ec2,PWH de Silva,IPL,bowl,4,2021,2025,,,,,,,,,,,,37.0,,,,,,,37.0,1119.0,798.0,46.0,99.0,60.0,855.0,618.0,165.0,120.0,12.0,0.0,8.413533834586467,17.347826086956523,1.2432432432432432,0.09022556390977443,0.0,9.899999999999999,8.300970873786408,8.25,10,0.6490466731817293,0.7872340425531915,0.5109516363345528,83.11258278145695,0,High-impact strike/control bowlers
a9fd84fb,a9fd84fb,M Markande,IPL,bowl,7,2018,2026,,,,,,,,,,,,40.0,,,,,,,40.0,1145.0,750.0,37.0,0.0,0.0,968.0,654.0,177.0,96.0,18.0,1.0,9.16,20.27027027027027,0.925,0.14400000000000002,0.008,,8.880733944954128,11.0625,10,-0.08566917778848461,0.8,-0.06853534223078778,41.05960264900662,3,Attacking wicket-takers
aa8d28ae,aa8d28ae,D Wiese,IPL,bowl,3,2015,2023,,,,,,,,,,,,15.0,,,,,,,15.0,440.0,296.0,16.0,85.0,72.0,250.0,162.0,105.0,62.0,11.0,1.0,8.91891891891892,18.5,1.0666666666666667,0.22297297297297297,0.02027027027027027,7.083333333333334,9.25925925925926,10.161290322580646,10,0.21877795561360758,0.6,0.13126677336816436,58.27814569536424,3,Attacking wicket-takers
aaa1b522,aaa1b522,TL Suman,IPL,bowl,4,2009,2013,,,,,,,,,,,,11.0,,,,,,,11.0,197.0,150.0,6.0,5.0,6.0,144.0,120.0,48.0,24.0,0.0,2.0,7.879999999999999,25.0,0.5454545454545454,0.0,0.08,5.0,7.199999999999999,12.0,10,-0.13608581104393339,0.5238095238095238,-0.07128304388015577,40.397350993377486,2,Economy support bowlers
aad0c365,aad0c365,Nithish Kumar Reddy,IPL,bowl,4,2023,2026,,,,,,,,,,,,24.0,,,,,,,24.0,555.0,307.0,12.0,140.0,84.0,325.0,186.0,90.0,37.0,20.0,3.0,10.846905537459282,25.583333333333332,0.5,0.39087947882736157,0.05863192182410423,10.0,10.483870967741936,14.594594594594595,10,-1.3817915018884719,0.7058823529411765,-0.9753822366271568,3.3112582781456954,3,Attacking wicket-takers
ab89348d,ab89348d,MF Maharoof,IPL,bowl,3,2008,2010,,,,,,,,,,,,20.0,,,,,,,20.0,520.0,420.0,27.0,208.0,168.0,159.0,150.0,153.0,102.0,21.0,5.0,7.428571428571429,15.555555555555555,1.35,0.30000000000000004,0.07142857142857142,7.428571428571429,6.36,9.0,10,1.2107835611226894,0.6666666666666666,0.8071890407484594,97.01986754966887,0,High-impact strike/control bowlers
abfeb126,abfeb126,M Kartik,IPL,bowl,7,2008,2014,,,,,,,,,,,,55.0,,,,,,,55.0,1388.0,1149.0,31.0,208.0,179.0,974.0,816.0,206.0,154.0,42.0,5.0,7.248041775456919,37.064516129032256,0.5636363636363636,0.2193211488250653,0.02610966057441253,6.972067039106146,7.161764705882353,8.025974025974026,10,-0.21477320904096447,0.8461538461538461,-0.18173117688081614,30.79470198675497,2,Economy support bowlers
ac5ae4af,ac5ae4af,I Udana,IPL,bowl,1,2020,2020,,,,,,,,,,,,10.0,,,,,,,10.0,282.0,174.0,8.0,103.0,54.0,87.0,60.0,92.0,60.0,8.0,0.0,9.724137931034482,21.75,0.8,0.27586206896551724,0.0,11.444444444444445,8.7,9.200000000000001,10,-0.4914782564497203,0.5,-0.24573912822486035,26.490066225165563,3,Attacking wicket-takers
acdc62f5,acdc62f5,A Nortje,IPL,bowl,7,2020,2026,,,,,,,,,,,,49.0,,,,,,,49.0,1696.0,1120.0,61.0,610.0,444.0,342.0,236.0,744.0,440.0,57.0,8.0,9.085714285714285,18.360655737704917,1.2448979591836735,0.3053571428571429,0.04285714285714286,8.243243243243242,8.694915254237287,10.145454545454545,10,0.354558787377411,0.8305084745762712,0.294464077652426,69.5364238410596,3,Attacking wicket-takers
acee4cc4,acee4cc4,Imran Tahir,IPL,bowl,8,2014,2021,,,,,,,,,,,,59.0,,,,,,,59.0,1703.0,1316.0,82.0,85.0,54.0,1131.0,941.0,487.0,321.0,38.0,1.0,7.764437689969606,16.048780487804876,1.3898305084745763,0.17325227963525835,0.004559270516717325,9.444444444444445,7.211477151965993,9.102803738317757,10,1.1073363961089921,0.855072463768116,0.9468528604410223,99.00662251655629,0,High-impact strike/control bowlers
ad427b5c,ad427b5c,Lalit Yadav,IPL,bowl,4,2021,2024,,,,,,,,,,,,19.0,,,,,,,19.0,425.0,288.0,10.0,153.0,96.0,226.0,168.0,46.0,24.0,5.0,1.0,8.854166666666666,28.8,0.5263157894736842,0.10416666666666667,0.020833333333333332,9.5625,8.071428571428573,11.5,10,-0.6544307672030407,0.6551724137931034,-0.42876498540888885,13.57615894039735,1,Low-wicket expensive group
addfb70e,addfb70e,SW Tait,IPL,bowl,4,2010,2013,,,,,,,,,,,,21.0,,,,,,,21.0,640.0,473.0,23.0,294.0,228.0,139.0,95.0,207.0,150.0,69.0,14.0,8.118393234672304,20.565217391304348,1.0952380952380953,0.8752642706131077,0.17758985200845664,7.7368421052631575,8.778947368421054,8.28,10,0.5085517753197764,0.6774193548387096,0.3445028155392032,73.17880794701986,3,Attacking wicket-takers
ae78bc32,ae78bc32,MS Gony,IPL,bowl,7,2008,2017,,,,,,,,,,,,44.0,,,,,,,44.0,1287.0,888.0,37.0,711.0,486.0,368.0,282.0,208.0,120.0,32.0,5.0,8.695945945945946,24.0,0.8409090909090909,0.21621621621621623,0.033783783783783786,8.777777777777779,7.829787234042554,10.4,10,-0.1029411630682779,0.8148148148148148,-0.08387798472230057,39.0728476821192,3,Attacking wicket-takers
af7dadf7,af7dadf7,B Akhil,IPL,bowl,4,2008,2011,,,,,,,,,,,,13.0,,,,,,,13.0,242.0,188.0,6.0,12.0,6.0,138.0,132.0,92.0,50.0,5.0,2.0,7.723404255319148,31.333333333333332,0.46153846153846156,0.1595744680851064,0.06382978723404255,12.0,6.2727272727272725,11.040000000000001,10,-0.35077283288543587,0.5652173913043478,-0.19826290554394216,29.80132450331126,2,Economy support bowlers
b0946605,b0946605,AS Joseph,IPL,bowl,4,2019,2024,,,,,,,,,,,,22.0,,,,,,,22.0,691.0,434.0,21.0,181.0,108.0,307.0,198.0,203.0,128.0,21.0,1.0,9.55299539170507,20.666666666666668,0.9545454545454546,0.29032258064516125,0.013824884792626727,10.055555555555555,9.303030303030305,9.515625,10,-0.2204218365876286,0.6875,-0.15154001265399478,34.437086092715234,3,Attacking wicket-takers
b1451597,b1451597,LR Shukla,IPL,bowl,6,2008,2014,,,,,,,,,,,,27.0,,,,,,,27.0,447.0,314.0,15.0,50.0,26.0,275.0,210.0,122.0,78.0,16.0,2.0,8.54140127388535,20.933333333333334,0.5555555555555556,0.30573248407643316,0.038216560509554146,11.538461538461538,7.857142857142858,9.384615384615385,10,-0.2696078775784742,0.7297297297297297,-0.19674088363834616,30.132450331125828,3,Attacking wicket-takers
b1ad996b,b1ad996b,MP Yadav,IPL,bowl,3,2024,2026,,,,,,,,,,,,10.0,,,,,,,10.0,367.0,217.0,9.0,92.0,54.0,219.0,126.0,56.0,37.0,12.0,1.0,10.147465437788018,24.11111111111111,0.9,0.3317972350230415,0.027649769585253454,10.222222222222221,10.428571428571429,9.08108108108108,10,-0.616990828196687,0.5,-0.3084954140983437,21.85430463576159,3,Attacking wicket-takers
b2b50355,b2b50355,L Balaji,IPL,bowl,7,2008,2014,,,,,,,,,,,,73.0,,,,,,,73.0,2028.0,1512.0,76.0,522.0,450.0,653.0,560.0,853.0,502.0,72.0,4.0,8.047619047619047,19.894736842105264,1.0410958904109588,0.2857142857142857,0.015873015873015872,6.959999999999999,6.996428571428572,10.195219123505977,10,0.4959610645688067,0.8795180722891566,0.4362067194400347,79.47019867549669,0,High-impact strike/control bowlers
b483905d,b483905d,Akash Singh,IPL,bowl,4,2021,2026,,,,,,,,,,,,12.0,,,,,,,12.0,406.0,247.0,13.0,262.0,169.0,117.0,66.0,27.0,12.0,13.0,0.0,9.862348178137651,19.0,1.0833333333333333,0.3157894736842105,0.0,9.301775147928993,10.636363636363637,13.5,10,-0.15188828834636053,0.5454545454545454,-0.08284815727983319,39.40397350993378,3,Attacking wicket-takers
b4f5c2d9,b4f5c2d9,KL Nagarkoti,IPL,bowl,3,2020,2022,,,,,,,,,,,,11.0,,,,,,,11.0,285.0,180.0,5.0,45.0,30.0,182.0,120.0,58.0,30.0,5.0,0.0,9.5,36.0,0.45454545454545453,0.16666666666666666,0.0,9.0,9.1,11.6,10,-1.1994412728226378,0.5238095238095238,-0.6282787619547153,9.271523178807946,1,Low-wicket expensive group
b552a935,b552a935,AC Thomas,IPL,bowl,2,2011,2012,,,,,,,,,,,,15.0,,,,,,,15.0,406.0,315.0,14.0,191.0,180.0,22.0,24.0,193.0,111.0,10.0,2.0,7.733333333333334,22.5,0.9333333333333333,0.19047619047619047,0.0380952380952381,6.366666666666667,5.5,10.432432432432432,10,0.4255230959811771,0.6,0.25531385758870606,66.55629139072848,2,Economy support bowlers
b57f8a9a,b57f8a9a,BJ Hodge,IPL,bowl,5,2009,2013,,,,,,,,,,,,20.0,,,,,,,20.0,303.0,234.0,17.0,52.0,36.0,228.0,180.0,23.0,18.0,9.0,0.0,7.76923076923077,13.764705882352942,0.85,0.23076923076923078,0.0,8.666666666666666,7.6,7.666666666666666,10,0.572017281010875,0.6666666666666666,0.3813448540072499,75.49668874172185,0,High-impact strike/control bowlers
b681e71e,b681e71e,GJ Maxwell,IPL,bowl,13,2012,2025,,,,,,,,,,,,85.0,,,,,,,85.0,1413.0,1022.0,41.0,376.0,258.0,943.0,702.0,94.0,62.0,32.0,0.0,8.29549902152642,24.926829268292682,0.4823529411764706,0.18786692759295498,0.0,8.744186046511627,8.05982905982906,9.096774193548388,10,-0.3690723829326364,0.8947368421052632,-0.3302226584134116,20.198675496688743,2,Economy support bowlers
b8527c3d,b8527c3d,Rasikh Salam,IPL,bowl,5,2019,2026,,,,,,,,,,,,22.0,,,,,,,22.0,711.0,422.0,22.0,210.0,132.0,304.0,174.0,197.0,116.0,19.0,3.0,10.109004739336493,19.181818181818183,1.0,0.27014218009478674,0.042654028436018954,9.545454545454545,10.482758620689655,10.189655172413794,10,-0.3476878517581432,0.6875,-0.23903539808372357,27.81456953642384,3,Attacking wicket-takers
ba607b88,ba607b88,V Kohli,IPL,bowl,7,2008,2016,,,,,,,,,,,,26.0,,,,,,,26.0,368.0,251.0,4.0,0.0,0.0,312.0,225.0,56.0,26.0,8.0,6.0,8.796812749003983,62.75,0.15384615384615385,0.19123505976095617,0.14342629482071712,,8.32,12.923076923076923,10,-2.029929604996542,0.7222222222222222,-1.4660602702752803,0.33112582781456956,1,Low-wicket expensive group
bb18be76,bb18be76,SK Warne,IPL,bowl,4,2008,2011,,,,,,,,,,,,54.0,,,,,,,54.0,1447.0,1194.0,57.0,58.0,36.0,1065.0,942.0,324.0,216.0,39.0,0.0,7.271356783919598,20.94736842105263,1.0555555555555556,0.19597989949748745,0.0,9.666666666666668,6.78343949044586,9.0,10,0.7897875995039922,0.84375,0.6663832870814933,91.3907284768212,0,High-impact strike/control bowlers
bb351c23,bb351c23,MM Ali,IPL,bowl,8,2018,2025,,,,,,,,,,,,57.0,,,,,,,57.0,1029.0,854.0,41.0,88.0,96.0,869.0,701.0,72.0,57.0,14.0,1.0,7.22950819672131,20.829268292682926,0.7192982456140351,0.09836065573770492,0.00702576112412178,5.5,7.437945791726105,7.578947368421052,10,0.4363124128014321,0.8507462686567164,0.3711911571594273,74.17218543046357,2,Economy support bowlers
bbd41817,bbd41817,AD Russell,IPL,bowl,13,2012,2025,,,,,,,,,,,,121.0,,,,,,,121.0,2863.0,1806.0,123.0,573.0,407.0,1240.0,813.0,1050.0,586.0,77.0,13.0,9.511627906976743,14.682926829268293,1.0165289256198347,0.2558139534883721,0.04318936877076412,8.447174447174447,9.15129151291513,10.750853242320819,10,0.038384569913223365,0.9236641221374046,0.03545445007251926,50.0,3,Attacking wicket-takers
bcce309e,bcce309e,WPUJC Vaas,IPL,bowl,3,2008,2010,,,,,,,,,,,,13.0,,,,,,,13.0,355.0,282.0,18.0,204.0,198.0,57.0,36.0,94.0,48.0,8.0,2.0,7.553191489361703,15.666666666666666,1.3846153846153846,0.1702127659574468,0.0425531914893617,6.181818181818182,9.5,11.75,10,1.1965202436422477,0.5652173913043478,0.6762940507543138,92.05298013245033,0,High-impact strike/control bowlers
bd17b45f,bd17b45f,STR Binny,IPL,bowl,10,2010,2019,,,,,,,,,,,,63.0,,,,,,,63.0,758.0,594.0,22.0,193.0,156.0,468.0,378.0,97.0,60.0,16.0,1.0,7.6565656565656575,27.0,0.3492063492063492,0.1616161616161616,0.0101010101010101,7.423076923076923,7.428571428571429,9.7,10,-0.3233441113220252,0.863013698630137,-0.27905039744229576,24.17218543046358,2,Economy support bowlers
bd77eb62,bd77eb62,A Symonds,IPL,bowl,4,2008,2011,,,,,,,,,,,,30.0,,,,,,,30.0,674.0,527.0,20.0,106.0,114.0,423.0,330.0,145.0,83.0,17.0,1.0,7.673624288425048,26.35,0.6666666666666666,0.1935483870967742,0.011385199240986717,5.578947368421053,7.6909090909090905,10.481927710843372,10,0.0413708130010544,0.75,0.031028109750790702,49.668874172185426,2,Economy support bowlers
c03c6200,c03c6200,DJG Sammy,IPL,bowl,3,2013,2015,,,,,,,,,,,,19.0,,,,,,,19.0,350.0,236.0,11.0,34.0,24.0,207.0,162.0,109.0,50.0,7.0,2.0,8.898305084745763,21.454545454545453,0.5789473684210527,0.17796610169491525,0.05084745762711865,8.5,7.666666666666666,13.080000000000002,10,-0.40048202531566834,0.6551724137931034,-0.2623847752068173,25.165562913907287,3,Attacking wicket-takers
c05edf8e,c05edf8e,Harpreet Brar,IPL,bowl,8,2019,2026,,,,,,,,,,,,48.0,,,,,,,48.0,1145.0,859.0,37.0,254.0,156.0,793.0,648.0,98.0,55.0,22.0,1.0,7.997671711292201,23.216216216216218,0.7708333333333334,0.15366705471478462,0.006984866123399301,9.76923076923077,7.342592592592593,10.690909090909091,10,0.11926438445084159,0.8275862068965517,0.098701559545524,55.960264900662246,2,Economy support bowlers
c0c411cb,c0c411cb,Naveen-ul-Haq,IPL,bowl,2,2023,2024,,,,,,,,,,,,17.0,,,,,,,17.0,591.0,387.0,25.0,232.0,144.0,103.0,84.0,256.0,159.0,15.0,5.0,9.162790697674419,15.48,1.4705882352941178,0.23255813953488372,0.07751937984496124,9.666666666666668,7.357142857142858,9.660377358490567,10,0.6581859792344747,0.6296296296296297,0.41441339433281726,78.47682119205298,3,Attacking wicket-takers
c18496e1,c18496e1,Bipul Sharma,IPL,bowl,7,2010,2017,,,,,,,,,,,,28.0,,,,,,,28.0,572.0,426.0,17.0,76.0,74.0,412.0,318.0,84.0,34.0,15.0,0.0,8.056338028169014,25.058823529411764,0.6071428571428571,0.2112676056338028,0.0,6.162162162162161,7.7735849056603765,14.823529411764707,10,-0.13929940788124287,0.7368421052631579,-0.10264166896512641,37.086092715231786,1,Low-wicket expensive group
c24a2c5d,c24a2c5d,S Tyagi,IPL,bowl,2,2009,2010,,,,,,,,,,,,14.0,,,,,,,14.0,295.0,209.0,6.0,225.0,168.0,38.0,30.0,32.0,11.0,8.0,3.0,8.4688995215311,34.833333333333336,0.42857142857142855,0.2296650717703349,0.0861244019138756,8.035714285714285,7.6,17.454545454545453,10,-0.7849624613269897,0.5833333333333334,-0.45789476910741084,11.920529801324504,1,Low-wicket expensive group
c33d8116,c33d8116,Mohsin Khan,IPL,bowl,4,2022,2026,,,,,,,,,,,,29.0,,,,,,,29.0,869.0,630.0,38.0,408.0,312.0,198.0,156.0,263.0,162.0,29.0,0.0,8.276190476190475,16.57894736842105,1.3103448275862069,0.2761904761904762,0.0,7.846153846153847,7.615384615384615,9.74074074074074,10,0.8004267690806892,0.7435897435897436,0.5951891359830765,87.74834437086093,0,High-impact strike/control bowlers
c38d3503,c38d3503,Shivam Mavi,IPL,bowl,4,2018,2022,,,,,,,,,,,,32.0,,,,,,,32.0,942.0,649.0,30.0,407.0,300.0,185.0,162.0,350.0,187.0,33.0,6.0,8.708782742681048,21.633333333333333,0.9375,0.3050847457627119,0.05546995377503852,8.14,6.851851851851851,11.229946524064172,10,0.06788752964044947,0.7619047619047619,0.05172383210700903,51.98675496688742,3,Attacking wicket-takers
c3d1402f,c3d1402f,RP Singh,IPL,bowl,7,2008,2016,,,,,,,,,,,,82.0,,,,,,,82.0,2338.0,1775.0,90.0,1195.0,1002.0,331.0,246.0,812.0,527.0,89.0,13.0,7.903098591549297,19.72222222222222,1.0975609756097562,0.30084507042253517,0.043943661971830986,7.155688622754491,8.073170731707316,9.244781783681214,10,0.6210820944995135,0.8913043478260869,0.5535731711843489,85.76158940397352,0,High-impact strike/control bowlers
c3d35165,c3d35165,JA Morkel,IPL,bowl,9,2008,2016,,,,,,,,,,,,87.0,,,,,,,87.0,2359.0,1723.0,85.0,1268.0,900.0,584.0,498.0,507.0,325.0,85.0,18.0,8.214741729541498,20.270588235294117,0.9770114942528736,0.2959953569355775,0.06268136970400465,8.453333333333333,7.036144578313253,9.36,10,0.34750331846447907,0.8969072164948454,0.3116782340866977,70.19867549668875,0,High-impact strike/control bowlers
c404f58a,c404f58a,DP Nannes,IPL,bowl,4,2009,2013,,,,,,,,,,,,29.0,,,,,,,29.0,785.0,646.0,28.0,360.0,342.0,121.0,96.0,304.0,208.0,47.0,4.0,7.291021671826625,23.071428571428573,0.9655172413793104,0.436532507739938,0.03715170278637771,6.315789473684211,7.5625,8.769230769230768,10,0.6203651446948667,0.7435897435897436,0.46129715887567,81.12582781456953,0,High-impact strike/control bowlers
c5aef772,c5aef772,R Shepherd,IPL,bowl,4,2022,2026,,,,,,,,,,,,26.0,,,,,,,26.0,654.0,336.0,17.0,37.0,24.0,422.0,228.0,195.0,84.0,21.0,1.0,11.678571428571429,19.764705882352942,0.6538461538461539,0.375,0.017857142857142856,9.25,11.105263157894736,13.92857142857143,10,-1.3724533129661185,0.7222222222222222,-0.9912162815866412,2.980132450331126,3,Attacking wicket-takers
c64c2443,c64c2443,J Syed Mohammad,IPL,bowl,3,2011,2013,,,,,,,,,,,,11.0,,,,,,,11.0,283.0,192.0,8.0,14.0,18.0,236.0,156.0,33.0,18.0,4.0,0.0,8.84375,24.0,0.7272727272727273,0.125,0.0,4.666666666666667,9.076923076923077,11.0,10,-0.2878702166854957,0.5238095238095238,-0.15078916112097412,34.7682119205298,2,Economy support bowlers
c654af19,c654af19,R McLaren,IPL,bowl,3,2010,2013,,,,,,,,,,,,18.0,,,,,,,18.0,542.0,354.0,12.0,212.0,150.0,180.0,120.0,150.0,84.0,19.0,3.0,9.186440677966102,29.5,0.6666666666666666,0.3220338983050847,0.05084745762711865,8.48,9.0,10.714285714285715,10,-0.6507879907508491,0.6428571428571429,-0.4183637083398317,14.23841059602649,3,Attacking wicket-takers
c7a995d3,c7a995d3,R Sai Kishore,IPL,bowl,4,2022,2026,,,,,,,,,,,,27.0,,,,,,,27.0,697.0,465.0,33.0,33.0,18.0,521.0,366.0,143.0,81.0,12.0,0.0,8.993548387096775,14.090909090909092,1.2222222222222223,0.15483870967741936,0.0,11.0,8.540983606557376,10.592592592592593,10,0.48979394575977897,0.7297297297297297,0.3574172036625413,73.84105960264901,3,Attacking wicket-takers
c8179c68,c8179c68,SB Jakati,IPL,bowl,7,2009,2017,,,,,,,,,,,,57.0,,,,,,,57.0,1451.0,1085.0,47.0,138.0,96.0,1109.0,858.0,204.0,131.0,27.0,2.0,8.023963133640553,23.085106382978722,0.8245614035087719,0.14930875576036867,0.011059907834101382,8.625,7.755244755244755,9.34351145038168,10,0.17230694879897368,0.8507462686567164,0.14658949375435068,59.27152317880795,2,Economy support bowlers
caf69bf7,caf69bf7,DR Sams,IPL,bowl,3,2020,2022,,,,,,,,,,,,16.0,,,,,,,16.0,523.0,360.0,14.0,209.0,180.0,163.0,114.0,151.0,66.0,32.0,2.0,8.716666666666667,25.714285714285715,0.875,0.5333333333333333,0.03333333333333333,6.966666666666667,8.578947368421053,13.727272727272728,10,-0.12301495147700961,0.6153846153846154,-0.07570150860123684,39.735099337748345,3,Attacking wicket-takers
cc1e8c68,cc1e8c68,UT Yadav,IPL,bowl,14,2010,2024,,,,,,,,,,,,147.0,,,,,,,147.0,4332.0,3056.0,144.0,1869.0,1452.0,1178.0,872.0,1285.0,732.0,122.0,25.0,8.50523560209424,21.22222222222222,0.9795918367346939,0.2395287958115183,0.04908376963350786,7.723140495867769,8.105504587155963,10.532786885245901,10,0.20740396226713012,0.9363057324840764,0.194193518810625,61.920529801324506,3,Attacking wicket-takers
cdc6bdba,cdc6bdba,S Sandeep Warrier,IPL,bowl,4,2019,2024,,,,,,,,,,,,10.0,,,,,,,10.0,253.0,168.0,8.0,208.0,138.0,45.0,30.0,0.0,0.0,6.0,2.0,9.035714285714285,21.0,0.8,0.21428571428571427,0.07142857142857142,9.043478260869566,9.0,,10,-0.1963232655934357,0.5,-0.09816163279671804,37.41721854304636,3,Attacking wicket-takers
ce794613,ce794613,T Natarajan,IPL,bowl,8,2017,2026,,,,,,,,,,,,73.0,,,,,,,73.0,2378.0,1553.0,73.0,545.0,390.0,764.0,532.0,1069.0,631.0,82.0,1.0,9.187379265936897,21.273972602739725,1.0,0.3168061815840309,0.0038634900193174502,8.384615384615383,8.61654135338346,10.164817749603804,10,-0.04233837640509562,0.8795180722891566,-0.03723736719966246,44.370860927152314,3,Attacking wicket-takers
ce820073,ce820073,Sandeep Sharma,IPL,bowl,14,2013,2026,,,,,,,,,,,,142.0,,,,,,,142.0,4307.0,3163.0,151.0,2070.0,1744.0,848.0,630.0,1389.0,789.0,120.0,13.0,8.170091685109075,20.94701986754967,1.0633802816901408,0.2276319949415112,0.024660132785330382,7.121559633027522,8.076190476190476,10.562737642585551,10,0.44155965086881777,0.9342105263157895,0.4125096738379745,77.81456953642383,0,High-impact strike/control bowlers
cf73ad76,cf73ad76,JEC Franklin,IPL,bowl,2,2011,2012,,,,,,,,,,,,15.0,,,,,,,15.0,220.0,151.0,9.0,16.0,12.0,162.0,115.0,42.0,24.0,2.0,2.0,8.741721854304636,16.77777777777778,0.6,0.07947019867549669,0.07947019867549669,8.0,8.45217391304348,10.5,10,-0.17928614752511676,0.6,-0.10757168851507021,36.75496688741722,2,Economy support bowlers
d2a989fc,d2a989fc,DS Kulkarni,IPL,bowl,14,2008,2021,,,,,,,,,,,,92.0,,,,,,,92.0,2474.0,1787.0,86.0,1271.0,1018.0,614.0,425.0,589.0,344.0,103.0,7.0,8.306659205372132,20.77906976744186,0.9347826086956522,0.34583100167879127,0.023503077783995522,7.491159135559921,8.668235294117647,10.273255813953488,10,0.24934434958214968,0.9019607843137255,0.22489882511331147,65.23178807947019,3,Attacking wicket-takers
d45c29b1,d45c29b1,Ashwani Kumar,IPL,bowl,2,2025,2026,,,,,,,,,,,,10.0,,,,,,,10.0,334.0,183.0,17.0,67.0,36.0,157.0,102.0,110.0,45.0,11.0,2.0,10.950819672131148,10.764705882352942,1.7,0.360655737704918,0.06557377049180328,11.166666666666668,9.23529411764706,14.666666666666668,10,0.33965085856623617,0.5,0.1698254292831179,60.9271523178808,3,Attacking wicket-takers
d68e7f48,d68e7f48,R Rampaul,IPL,bowl,2,2013,2014,,,,,,,,,,,,12.0,,,,,,,12.0,309.0,268.0,16.0,161.0,162.0,47.0,54.0,101.0,52.0,8.0,2.0,6.917910447761194,16.75,1.3333333333333333,0.1791044776119403,0.04477611940298507,5.962962962962963,5.222222222222222,11.653846153846153,10,1.3604392083098917,0.5454545454545454,0.7420577499872134,94.03973509933775,0,High-impact strike/control bowlers
d7c6af50,d7c6af50,DL Vettori,IPL,bowl,5,2008,2012,,,,,,,,,,,,34.0,,,,,,,34.0,879.0,777.0,28.0,97.0,90.0,561.0,522.0,221.0,165.0,8.0,0.0,6.787644787644787,27.75,0.8235294117647058,0.06177606177606178,0.0,6.466666666666667,6.448275862068965,8.036363636363635,10,0.5268813755713665,0.7727272727272727,0.4071356083960558,76.82119205298014,2,Economy support bowlers
d8b2f218,d8b2f218,BB Sran,IPL,bowl,5,2015,2019,,,,,,,,,,,,24.0,,,,,,,24.0,757.0,483.0,18.0,350.0,228.0,267.0,168.0,140.0,87.0,32.0,7.0,9.403726708074535,26.833333333333332,0.75,0.3975155279503106,0.08695652173913043,9.210526315789474,9.535714285714285,9.655172413793103,10,-0.567182595796305,0.7058823529411765,-0.4003641852679802,15.562913907284766,3,Attacking wicket-takers
d9273ee7,d9273ee7,MP Stoinis,IPL,bowl,11,2016,2026,,,,,,,,,,,,75.0,,,,,,,75.0,1547.0,935.0,46.0,250.0,159.0,910.0,601.0,387.0,175.0,44.0,2.0,9.927272727272728,20.32608695652174,0.6133333333333333,0.2823529411764706,0.012834224598930482,9.433962264150944,9.08485856905158,13.268571428571427,10,-0.7382122922499942,0.8823529411764706,-0.6513637872794066,8.609271523178808,3,Attacking wicket-takers
d92e42f5,d92e42f5,KP Appanna,IPL,bowl,3,2009,2012,,,,,,,,,,,,13.0,,,,,,,13.0,286.0,216.0,9.0,27.0,18.0,233.0,186.0,26.0,12.0,8.0,0.0,7.944444444444445,24.0,0.6923076923076923,0.2222222222222222,0.0,9.0,7.516129032258064,13.0,10,0.030446578732997713,0.5652173913043478,0.017208935805607235,48.675496688741724,2,Economy support bowlers
da934ee8,da934ee8,MK Lomror,IPL,bowl,5,2018,2024,,,,,,,,,,,,11.0,,,,,,,11.0,127.0,90.0,1.0,11.0,12.0,116.0,78.0,0.0,0.0,4.0,0.0,8.466666666666667,90.0,0.09090909090909091,0.26666666666666666,0.0,5.5,8.923076923076923,,10,-2.7589597074780623,0.5238095238095238,-1.4451693705837472,0.6622516556291391,1,Low-wicket expensive group
db31895a,db31895a,AS Rajpoot,IPL,bowl,6,2013,2020,,,,,,,,,,,,29.0,,,,,,,29.0,814.0,529.0,24.0,400.0,270.0,214.0,157.0,200.0,102.0,32.0,10.0,9.232514177693762,22.041666666666668,0.8275862068965517,0.3629489603024575,0.11342155009451796,8.88888888888889,8.178343949044585,11.76470588235294,10,-0.2740463157300477,0.7435897435897436,-0.2037780296454202,28.807947019867548,3,Attacking wicket-takers
db584dad,db584dad,CH Gayle,IPL,bowl,8,2009,2020,,,,,,,,,,,,38.0,,,,,,,38.0,729.0,554.0,18.0,162.0,120.0,342.0,282.0,225.0,152.0,46.0,3.0,7.8953068592057765,30.77777777777778,0.47368421052631576,0.4981949458483754,0.032490974729241874,8.100000000000001,7.276595744680852,8.881578947368421,10,-0.3894409373599536,0.7916666666666666,-0.30830740874329665,22.185430463576157,2,Economy support bowlers
dbe50b21,dbe50b21,HH Pandya,IPL,bowl,10,2015,2026,,,,,,,,,,,,115.0,,,,,,,115.0,2738.0,1752.0,82.0,694.0,432.0,1404.0,1000.0,640.0,320.0,90.0,10.0,9.376712328767123,21.365853658536587,0.7130434782608696,0.3082191780821918,0.03424657534246575,9.63888888888889,8.424,12.0,10,-0.4389518922777373,0.92,-0.4038357408955184,14.90066225165563,3,Attacking wicket-takers
dc4686e6,dc4686e6,BA Bhatt,IPL,bowl,3,2011,2013,,,,,,,,,,,,15.0,,,,,,,15.0,397.0,296.0,12.0,116.0,96.0,183.0,137.0,98.0,63.0,7.0,1.0,8.047297297297298,24.666666666666668,0.8,0.14189189189189189,0.02027027027027027,7.25,8.014598540145986,9.333333333333334,10,0.08989226527121735,0.6,0.053935359162730255,52.64900662251656,2,Economy support bowlers
dcf81436,dcf81436,S Kaul,IPL,bowl,8,2013,2022,,,,,,,,,,,,55.0,,,,,,,55.0,1739.0,1209.0,58.0,518.0,348.0,615.0,444.0,606.0,417.0,27.0,6.0,8.630272952853598,20.844827586206897,1.0545454545454545,0.13399503722084366,0.02977667493796526,8.93103448275862,8.31081081081081,8.719424460431656,10,0.2519496823203838,0.8461538461538461,0.21318819273263237,63.90728476821192,3,Attacking wicket-takers
dd09ff8e,dd09ff8e,B Lee,IPL,bowl,6,2008,2013,,,,,,,,,,,,38.0,,,,,,,38.0,1095.0,875.0,25.0,560.0,486.0,79.0,78.0,456.0,311.0,40.0,13.0,7.508571428571428,35.0,0.6578947368421053,0.2742857142857143,0.08914285714285713,6.913580246913581,6.076923076923077,8.79742765273312,10,-0.15366821579627798,0.7916666666666666,-0.12165400417205348,35.76158940397351,2,Economy support bowlers
dec8e038,dec8e038,J Theron,IPL,bowl,3,2010,2015,,,,,,,,,,,,10.0,,,,,,,10.0,302.0,221.0,11.0,100.0,65.0,57.0,54.0,145.0,102.0,12.0,2.0,8.199095022624434,20.09090909090909,1.1,0.3257918552036199,0.05429864253393665,9.230769230769232,6.333333333333334,8.529411764705882,10,0.495545583396753,0.5,0.2477727916983763,65.56291390728477,0,High-impact strike/control bowlers
ded9240e,ded9240e,PJ Cummins,IPL,bowl,9,2014,2026,,,,,,,,,,,,78.0,,,,,,,78.0,2568.0,1761.0,87.0,1096.0,762.0,661.0,522.0,811.0,477.0,92.0,3.0,8.749574105621805,20.24137931034483,1.1153846153846154,0.313458262350937,0.010221465076660989,8.62992125984252,7.597701149425287,10.20125786163522,10,0.28965038101422236,0.8863636363636364,0.2567355649898789,66.88741721854305,3,Attacking wicket-takers
df064e1a,df064e1a,Ravi Bishnoi,IPL,bowl,7,2020,2026,,,,,,,,,,,,85.0,,,,,,,85.0,2494.0,1789.0,83.0,198.0,138.0,1888.0,1386.0,408.0,265.0,65.0,6.0,8.364449413079932,21.55421686746988,0.9764705882352941,0.21799888205701506,0.020122973728339856,8.608695652173912,8.173160173160174,9.237735849056605,10,0.25022198098576715,0.8947368421052632,0.22388282509252846,64.56953642384106,3,Attacking wicket-takers
dfc4d8b5,dfc4d8b5,KW Richardson,IPL,bowl,4,2013,2021,,,,,,,,,,,,15.0,,,,,,,15.0,472.0,335.0,19.0,196.0,168.0,77.0,54.0,199.0,113.0,14.0,0.0,8.453731343283582,17.63157894736842,1.2666666666666666,0.25074626865671645,0.0,7.0,8.555555555555555,10.56637168141593,10,0.6508727924895221,0.6,0.3905236754937131,76.49006622516556,3,Attacking wicket-takers
e0407c01,e0407c01,IC Pandey,IPL,bowl,3,2013,2015,,,,,,,,,,,,24.0,,,,,,,24.0,591.0,462.0,18.0,304.0,264.0,222.0,162.0,65.0,36.0,5.0,2.0,7.675324675324676,25.666666666666668,0.75,0.06493506493506493,0.025974025974025976,6.90909090909091,8.222222222222223,10.833333333333334,10,0.15307981988465846,0.7058823529411765,0.1080563434479941,56.622516556291394,2,Economy support bowlers
e087956b,e087956b,BA Stokes,IPL,bowl,6,2017,2023,,,,,,,,,,,,38.0,,,,,,,38.0,992.0,689.0,28.0,285.0,186.0,379.0,299.0,328.0,204.0,32.0,4.0,8.638606676342526,24.607142857142858,0.7368421052631579,0.27866473149492016,0.03483309143686502,9.193548387096774,7.605351170568563,9.647058823529413,10,-0.21337514808999403,0.7916666666666666,-0.16892199223791202,32.11920529801324,3,Attacking wicket-takers
e2db2409,e2db2409,M Ashwin,IPL,bowl,7,2016,2023,,,,,,,,,,,,44.0,,,,,,,44.0,1162.0,870.0,35.0,139.0,90.0,834.0,654.0,189.0,126.0,28.0,3.0,8.013793103448275,24.857142857142858,0.7954545454545454,0.19310344827586207,0.020689655172413793,9.266666666666667,7.651376146788991,9.0,10,0.09262548595278117,0.8148148148148148,0.07547261818374755,54.3046357615894,2,Economy support bowlers
e32d22f6,e32d22f6,Pankaj Singh,IPL,bowl,5,2008,2012,,,,,,,,,,,,17.0,,,,,,,17.0,468.0,300.0,11.0,193.0,150.0,165.0,102.0,110.0,48.0,14.0,1.0,9.36,27.272727272727273,0.6470588235294118,0.28,0.02,7.72,9.705882352941178,13.75,10,-0.676907574956707,0.6296296296296297,-0.4262010657134823,13.90728476821192,3,Attacking wicket-takers
e342e5fb,e342e5fb,CR Brathwaite,IPL,bowl,4,2016,2019,,,,,,,,,,,,16.0,,,,,,,16.0,379.0,254.0,13.0,30.0,24.0,255.0,174.0,94.0,56.0,9.0,7.0,8.952755905511811,19.53846153846154,0.8125,0.2125984251968504,0.1653543307086614,7.5,8.793103448275861,10.071428571428571,10,-0.10710757182146728,0.6153846153846154,-0.06591235189013386,41.390728476821195,3,Attacking wicket-takers
e4a0deae,e4a0deae,MJ Santner,IPL,bowl,7,2019,2026,,,,,,,,,,,,35.0,,,,,,,35.0,860.0,687.0,30.0,223.0,156.0,556.0,480.0,81.0,51.0,24.0,1.0,7.510917030567686,22.9,0.8571428571428571,0.2096069868995633,0.008733624454148471,8.576923076923077,6.950000000000001,9.529411764705882,10,0.4176216711225047,0.7777777777777778,0.32481685531750354,71.8543046357616,2,Economy support bowlers
e4cdf230,e4cdf230,AS Roy,IPL,bowl,6,2019,2026,,,,,,,,,,,,20.0,,,,,,,20.0,450.0,305.0,14.0,167.0,102.0,228.0,168.0,55.0,35.0,27.0,0.0,8.852459016393443,21.785714285714285,0.7,0.5311475409836065,0.0,9.823529411764707,8.142857142857142,9.428571428571429,10,-0.2574108867928337,0.6666666666666666,-0.17160725786188927,31.456953642384107,3,Attacking wicket-takers
e62dd25d,e62dd25d,K Rabada,IPL,bowl,9,2017,2026,,,,,,,,,,,,97.0,,,,,,,97.0,3202.0,2211.0,143.0,1442.0,1023.0,661.0,516.0,1099.0,672.0,96.0,13.0,8.689280868385346,15.461538461538462,1.4742268041237114,0.26051560379918587,0.035278154681139755,8.457478005865102,7.686046511627907,9.8125,10,0.8508161532968093,0.9065420560747663,0.771300624951313,96.02649006622516,0,High-impact strike/control bowlers
e86754b2,e86754b2,TK Curran,IPL,bowl,3,2018,2021,,,,,,,,,,,,13.0,,,,,,,13.0,430.0,238.0,13.0,65.0,42.0,132.0,85.0,233.0,111.0,11.0,3.0,10.840336134453782,18.307692307692307,1.0,0.2773109243697479,0.07563025210084034,9.285714285714286,9.31764705882353,12.594594594594593,10,-0.6127847637651981,0.5652173913043478,-0.34635660560641646,18.543046357615893,3,Attacking wicket-takers
e938e1bc,e938e1bc,P Kumar,IPL,bowl,10,2008,2017,,,,,,,,,,,,119.0,,,,,,,119.0,3251.0,2524.0,90.0,1754.0,1572.0,465.0,360.0,1032.0,592.0,144.0,1.0,7.728209191759113,28.044444444444444,0.7563025210084033,0.3423137876386688,0.002377179080824089,6.694656488549619,7.75,10.45945945945946,10,0.07012357642047486,0.9224806201550387,0.06468764026384886,53.64238410596026,2,Economy support bowlers
e94915e6,e94915e6,SM Curran,IPL,bowl,6,2019,2025,,,,,,,,,,,,63.0,,,,,,,63.0,2033.0,1253.0,59.0,782.0,570.0,514.0,294.0,737.0,389.0,48.0,7.0,9.735035913806863,21.23728813559322,0.9365079365079365,0.2298483639265762,0.0335195530726257,8.23157894736842,10.489795918367346,11.367609254498714,10,-0.329302766133159,0.863013698630137,-0.2841927981697126,23.841059602649008,3,Attacking wicket-takers
e9c7f0d0,e9c7f0d0,Fazalhaq Farooqi,IPL,bowl,3,2022,2025,,,,,,,,,,,,12.0,,,,,,,12.0,437.0,254.0,6.0,196.0,132.0,118.0,72.0,123.0,50.0,12.0,0.0,10.322834645669293,42.333333333333336,0.5,0.28346456692913385,0.0,8.90909090909091,9.833333333333332,14.76,10,-1.659399165795277,0.5454545454545454,-0.9051268177065148,4.966887417218543,1,Low-wicket expensive group
ea0cdc12,ea0cdc12,BAW Mendis,IPL,bowl,4,2008,2013,,,,,,,,,,,,10.0,,,,,,,10.0,303.0,244.0,8.0,67.0,58.0,158.0,132.0,78.0,54.0,7.0,1.0,7.450819672131148,30.5,0.8,0.1721311475409836,0.02459016393442623,6.931034482758621,7.181818181818182,8.666666666666666,10,0.15761809470757465,0.5,0.07880904735378713,54.63576158940398,2,Economy support bowlers
eaa76d3c,eaa76d3c,C Green,IPL,bowl,3,2023,2026,,,,,,,,,,,,37.0,,,,,,,37.0,854.0,541.0,21.0,226.0,138.0,413.0,294.0,215.0,109.0,38.0,2.0,9.471349353049908,25.761904761904763,0.5675675675675675,0.4214417744916821,0.022181146025878003,9.826086956521738,8.428571428571427,11.8348623853211,10,-0.7656167856657965,0.7872340425531915,-0.6027195972262654,9.933774834437086,3,Attacking wicket-takers
edb3d4f8,edb3d4f8,KC Cariappa,IPL,bowl,4,2015,2019,,,,,,,,,,,,11.0,,,,,,,11.0,348.0,216.0,8.0,65.0,36.0,260.0,162.0,23.0,18.0,6.0,2.0,9.666666666666668,27.0,0.7272727272727273,0.16666666666666666,0.05555555555555555,10.833333333333334,9.62962962962963,7.666666666666666,10,-0.7016874822880084,0.5238095238095238,-0.36755058596038553,17.218543046357617,3,Attacking wicket-takers
ee7d0c82,ee7d0c82,GD McGrath,IPL,bowl,1,2008,2008,,,,,,,,,,,,14.0,,,,,,,14.0,357.0,324.0,12.0,211.0,222.0,28.0,24.0,118.0,78.0,4.0,1.0,6.611111111111111,27.0,0.8571428571428571,0.07407407407407407,0.018518518518518517,5.702702702702703,7.0,9.076923076923077,10,0.6560791497374399,0.5833333333333334,0.38271283734683975,75.82781456953643,2,Economy support bowlers
eef2536f,eef2536f,Avesh Khan,IPL,bowl,10,2017,2026,,,,,,,,,,,,82.0,,,,,,,82.0,2734.0,1767.0,93.0,965.0,605.0,715.0,510.0,1054.0,652.0,79.0,4.0,9.28353140916808,19.0,1.1341463414634145,0.26825127334465193,0.013582342954159592,9.570247933884298,8.411764705882351,9.699386503067485,10,0.13443098007347748,0.8913043478260869,0.11981891702201249,57.284768211920536,3,Attacking wicket-takers
ef5da05c,ef5da05c,AG Murtaza,IPL,bowl,4,2010,2013,,,,,,,,,,,,12.0,,,,,,,12.0,313.0,264.0,9.0,52.0,78.0,211.0,162.0,50.0,24.0,9.0,0.0,7.113636363636363,29.333333333333332,0.75,0.20454545454545453,0.0,4.0,7.814814814814815,12.5,10,0.26982132782978674,0.5454545454545454,0.14717526972533804,59.60264900662252,2,Economy support bowlers
efc04be7,efc04be7,Noor Ahmad,IPL,bowl,4,2023,2026,,,,,,,,,,,,50.0,,,,,,,50.0,1454.0,1080.0,61.0,92.0,60.0,1154.0,869.0,208.0,151.0,48.0,5.0,8.077777777777778,17.704918032786885,1.22,0.26666666666666666,0.027777777777777776,9.200000000000001,7.967779056386652,8.264900662251655,10,0.7462167483782842,0.8333333333333334,0.6218472903152368,88.74172185430463,0,High-impact strike/control bowlers
f0f628c7,f0f628c7,MM Patel,IPL,bowl,7,2008,2017,,,,,,,,,,,,63.0,,,,,,,63.0,1698.0,1355.0,74.0,762.0,654.0,397.0,396.0,539.0,305.0,17.0,11.0,7.518819188191881,18.31081081081081,1.1746031746031746,0.07527675276752768,0.04870848708487084,6.990825688073394,6.015151515151516,10.60327868852459,10,0.9002073983323451,0.863013698630137,0.7768913163690101,96.35761589403974,0,High-impact strike/control bowlers
f19ccfad,f19ccfad,Washington Sundar,IPL,bowl,10,2017,2026,,,,,,,,,,,,67.0,,,,,,,67.0,1497.0,1162.0,40.0,541.0,384.0,827.0,696.0,129.0,82.0,16.0,2.0,7.7297762478485375,29.05,0.5970149253731343,0.08261617900172118,0.010327022375215147,8.453125,7.129310344827587,9.439024390243903,10,-0.13659857941471631,0.8701298701298701,-0.11885850416605191,36.092715231788084,2,Economy support bowlers
f233bbb4,f233bbb4,ST Jayasuriya,IPL,bowl,3,2008,2010,,,,,,,,,,,,21.0,,,,,,,21.0,390.0,294.0,13.0,10.0,6.0,294.0,228.0,86.0,60.0,15.0,0.0,7.959183673469387,22.615384615384617,0.6190476190476191,0.30612244897959184,0.0,10.0,7.7368421052631575,8.6,10,-0.016632448055314317,0.6774193548387096,-0.011267142231019498,46.026490066225165,2,Economy support bowlers
f24c6701,f24c6701,M Theekshana,IPL,bowl,4,2022,2025,,,,,,,,,,,,38.0,,,,,,,38.0,1207.0,876.0,36.0,444.0,312.0,527.0,408.0,236.0,156.0,32.0,2.0,8.267123287671232,24.333333333333332,0.9473684210526315,0.2191780821917808,0.0136986301369863,8.538461538461538,7.75,9.076923076923077,10,0.17595474237016134,0.7916666666666666,0.13929750437637764,58.94039735099338,2,Economy support bowlers
f29185a1,f29185a1,Abhishek Sharma,IPL,bowl,8,2019,2026,,,,,,,,,,,,36.0,,,,,,,36.0,550.0,365.0,11.0,128.0,84.0,362.0,258.0,60.0,23.0,9.0,1.0,9.04109589041096,33.18181818181818,0.3055555555555556,0.14794520547945206,0.016438356164383564,9.142857142857142,8.418604651162791,15.652173913043478,10,-1.1009635317009363,0.782608695652174,-0.8616236335050808,5.960264900662252,1,Low-wicket expensive group
f3171936,f3171936,BW Hilfenhaus,IPL,bowl,2,2012,2014,,,,,,,,,,,,17.0,,,,,,,17.0,479.0,372.0,22.0,244.0,240.0,54.0,36.0,181.0,96.0,15.0,3.0,7.725806451612903,16.90909090909091,1.2941176470588236,0.24193548387096775,0.04838709677419355,6.1,9.0,11.3125,10,0.9914107475668074,0.6296296296296297,0.624221581801323,89.0728476821192,0,High-impact strike/control bowlers
f5180fe6,f5180fe6,MG Johnson,IPL,bowl,6,2013,2018,,,,,,,,,,,,54.0,,,,,,,54.0,1708.0,1235.0,62.0,817.0,621.0,415.0,312.0,476.0,302.0,66.0,9.0,8.297975708502024,19.919354838709676,1.1481481481481481,0.32064777327935223,0.0437246963562753,7.893719806763285,7.98076923076923,9.456953642384107,10,0.5147341362310728,0.84375,0.4343069274449676,79.13907284768213,3,Attacking wicket-takers
f62772e5,f62772e5,P Negi,IPL,bowl,8,2012,2019,,,,,,,,,,,,42.0,,,,,,,42.0,939.0,716.0,34.0,64.0,42.0,726.0,594.0,149.0,80.0,17.0,0.0,7.868715083798883,21.058823529411764,0.8095238095238095,0.1424581005586592,0.0,9.142857142857142,7.333333333333334,11.175,10,0.27602034312478607,0.8076923076923077,0.22293950790848097,64.23841059602648,2,Economy support bowlers
f6d8a7ab,f6d8a7ab,K Kartikeya,IPL,bowl,3,2022,2025,,,,,,,,,,,,16.0,,,,,,,16.0,407.0,282.0,12.0,16.0,6.0,342.0,252.0,49.0,24.0,10.0,0.0,8.659574468085106,23.5,0.75,0.21276595744680854,0.0,16.0,8.142857142857142,12.25,10,-0.17497990291462828,0.6153846153846154,-0.10767994025515602,36.423841059602644,3,Attacking wicket-takers
f708a0bc,f708a0bc,GB Hogg,IPL,bowl,4,2012,2016,,,,,,,,,,,,21.0,,,,,,,21.0,570.0,458.0,23.0,52.0,48.0,399.0,318.0,119.0,92.0,17.0,1.0,7.467248908296943,19.91304347826087,1.0952380952380953,0.22270742358078605,0.013100436681222707,6.5,7.528301886792454,7.760869565217391,10,0.7860644925695752,0.6774193548387096,0.5324953014180992,83.44370860927152,0,High-impact strike/control bowlers
f752db61,f752db61,JL Pattinson,IPL,bowl,1,2020,2020,,,,,,,,,,,,10.0,,,,,,,10.0,320.0,213.0,11.0,149.0,102.0,111.0,72.0,60.0,39.0,9.0,0.0,9.014084507042252,19.363636363636363,1.1,0.2535211267605634,0.0,8.76470588235294,9.25,9.230769230769232,10,0.19296544930179188,0.5,0.09648272465089575,55.62913907284768,3,Attacking wicket-takers
f834dcfc,f834dcfc,L Ngidi,IPL,bowl,5,2018,2026,,,,,,,,,,,,26.0,,,,,,,26.0,842.0,598.0,39.0,317.0,240.0,161.0,120.0,364.0,238.0,23.0,2.0,8.448160535117056,15.333333333333334,1.5,0.23076923076923078,0.020066889632107024,7.925,8.049999999999999,9.176470588235293,10,0.9789235377421738,0.7222222222222222,0.707000332813792,92.71523178807946,0,High-impact strike/control bowlers
f846de6a,f846de6a,MN Samuels,IPL,bowl,3,2012,2017,,,,,,,,,,,,11.0,,,,,,,11.0,284.0,214.0,9.0,81.0,78.0,116.0,84.0,87.0,52.0,6.0,0.0,7.962616822429906,23.77777777777778,0.8181818181818182,0.16822429906542055,0.0,6.230769230769232,8.285714285714285,10.038461538461538,10,0.16949681445367765,0.5238095238095238,0.08878404566621192,54.966887417218544,2,Economy support bowlers
f986ca1a,f986ca1a,HV Patel,IPL,bowl,14,2012,2026,,,,,,,,,,,,120.0,,,,,,,120.0,3690.0,2482.0,151.0,606.0,390.0,1658.0,1242.0,1426.0,850.0,154.0,21.0,8.920225624496373,16.43708609271523,1.2583333333333333,0.3722804190169218,0.050765511684125714,9.323076923076924,8.009661835748792,10.065882352941177,10,0.4909888173283415,0.9230769230769231,0.45322044676462286,80.4635761589404,3,Attacking wicket-takers
f9e6e7ef,f9e6e7ef,Shahbaz Ahmed,IPL,bowl,7,2020,2026,,,,,,,,,,,,50.0,,,,,,,50.0,1069.0,655.0,27.0,241.0,150.0,738.0,453.0,90.0,52.0,18.0,2.0,9.79236641221374,24.25925925925926,0.54,0.1648854961832061,0.0183206106870229,9.64,9.774834437086094,10.384615384615385,10,-0.8801543558164568,0.8333333333333334,-0.7334619631803808,7.28476821192053,3,Attacking wicket-takers
fa463154,fa463154,AB Agarkar,IPL,bowl,6,2008,2013,,,,,,,,,,,,42.0,,,,,,,42.0,1151.0,782.0,29.0,285.0,180.0,560.0,420.0,306.0,182.0,37.0,2.0,8.831202046035806,26.96551724137931,0.6904761904761905,0.28388746803069054,0.015345268542199489,9.5,8.0,10.087912087912088,10,-0.4097594047483898,0.8076923076923077,-0.33095951921985334,19.867549668874172,3,Attacking wicket-takers
fb2d1dda,fb2d1dda,N Rana,IPL,bowl,9,2016,2026,,,,,,,,,,,,27.0,,,,,,,27.0,325.0,216.0,10.0,63.0,37.0,235.0,156.0,27.0,23.0,7.0,0.0,9.027777777777777,21.6,0.37037037037037035,0.19444444444444442,0.0,10.216216216216216,9.038461538461538,7.043478260869566,10,-0.6878105308095076,0.7297297297297297,-0.501915792752884,11.258278145695364,3,Attacking wicket-takers
fb66ce1f,fb66ce1f,CH Morris,IPL,bowl,8,2013,2021,,,,,,,,,,,,81.0,,,,,,,81.0,2309.0,1726.0,96.0,866.0,684.0,510.0,396.0,933.0,646.0,84.0,5.0,8.02665121668598,17.979166666666668,1.1851851851851851,0.29200463499420626,0.01738122827346466,7.5964912280701755,7.727272727272727,8.6656346749226,10,0.719895588793221,0.8901098901098901,0.6407861834313285,90.39735099337747,0,High-impact strike/control bowlers
fcc21ace,fcc21ace,A Kamboj,IPL,bowl,3,2024,2026,,,,,,,,,,,,24.0,,,,,,,24.0,760.0,467.0,30.0,435.0,276.0,115.0,72.0,210.0,119.0,14.0,7.0,9.764453961456104,15.566666666666666,1.25,0.17987152034261242,0.08993576017130621,9.456521739130434,9.583333333333334,10.588235294117647,10,0.17169093449103062,0.7058823529411765,0.12119360081719799,57.615894039735096,3,Attacking wicket-takers
fd835ab3,fd835ab3,DJ Hussey,IPL,bowl,7,2008,2014,,,,,,,,,,,,26.0,,,,,,,26.0,474.0,317.0,8.0,57.0,36.0,303.0,228.0,114.0,53.0,7.0,0.0,8.971608832807572,39.625,0.3076923076923077,0.13249211356466878,0.0,9.5,7.973684210526316,12.90566037735849,10,-1.257842170795538,0.7222222222222222,-0.9084415677967775,4.635761589403973,1,Low-wicket expensive group
fe763256,fe763256,Y Venugopal Rao,IPL,bowl,6,2008,2014,,,,,,,,,,,,20.0,,,,,,,20.0,337.0,216.0,6.0,67.0,42.0,217.0,150.0,53.0,24.0,8.0,0.0,9.36111111111111,36.0,0.3,0.2222222222222222,0.0,9.571428571428573,8.68,13.25,10,-1.3159535590526579,0.6666666666666666,-0.877302372701772,5.298013245033113,1,Low-wicket expensive group
fe93fd9d,fe93fd9d,RA Jadeja,IPL,bowl,18,2008,2026,,,,,,,,,,,,234.0,,,,,,,234.0,5392.0,4212.0,178.0,198.0,144.0,4422.0,3540.0,772.0,528.0,87.0,7.0,7.680911680911681,23.662921348314608,0.7606837606837606,0.12393162393162392,0.009971509971509971,8.25,7.494915254237288,8.772727272727273,10,0.22083617227419272,0.9590163934426229,0.21178550947607003,63.576158940397356,2,Economy support bowlers
ffe699c0,ffe699c0,CJ Jordan,IPL,bowl,7,2016,2023,,,,,,,,,,,,34.0,,,,,,,34.0,1081.0,674.0,30.0,235.0,150.0,317.0,246.0,529.0,278.0,43.0,5.0,9.623145400593472,22.466666666666665,0.8823529411764706,0.3827893175074184,0.04451038575667656,9.4,7.7317073170731705,11.417266187050359,10,-0.38067333467322173,0.7727272727272727,-0.2941566677020351,23.178807947019866,3,Attacking wicket-takers
